# Ensure build layout
# Check configuration tokens
# Preparing build
# Check requirements for android
# Search for Git (git)
#  -> found at /data/data/com.termux/files/usr/bin/git
# Search for Cython (cython)
#  -> found at /data/data/com.termux/files/usr/bin/cython
# Search for Java compiler (javac)
#  -> found at /data/data/com.termux/files/usr/lib/jvm/java-17-openjdk/bin/javac
# Search for Java keytool (keytool)
#  -> found at /data/data/com.termux/files/usr/lib/jvm/java-17-openjdk/bin/keytool
# Install platform
# Run 'git config --get remote.origin.url' ...
# Cwd /data/data/com.termux/files/home/markoss/.buildozer/android/platform/python-for-android
https://github.com/kivy/python-for-android.git
# Run 'git branch -vv' ...
# Cwd /data/data/com.termux/files/home/markoss/.buildozer/android/platform/python-for-android
* master 58d21141 [origin/master] Merge pull request #3321 from kivy/release-2026.05.09
# Run '/data/data/com.termux/files/usr/bin/python3.10 -m pip install -q --user appdirs colorama>=0.3.3 jinja2 sh>=2, <3.0; sys_platform!="win32" meson ninja build toml packaging setuptools wheel~=0.43.0' ...
# Cwd None
# Apache ANT found at /data/data/com.termux/files/home/.buildozer/android/platform/apache-ant-1.9.4
# Android SDK found at /data/data/com.termux/files/home/.buildozer/android/platform/android-sdk
# Recommended android's NDK version by p4a is: 28c
# Android NDK found at /data/data/com.termux/files/home/.buildozer/android/platform/android-ndk-r28c
# Run '/data/data/com.termux/files/usr/bin/python3.10 -m pythonforandroid.toolchain aab -h --color=always --storage-dir=/data/data/com.termux/files/home/markoss/.buildozer/android/platform/build-arm64-v8a_armeabi-v7a --ndk-api=23 --ignore-setup-py --debug' ...
# Cwd /data/data/com.termux/files/home/markoss/.buildozer/android/platform/python-for-android
# Check application requirements
# Compile platform
# Run '/data/data/com.termux/files/usr/bin/python3.10 -m pythonforandroid.toolchain create --dist_name=markoss --bootstrap=sdl2 --requirements=python3,kivy==2.2.1,SpeechRecognition,requests --arch=arm64-v8a --arch=armeabi-v7a --copy-libs --color=always --storage-dir=/data/data/com.termux/files/home/markoss/.buildozer/android/platform/build-arm64-v8a_armeabi-v7a --ndk-api=23 --ignore-setup-py --debug' ...
# Cwd /data/data/com.termux/files/home/markoss/.buildozer/android/platform/python-for-android
[WARNING]: prerequisites.py is experimental and does not support all prerequisites yet.
[WARNING]: Please report any issues to the python-for-android issue tracker.
[WARNING]: prerequisites.py is experimental and does not support all prerequisites yet.
[WARNING]: Please report any issues to the python-for-android issue tracker.
[1m[INFO][0m:    Recipe kivy: version "2.2.1" requested
[1m[INFO][0m:    Will compile for the following archs: armeabi-v7a, arm64-v8a
[1m[INFO][0m:    Found Android API target in $ANDROIDAPI: 35
[1m[INFO][0m:    Available Android APIs are (35)
[1m[INFO][0m:    Requested API target 35 is available, continuing.
[1m[INFO][0m:    Found NDK dir in $ANDROIDNDK: /data/data/com.termux/files/home/.buildozer/android/platform/android-ndk-r28c
[1m[INFO][0m:    Found NDK version 28c
[1m[31m[WARNING][39m[0m: Maximum recommended NDK version is 28c, but newer versions may work.
[1m[31m[WARNING][39m[0m: Newer NDKs may not be fully supported by p4a.
[1m[INFO][0m:    Getting NDK API version (i.e. minimum supported API) from user argument
[1m[INFO][0m:    ccache is missing, the build will not be optimized in the future.
[1m[90m[DEBUG][39m[0m:   All possible dists: []
[1m[90m[DEBUG][39m[0m:   Dist matching name and arch: []
[1m[90m[DEBUG][39m[0m:   Dist matching ndk_api and recipe: []
[1m[INFO][0m:    No existing dists meet the given requirements!
[1m[90m[DEBUG][39m[0m:   Remove directory and subdirectory /data/data/com.termux/files/home/markoss/.buildozer/android/platform/build-arm64-v8a_armeabi-v7a/dists/markoss
[1m[INFO][0m:    [1m[94mNo dist exists that meets your requirements, so one will be built.[0m
[1m[INFO][0m:    Found a single valid recipe set: ['hostpython3', 'libffi', 'openssl', 'requests', 'sdl2_image', 'sdl2_mixer', 'sdl2_ttf', 'six', 'speechrecognition', 'sqlite3', 'python3', 'sdl2', 'pyjnius', 'setuptools', 'android', 'kivy']
[1m[INFO][0m:    The selected bootstrap is sdl2
[1m[INFO][0m:    [1m[32m# Creating dist with sdl2 bootstrap[0m[39m
[1m[INFO][0m:    [1m[94mDist will have name markoss and requirements (python3, kivy, SpeechRecognition, requests)[0m
[1m[INFO][0m:    Dist contains the following requirements as recipes: ['hostpython3', 'libffi', 'openssl', 'sdl2_image', 'sdl2_mixer', 'sdl2_ttf', 'sqlite3', 'python3', 'sdl2', 'pyjnius', 'setuptools', 'android', 'kivy']
[1m[INFO][0m:    Dist will also contain modules (filetype, certifi, speechrecognition, chardet, urllib3, idna, requests, six) installed from pip
[1m[INFO][0m:    Dist will be build in mode debug
[1m[INFO][0m:    [36m-> directory context /data/data/com.termux/files/home/markoss/.buildozer/android/platform/build-arm64-v8a_armeabi-v7a/build/bootstrap_builds/sdl2[39m
[1m[INFO][0m:    [36m<- directory context /data/data/com.termux/files/home/markoss/.buildozer/android/platform/python-for-android[39m
[1m[90m[DEBUG][39m[0m:   Create directory /data/data/com.termux/files/home/markoss/.buildozer/android/platform/build-arm64-v8a_armeabi-v7a/dists/markoss
[1m[INFO][0m:    [1m[94mRecipe build order is ['hostpython3', 'libffi', 'openssl', 'sdl2_image', 'sdl2_mixer', 'sdl2_ttf', 'sqlite3', 'python3', 'sdl2', 'pyjnius', 'setuptools', 'android', 'kivy'][0m
[1m[INFO][0m:    [1m[94mThe requirements (certifi, chardet, filetype, idna, requests, six, speechrecognition, urllib3) were not found as recipes, they will be installed with pip.[0m
[1m[INFO][0m:    [1m[32m# Downloading recipes [0m[39m
[1m[INFO][0m:    [1m[32mDownloading hostpython3[0m[39m
[1m[INFO][0m:    [36m-> directory context /data/data/com.termux/files/home/markoss/.buildozer/android/platform/build-arm64-v8a_armeabi-v7a/packages/hostpython3[39m
[1m[90m[DEBUG][39m[0m:   [90m->[0m running basename https://github.com/python/cpython/archive/refs/tags/v3.14.2.tar.gz[0m
[1m[90m[DEBUG][39m[0m:   	v3.14.2.tar.gz
[1m[INFO][0m:    hostpython3 download already cached, skipping
[1m[INFO][0m:    [36m<- directory context /data/data/com.termux/files/home/markoss/.buildozer/android/platform/python-for-android[39m
[1m[INFO][0m:    [1m[32mDownloading libffi[0m[39m
[1m[INFO][0m:    [36m-> directory context /data/data/com.termux/files/home/markoss/.buildozer/android/platform/build-arm64-v8a_armeabi-v7a/packages/libffi[39m
[1m[90m[DEBUG][39m[0m:   [90m->[0m running basename https://github.com/libffi/libffi/archive/v3.4.2.tar.gz[0m
[1m[90m[DEBUG][39m[0m:   	v3.4.2.tar.gz
[1m[INFO][0m:    libffi download already cached, skipping
[1m[INFO][0m:    [36m<- directory context /data/data/com.termux/files/home/markoss/.buildozer/android/platform/python-for-android[39m
[1m[INFO][0m:    [1m[32mDownloading openssl[0m[39m
[1m[INFO][0m:    [36m-> directory context /data/data/com.termux/files/home/markoss/.buildozer/android/platform/build-arm64-v8a_armeabi-v7a/packages/openssl[39m
[1m[90m[DEBUG][39m[0m:   [90m->[0m running basename https://www.openssl.org/source/openssl-3.3.1.tar.gz[0m
[1m[90m[DEBUG][39m[0m:   	openssl-3.3.1.tar.gz
[1m[INFO][0m:    openssl download already cached, skipping
[1m[INFO][0m:    [36m<- directory context /data/data/com.termux/files/home/markoss/.buildozer/android/platform/python-for-android[39m
[1m[INFO][0m:    [1m[32mDownloading sdl2_image[0m[39m
[1m[INFO][0m:    [36m-> directory context /data/data/com.termux/files/home/markoss/.buildozer/android/platform/build-arm64-v8a_armeabi-v7a/packages/sdl2_image[39m
[1m[90m[DEBUG][39m[0m:   [90m->[0m running basename https://github.com/libsdl-org/SDL_image/releases/download/release-2.8.2/SDL2_image-2.8.2.tar.gz[0m
[1m[90m[DEBUG][39m[0m:   	SDL2_image-2.8.2.tar.gz
[1m[INFO][0m:    sdl2_image download already cached, skipping
[1m[INFO][0m:    [36m<- directory context /data/data/com.termux/files/home/markoss/.buildozer/android/platform/python-for-android[39m
[1m[INFO][0m:    [1m[32mDownloading sdl2_mixer[0m[39m
[1m[INFO][0m:    [36m-> directory context /data/data/com.termux/files/home/markoss/.buildozer/android/platform/build-arm64-v8a_armeabi-v7a/packages/sdl2_mixer[39m
[1m[90m[DEBUG][39m[0m:   [90m->[0m running basename https://github.com/libsdl-org/SDL_mixer/releases/download/release-2.6.3/SDL2_mixer-2.6.3.tar.gz[0m
[1m[90m[DEBUG][39m[0m:   	SDL2_mixer-2.6.3.tar.gz
[1m[INFO][0m:    sdl2_mixer download already cached, skipping
[1m[INFO][0m:    [36m<- directory context /data/data/com.termux/files/home/markoss/.buildozer/android/platform/python-for-android[39m
[1m[INFO][0m:    [1m[32mDownloading sdl2_ttf[0m[39m
[1m[INFO][0m:    [36m-> directory context /data/data/com.termux/files/home/markoss/.buildozer/android/platform/build-arm64-v8a_armeabi-v7a/packages/sdl2_ttf[39m
[1m[90m[DEBUG][39m[0m:   [90m->[0m running basename https://github.com/libsdl-org/SDL_ttf/releases/download/release-2.22.0/SDL2_ttf-2.22.0.tar.gz[0m
[1m[90m[DEBUG][39m[0m:   	SDL2_ttf-2.22.0.tar.gz
[1m[INFO][0m:    sdl2_ttf download already cached, skipping
[1m[INFO][0m:    [36m<- directory context /data/data/com.termux/files/home/markoss/.buildozer/android/platform/python-for-android[39m
[1m[INFO][0m:    [1m[32mDownloading sqlite3[0m[39m
[1m[INFO][0m:    [36m-> directory context /data/data/com.termux/files/home/markoss/.buildozer/android/platform/build-arm64-v8a_armeabi-v7a/packages/sqlite3[39m
[1m[90m[DEBUG][39m[0m:   [90m->[0m running basename https://github.com/sqlite/sqlite/archive/refs/tags/version-3.50.4.tar.gz[0m
[1m[90m[DEBUG][39m[0m:   	version-3.50.4.tar.gz
[1m[INFO][0m:    sqlite3 download already cached, skipping
[1m[INFO][0m:    [36m<- directory context /data/data/com.termux/files/home/markoss/.buildozer/android/platform/python-for-android[39m
[1m[INFO][0m:    [1m[32mDownloading python3[0m[39m
[1m[INFO][0m:    [36m-> directory context /data/data/com.termux/files/home/markoss/.buildozer/android/platform/build-arm64-v8a_armeabi-v7a/packages/python3[39m
[1m[90m[DEBUG][39m[0m:   [90m->[0m running basename https://github.com/python/cpython/archive/refs/tags/v3.14.2.tar.gz[0m
[1m[90m[DEBUG][39m[0m:   	v3.14.2.tar.gz
[1m[INFO][0m:    python3 download already cached, skipping
[1m[INFO][0m:    [36m<- directory context /data/data/com.termux/files/home/markoss/.buildozer/android/platform/python-for-android[39m
[1m[INFO][0m:    [1m[32mDownloading sdl2[0m[39m
[1m[INFO][0m:    [36m-> directory context /data/data/com.termux/files/home/markoss/.buildozer/android/platform/build-arm64-v8a_armeabi-v7a/packages/sdl2[39m
[1m[90m[DEBUG][39m[0m:   [90m->[0m running basename https://github.com/libsdl-org/SDL/releases/download/release-2.30.11/SDL2-2.30.11.tar.gz[0m
[1m[90m[DEBUG][39m[0m:   	SDL2-2.30.11.tar.gz
[1m[INFO][0m:    sdl2 download already cached, skipping
[1m[INFO][0m:    [36m<- directory context /data/data/com.termux/files/home/markoss/.buildozer/android/platform/python-for-android[39m
[1m[INFO][0m:    [1m[32mDownloading pyjnius[0m[39m
[1m[INFO][0m:    [36m-> directory context /data/data/com.termux/files/home/markoss/.buildozer/android/platform/build-arm64-v8a_armeabi-v7a/packages/pyjnius[39m
[1m[90m[DEBUG][39m[0m:   [90m->[0m running basename https://github.com/kivy/pyjnius/archive/1.7.0.zip[0m
[1m[90m[DEBUG][39m[0m:   	1.7.0.zip
[1m[INFO][0m:    pyjnius download already cached, skipping
[1m[INFO][0m:    [36m<- directory context /data/data/com.termux/files/home/markoss/.buildozer/android/platform/python-for-android[39m
[1m[INFO][0m:    [1m[32mDownloading setuptools[0m[39m
[1m[INFO][0m:    Skipping setuptools download as no URL is set
[1m[INFO][0m:    [1m[32mDownloading android[0m[39m
[1m[INFO][0m:    Skipping android download as no URL is set
[1m[INFO][0m:    [1m[32mDownloading kivy[0m[39m
[1m[INFO][0m:    [36m-> directory context /data/data/com.termux/files/home/markoss/.buildozer/android/platform/build-arm64-v8a_armeabi-v7a/packages/kivy[39m
[1m[90m[DEBUG][39m[0m:   [90m->[0m running basename https://github.com/kivy/kivy/archive/2.2.1.zip[0m
[1m[90m[DEBUG][39m[0m:   	2.2.1.zip
[1m[INFO][0m:    kivy download already cached, skipping
[1m[INFO][0m:    [36m<- directory context /data/data/com.termux/files/home/markoss/.buildozer/android/platform/python-for-android[39m
[1m[INFO][0m:    [1m[32m# Building all recipes for arch armeabi-v7a[0m[39m
[1m[INFO][0m:    [1m[32m# Unpacking recipes[0m[39m
[1m[INFO][0m:    [1m[32mUnpacking hostpython3 for armeabi-v7a[0m[39m
[1m[90m[DEBUG][39m[0m:   [90m->[0m running basename https://github.com/python/cpython/archive/refs/tags/v3.14.2.tar.gz[0m
[1m[90m[DEBUG][39m[0m:   	v3.14.2.tar.gz
[1m[INFO][0m:    [36m-> directory context /data/data/com.termux/files/home/markoss/.buildozer/android/platform/build-arm64-v8a_armeabi-v7a/build/other_builds/hostpython3/desktop[39m
[1m[INFO][0m:    hostpython3 is already unpacked, skipping
[1m[INFO][0m:    [36m<- directory context /data/data/com.termux/files/home/markoss/.buildozer/android/platform/python-for-android[39m
[1m[INFO][0m:    [1m[32mUnpacking libffi for armeabi-v7a[0m[39m
[1m[90m[DEBUG][39m[0m:   [90m->[0m running basename https://github.com/libffi/libffi/archive/v3.4.2.tar.gz[0m
[1m[90m[DEBUG][39m[0m:   	v3.4.2.tar.gz
[1m[INFO][0m:    [36m-> directory context /data/data/com.termux/files/home/markoss/.buildozer/android/platform/build-arm64-v8a_armeabi-v7a/build/other_builds/libffi/armeabi-v7a__ndk_target_23[39m
[1m[INFO][0m:    libffi is already unpacked, skipping
[1m[INFO][0m:    [36m<- directory context /data/data/com.termux/files/home/markoss/.buildozer/android/platform/python-for-android[39m
[1m[INFO][0m:    [1m[32mUnpacking openssl for armeabi-v7a[0m[39m
[1m[90m[DEBUG][39m[0m:   [90m->[0m running basename https://www.openssl.org/source/openssl-3.3.1.tar.gz[0m
[1m[90m[DEBUG][39m[0m:   	openssl-3.3.1.tar.gz
[1m[INFO][0m:    [36m-> directory context /data/data/com.termux/files/home/markoss/.buildozer/android/platform/build-arm64-v8a_armeabi-v7a/build/other_builds/openssl/armeabi-v7a__ndk_target_23[39m
[1m[INFO][0m:    openssl is already unpacked, skipping
[1m[INFO][0m:    [36m<- directory context /data/data/com.termux/files/home/markoss/.buildozer/android/platform/python-for-android[39m
[1m[INFO][0m:    [1m[32mUnpacking sdl2_image for armeabi-v7a[0m[39m
[1m[90m[DEBUG][39m[0m:   [90m->[0m running basename https://github.com/libsdl-org/SDL_image/releases/download/release-2.8.2/SDL2_image-2.8.2.tar.gz[0m
[1m[90m[DEBUG][39m[0m:   	SDL2_image-2.8.2.tar.gz
[1m[INFO][0m:    [36m-> directory context /data/data/com.termux/files/home/markoss/.buildozer/android/platform/build-arm64-v8a_armeabi-v7a/build/bootstrap_builds/sdl2/jni[39m
[1m[INFO][0m:    sdl2_image is already unpacked, skipping
[1m[INFO][0m:    [36m<- directory context /data/data/com.termux/files/home/markoss/.buildozer/android/platform/python-for-android[39m
[1m[INFO][0m:    [1m[32mUnpacking sdl2_mixer for armeabi-v7a[0m[39m
[1m[90m[DEBUG][39m[0m:   [90m->[0m running basename https://github.com/libsdl-org/SDL_mixer/releases/download/release-2.6.3/SDL2_mixer-2.6.3.tar.gz[0m
[1m[90m[DEBUG][39m[0m:   	SDL2_mixer-2.6.3.tar.gz
[1m[INFO][0m:    [36m-> directory context /data/data/com.termux/files/home/markoss/.buildozer/android/platform/build-arm64-v8a_armeabi-v7a/build/bootstrap_builds/sdl2/jni[39m
[1m[INFO][0m:    sdl2_mixer is already unpacked, skipping
[1m[INFO][0m:    [36m<- directory context /data/data/com.termux/files/home/markoss/.buildozer/android/platform/python-for-android[39m
[1m[INFO][0m:    [1m[32mUnpacking sdl2_ttf for armeabi-v7a[0m[39m
[1m[90m[DEBUG][39m[0m:   [90m->[0m running basename https://github.com/libsdl-org/SDL_ttf/releases/download/release-2.22.0/SDL2_ttf-2.22.0.tar.gz[0m
[1m[90m[DEBUG][39m[0m:   	SDL2_ttf-2.22.0.tar.gz
[1m[INFO][0m:    [36m-> directory context /data/data/com.termux/files/home/markoss/.buildozer/android/platform/build-arm64-v8a_armeabi-v7a/build/bootstrap_builds/sdl2/jni[39m
[1m[INFO][0m:    sdl2_ttf is already unpacked, skipping
[1m[INFO][0m:    [36m<- directory context /data/data/com.termux/files/home/markoss/.buildozer/android/platform/python-for-android[39m
[1m[INFO][0m:    [1m[32mUnpacking sqlite3 for armeabi-v7a[0m[39m
[1m[90m[DEBUG][39m[0m:   [90m->[0m running basename https://github.com/sqlite/sqlite/archive/refs/tags/version-3.50.4.tar.gz[0m
[1m[90m[DEBUG][39m[0m:   	version-3.50.4.tar.gz
[1m[INFO][0m:    [36m-> directory context /data/data/com.termux/files/home/markoss/.buildozer/android/platform/build-arm64-v8a_armeabi-v7a/build/other_builds/sqlite3/armeabi-v7a__ndk_target_23[39m
[1m[INFO][0m:    sqlite3 is already unpacked, skipping
[1m[INFO][0m:    [36m<- directory context /data/data/com.termux/files/home/markoss/.buildozer/android/platform/python-for-android[39m
[1m[INFO][0m:    [1m[32mUnpacking python3 for armeabi-v7a[0m[39m
[1m[90m[DEBUG][39m[0m:   [90m->[0m running basename https://github.com/python/cpython/archive/refs/tags/v3.14.2.tar.gz[0m
[1m[90m[DEBUG][39m[0m:   	v3.14.2.tar.gz
[1m[INFO][0m:    [36m-> directory context /data/data/com.termux/files/home/markoss/.buildozer/android/platform/build-arm64-v8a_armeabi-v7a/build/other_builds/python3/armeabi-v7a__ndk_target_23[39m
[1m[INFO][0m:    python3 is already unpacked, skipping
[1m[INFO][0m:    [36m<- directory context /data/data/com.termux/files/home/markoss/.buildozer/android/platform/python-for-android[39m
[1m[INFO][0m:    [1m[32mUnpacking sdl2 for armeabi-v7a[0m[39m
[1m[90m[DEBUG][39m[0m:   [90m->[0m running basename https://github.com/libsdl-org/SDL/releases/download/release-2.30.11/SDL2-2.30.11.tar.gz[0m
[1m[90m[DEBUG][39m[0m:   	SDL2-2.30.11.tar.gz
[1m[INFO][0m:    [36m-> directory context /data/data/com.termux/files/home/markoss/.buildozer/android/platform/build-arm64-v8a_armeabi-v7a/build/bootstrap_builds/sdl2/jni[39m
[1m[INFO][0m:    sdl2 is already unpacked, skipping
[1m[INFO][0m:    [36m<- directory context /data/data/com.termux/files/home/markoss/.buildozer/android/platform/python-for-android[39m
[1m[INFO][0m:    [1m[32mUnpacking pyjnius for armeabi-v7a[0m[39m
[1m[90m[DEBUG][39m[0m:   [90m->[0m running basename https://github.com/kivy/pyjnius/archive/1.7.0.zip[0m
[1m[90m[DEBUG][39m[0m:   	1.7.0.zip
[1m[INFO][0m:    [36m-> directory context /data/data/com.termux/files/home/markoss/.buildozer/android/platform/build-arm64-v8a_armeabi-v7a/build/other_builds/pyjnius-sdl2/armeabi-v7a__ndk_target_23[39m
[1m[INFO][0m:    pyjnius is already unpacked, skipping
[1m[INFO][0m:    [36m<- directory context /data/data/com.termux/files/home/markoss/.buildozer/android/platform/python-for-android[39m
[1m[INFO][0m:    [1m[32mUnpacking setuptools for armeabi-v7a[0m[39m
[1m[INFO][0m:    Skipping setuptools unpack as no URL is set
[1m[90m[DEBUG][39m[0m:   Remove directory and subdirectory /data/data/com.termux/files/home/markoss/.buildozer/android/platform/build-arm64-v8a_armeabi-v7a/build/other_builds/android-sdl2/armeabi-v7a__ndk_target_23/android
[1m[90m[DEBUG][39m[0m:   [90m->[0m running cp -a /data/data/com.termux/files/home/markoss/.buildozer/android/platform/python-for-android/pythonforandroid/recipes/android/src /data/data/com.termux/files/home/markoss/.buildozer/android/platform/build-arm64-v8a_armeabi-v7a/build/other_builds/android-sdl2/armeabi-v7a__ndk_target_23/android[0m
[1m[INFO][0m:    [1m[32mUnpacking kivy for armeabi-v7a[0m[39m
[1m[90m[DEBUG][39m[0m:   [90m->[0m running basename https://github.com/kivy/kivy/archive/2.2.1.zip[0m
[1m[90m[DEBUG][39m[0m:   	2.2.1.zip
[1m[INFO][0m:    [36m-> directory context /data/data/com.termux/files/home/markoss/.buildozer/android/platform/build-arm64-v8a_armeabi-v7a/build/other_builds/kivy-sdl2/armeabi-v7a__ndk_target_23[39m
[1m[INFO][0m:    kivy is already unpacked, skipping
[1m[INFO][0m:    [36m<- directory context /data/data/com.termux/files/home/markoss/.buildozer/android/platform/python-for-android[39m
[1m[INFO][0m:    [1m[32m# Prebuilding recipes[0m[39m
[1m[INFO][0m:    python3 has no prebuild_armeabi_v7a, skipping
[1m[INFO][0m:    [1m[32mPrebuilding hostpython3 for armeabi-v7a[0m[39m
[1m[INFO][0m:    hostpython3 has no prebuild_armeabi_v7a, skipping
[1m[INFO][0m:    [1m[32mApplying patches for hostpython3[armeabi-v7a][0m[39m
[1m[INFO][0m:    [1m[32mhostpython3 already patched, skipping[0m[39m
[1m[INFO][0m:    [1m[32mPrebuilding libffi for armeabi-v7a[0m[39m
[1m[INFO][0m:    libffi has no prebuild_armeabi_v7a, skipping
[1m[INFO][0m:    [1m[32mApplying patches for libffi[armeabi-v7a][0m[39m
[1m[INFO][0m:    [1m[32mlibffi already patched, skipping[0m[39m
[1m[INFO][0m:    [1m[32mPrebuilding openssl for armeabi-v7a[0m[39m
[1m[INFO][0m:    openssl has no prebuild_armeabi_v7a, skipping
[1m[INFO][0m:    [1m[32mPrebuilding sdl2_image for armeabi-v7a[0m[39m
[1m[INFO][0m:    sdl2_image has no prebuild_armeabi_v7a, skipping
[1m[INFO][0m:    [1m[32mApplying patches for sdl2_image[armeabi-v7a][0m[39m
[1m[INFO][0m:    [1m[32msdl2_image already patched, skipping[0m[39m
[1m[INFO][0m:    [1m[32mPrebuilding sdl2_mixer for armeabi-v7a[0m[39m
[1m[INFO][0m:    sdl2_mixer has no prebuild_armeabi_v7a, skipping
[1m[INFO][0m:    [1m[32mPrebuilding sdl2_ttf for armeabi-v7a[0m[39m
[1m[INFO][0m:    sdl2_ttf has no prebuild_armeabi_v7a, skipping
[1m[INFO][0m:    [1m[32mPrebuilding sqlite3 for armeabi-v7a[0m[39m
[1m[INFO][0m:    sqlite3 has no prebuild_armeabi_v7a, skipping
[1m[INFO][0m:    [1m[32mPrebuilding python3 for armeabi-v7a[0m[39m
[1m[INFO][0m:    python3 has no prebuild_armeabi_v7a, skipping
[1m[INFO][0m:    [1m[32mApplying patches for python3[armeabi-v7a][0m[39m
[1m[INFO][0m:    [1m[32mpython3 already patched, skipping[0m[39m
[1m[INFO][0m:    [1m[32mPrebuilding sdl2 for armeabi-v7a[0m[39m
[1m[INFO][0m:    sdl2 has no prebuild_armeabi_v7a, skipping
[1m[INFO][0m:    [1m[32mPrebuilding pyjnius for armeabi-v7a[0m[39m
[1m[INFO][0m:    pyjnius has no prebuild_armeabi_v7a, skipping
[1m[INFO][0m:    [1m[32mApplying patches for pyjnius[armeabi-v7a][0m[39m
[1m[INFO][0m:    [1m[32mpyjnius already patched, skipping[0m[39m
[1m[INFO][0m:    [1m[32mPrebuilding setuptools for armeabi-v7a[0m[39m
[1m[INFO][0m:    setuptools has no prebuild_armeabi_v7a, skipping
[1m[INFO][0m:    [1m[32mPrebuilding android for armeabi-v7a[0m[39m
[1m[INFO][0m:    android has no prebuild_armeabi_v7a, skipping
[1m[INFO][0m:    [36m-> directory context /data/data/com.termux/files/home/markoss/.buildozer/android/platform/build-arm64-v8a_armeabi-v7a/build/other_builds/android-sdl2/armeabi-v7a__ndk_target_23/android[39m
[1m[INFO][0m:    [36m<- directory context /data/data/com.termux/files/home/markoss/.buildozer/android/platform/python-for-android[39m
[1m[INFO][0m:    [1m[32mPrebuilding kivy for armeabi-v7a[0m[39m
[1m[INFO][0m:    kivy has no prebuild_armeabi_v7a, skipping
[1m[INFO][0m:    [1m[32mApplying patches for kivy[armeabi-v7a][0m[39m
[1m[INFO][0m:    [1m[32mkivy already patched, skipping[0m[39m
[1m[INFO][0m:    [1m[32m# Building recipes[0m[39m
[1m[INFO][0m:    [1m[32mBuilding hostpython3 for armeabi-v7a[0m[39m
[1m[31m[WARNING][39m[0m: pkg-config location is not supported on linux for prerequisite: openssl
[1m[INFO][0m:    [36m-> directory context /data/data/com.termux/files/home/markoss/.buildozer/android/platform/build-arm64-v8a_armeabi-v7a/build/other_builds/hostpython3/desktop/hostpython3/native-build[39m
[1m[90m[DEBUG][39m[0m:   [90m->[0m running configure --prefix /data/data/com.termux/files/home/markoss/.buildozer/android/platform/build-arm64-v8a_armeabi-v7a/build/other_builds/hostpython3/desktop/hostpython3/native-build/root/usr/local/[0m
[1m[90m[DEBUG][39m[0m:   	checking build system type... aarch64-unknown-linux-android
[1m[90m[DEBUG][39m[0m:   	checking host system type... aarch64-unknown-linux-android
[1m[90m[DEBUG][39m[0m:   	checking for Python interpreter freezing... ./_bootstrap_python
[1m[90m[DEBUG][39m[0m:   	checking for python3.14... python3.14
[1m[90m[DEBUG][39m[0m:   	checking Python for regen version... Python 3.14.6
[1m[90m[DEBUG][39m[0m:   	checking for pkg-config... /data/data/com.termux/files/usr/bin/pkg-config
[1m[90m[DEBUG][39m[0m:   	checking pkg-config is at least version 0.9.0... yes
[1m[90m[DEBUG][39m[0m:   	checking MACHDEP... "linux"
[1m[90m[DEBUG][39m[0m:   	checking for --enable-universalsdk... no
[1m[90m[DEBUG][39m[0m:   	checking for --with-universal-archs... no
[1m[90m[DEBUG][39m[0m:   	checking for --with-app-store-compliance... not patching for app store compliance
[1m[90m[DEBUG][39m[0m:   	checking for gcc... gcc
[1m[90m[DEBUG][39m[0m:   	checking whether the C compiler works... yes
[1m[90m[DEBUG][39m[0m:   	checking for C compiler default output file name... a.out
[1m[90m[DEBUG][39m[0m:   	checking for suffix of executables...
[1m[90m[DEBUG][39m[0m:   	checking whether we are cross compiling... no
[1m[90m[DEBUG][39m[0m:   	checking for suffix of object files... o
[1m[90m[DEBUG][39m[0m:   	checking whether the compiler supports GNU C... yes
[1m[90m[DEBUG][39m[0m:   	checking whether gcc accepts -g... yes
[1m[90m[DEBUG][39m[0m:   	checking for gcc option to enable C11 features... none needed
[1m[90m[DEBUG][39m[0m:   	checking how to run the C preprocessor... gcc -E
[1m[90m[DEBUG][39m[0m:   	checking for grep that handles long lines and -e... /data/data/com.termux/files/usr/bin/grep
[1m[90m[DEBUG][39m[0m:   	checking for a sed that does not truncate output... /data/data/com.termux/files/usr/bin/sed
[1m[90m[DEBUG][39m[0m:   	checking for egrep... /data/data/com.termux/files/usr/bin/grep -E
[1m[90m[DEBUG][39m[0m:   	checking for CC compiler name... clang
[1m[90m[DEBUG][39m[0m:   	checking for stdio.h... yes
[1m[90m[DEBUG][39m[0m:   	checking for stdlib.h... yes
[1m[90m[DEBUG][39m[0m:   	checking for string.h... yes
[1m[90m[DEBUG][39m[0m:   	checking for inttypes.h... yes
[1m[90m[DEBUG][39m[0m:   	checking for stdint.h... yes
[1m[90m[DEBUG][39m[0m:   	checking for strings.h... yes
[1m[90m[DEBUG][39m[0m:   	checking for sys/stat.h... yes
[1m[90m[DEBUG][39m[0m:   	checking for sys/types.h... yes
[1m[90m[DEBUG][39m[0m:   	checking for unistd.h... yes
[1m[90m[DEBUG][39m[0m:   	checking for wchar.h... yes
[1m[90m[DEBUG][39m[0m:   	checking for minix/config.h... no
[1m[90m[DEBUG][39m[0m:   	checking whether it is safe to define __EXTENSIONS__... yes
[1m[90m[DEBUG][39m[0m:   	checking whether _XOPEN_SOURCE should be defined... no
[1m[90m[DEBUG][39m[0m:   	checking for GCC compatible compiler... yes
[1m[90m[DEBUG][39m[0m:   	checking for clang++... no
[1m[90m[DEBUG][39m[0m:   	configure:
[1m[90m[DEBUG][39m[0m:   	
[1m[90m[DEBUG][39m[0m:   	  By default, distutils will build C++ extension modules with "clang++".
[1m[90m[DEBUG][39m[0m:   	  If this is not intended, then set CXX on the configure command line.
[1m[90m[DEBUG][39m[0m:   	
[1m[90m[DEBUG][39m[0m:   	checking for the platform triplet based on compiler characteristics... aarch64-linux-android
[1m[90m[DEBUG][39m[0m:   	checking for multiarch... aarch64-linux-android
[1m[90m[DEBUG][39m[0m:   	checking for PEP 11 support tier... aarch64-unknown-linux-android/clang has tier 3 (partially supported)
[1m[90m[DEBUG][39m[0m:   	checking for -Wl,--no-as-needed... yes
[1m[90m[DEBUG][39m[0m:   	checking for the Android API level... 24
[1m[90m[DEBUG][39m[0m:   	checking for the Android arm ABI... 8
[1m[90m[DEBUG][39m[0m:   	checking for --enable-wasm-dynamic-linking... missing
[1m[90m[DEBUG][39m[0m:   	checking for --enable-wasm-pthreads... missing
[1m[90m[DEBUG][39m[0m:   	checking for --with-suffix...
[1m[90m[DEBUG][39m[0m:   	checking for case-insensitive build directory... no
[1m[90m[DEBUG][39m[0m:   	checking LIBRARY... libpython$(VERSION)$(ABIFLAGS).a
[1m[90m[DEBUG][39m[0m:   	checking LINKCC... $(PURIFY) $(CC)
[1m[90m[DEBUG][39m[0m:   	checking EXPORTSYMS...
[1m[90m[DEBUG][39m[0m:   	checking for GNU ld... yes
[1m[90m[DEBUG][39m[0m:   	checking for --enable-shared... no
[1m[90m[DEBUG][39m[0m:   	checking for --with-static-libpython... yes
[1m[90m[DEBUG][39m[0m:   	checking for --enable-profiling... no
[1m[90m[DEBUG][39m[0m:   	checking LDLIBRARY... libpython$(VERSION)$(ABIFLAGS).a
[1m[90m[DEBUG][39m[0m:   	checking HOSTRUNNER...
[1m[90m[DEBUG][39m[0m:   	checking for ar... ar
[1m[90m[DEBUG][39m[0m:   	checking for a BSD-compatible install... /data/data/com.termux/files/usr/bin/install -c
[1m[90m[DEBUG][39m[0m:   	checking for a race-free mkdir -p... /data/data/com.termux/files/usr/bin/mkdir -p
[1m[90m[DEBUG][39m[0m:   	checking for --disable-gil... no
[1m[90m[DEBUG][39m[0m:   	checking for --with-pydebug... no
[1m[90m[DEBUG][39m[0m:   	checking for --with-trace-refs... no
[1m[90m[DEBUG][39m[0m:   	checking for --enable-pystats... no
[1m[90m[DEBUG][39m[0m:   	checking for --with-assertions... no
[1m[90m[DEBUG][39m[0m:   	checking for --enable-optimizations... no
[1m[90m[DEBUG][39m[0m:   	checking PROFILE_TASK... -m test --pgo --timeout=$(TESTTIMEOUT)
[1m[90m[DEBUG][39m[0m:   	/data/data/com.termux/files/home/markoss/.buildozer/android/platform/build-arm64-v8a_armeabi-v7a/build/other_builds/hostpython3/desktop/hostpython3/configure: 1: which: not found
[1m[90m[DEBUG][39m[0m:   	checking for --with-lto... no
[1m[90m[DEBUG][39m[0m:   	checking for llvm-profdata... /data/data/com.termux/files/usr/bin/llvm-profdata
[1m[90m[DEBUG][39m[0m:   	checking for --enable-bolt... no
[1m[90m[DEBUG][39m[0m:   	checking BOLT_COMMON_FLAGS... checking BOLT_INSTRUMENT_FLAGS...  -update-debug-sections -skip-funcs=_PyEval_EvalFrameDefault,sre_ucs1_match/1,sre_ucs2_match/1,sre_ucs4_match/1
[1m[90m[DEBUG][39m[0m:   	checking BOLT_APPLY_FLAGS...   -update-debug-sections -skip-funcs=_PyEval_EvalFrameDefault,sre_ucs1_match/1,sre_ucs2_match/1,sre_ucs4_match/1  -reorder-blocks=ext-tsp -reorder-functions=cdsort -split-functions -icf=1 -inline-all -split-eh -reorder-functions-use-hot-size -peepholes=none -jump-tables=aggressive -inline-ap -indirect-call-promotion=all -dyno-stats -use-gnu-stack -frame-opt=hot
[1m[90m[DEBUG][39m[0m:   	checking if gcc supports -fstrict-overflow and -fno-strict-overflow... yes
[1m[90m[DEBUG][39m[0m:   	checking for --with-strict-overflow... no
[1m[90m[DEBUG][39m[0m:   	checking if gcc supports -Og optimization level... yes
[1m[90m[DEBUG][39m[0m:   	checking for --enable-safety... no
[1m[90m[DEBUG][39m[0m:   	checking for --enable-slower-safety... no
[1m[90m[DEBUG][39m[0m:   	checking if we can add -Wextra... yes
[1m[90m[DEBUG][39m[0m:   	checking whether gcc -fno-strict-aliasing accepts and needs -fno-strict-aliasing... no
[1m[90m[DEBUG][39m[0m:   	checking if we can disable gcc unused-parameter warning... yes
[1m[90m[DEBUG][39m[0m:   	checking if we can disable gcc int-conversion warning... yes
[1m[90m[DEBUG][39m[0m:   	checking if we can disable gcc missing-field-initializers warning... yes
[1m[90m[DEBUG][39m[0m:   	checking if we can enable gcc sign-compare warning... yes
[1m[90m[DEBUG][39m[0m:   	checking if we can enable gcc unreachable-code warning... yes
[1m[90m[DEBUG][39m[0m:   	checking if we can enable gcc strict-prototypes warning... yes
[1m[90m[DEBUG][39m[0m:   	checking if we can make implicit function declaration an error in gcc -Werror=implicit-function-declaration... yes
[1m[90m[DEBUG][39m[0m:   	checking if we can use visibility in gcc -fvisibility=hidden... yes
[1m[90m[DEBUG][39m[0m:   	checking for --enable-experimental-jit...
[1m[90m[DEBUG][39m[0m:   	checking whether pthreads are available without options... yes
[1m[90m[DEBUG][39m[0m:   	checking whether clang++ also accepts flags for thread support... no
[1m[90m[DEBUG][39m[0m:   	checking for alloca.h... yes
[1m[90m[DEBUG][39m[0m:   	checking for asm/types.h... yes
[1m[90m[DEBUG][39m[0m:   	checking for bluetooth.h... no
[1m[90m[DEBUG][39m[0m:   	checking for conio.h... no
[1m[90m[DEBUG][39m[0m:   	checking for direct.h... no
[1m[90m[DEBUG][39m[0m:   	checking for dlfcn.h... yes
[1m[90m[DEBUG][39m[0m:   	checking for endian.h... yes
[1m[90m[DEBUG][39m[0m:   	checking for errno.h... yes
[1m[90m[DEBUG][39m[0m:   	checking for fcntl.h... yes
[1m[90m[DEBUG][39m[0m:   	checking for grp.h... yes
[1m[90m[DEBUG][39m[0m:   	checking for io.h... no
[1m[90m[DEBUG][39m[0m:   	checking for langinfo.h... yes
[1m[90m[DEBUG][39m[0m:   	checking for libintl.h... yes
[1m[90m[DEBUG][39m[0m:   	checking for libutil.h... no
[1m[90m[DEBUG][39m[0m:   	checking for linux/auxvec.h... yes
[1m[90m[DEBUG][39m[0m:   	checking for sys/auxv.h... yes
[1m[90m[DEBUG][39m[0m:   	checking for linux/fs.h... yes
[1m[90m[DEBUG][39m[0m:   	checking for linux/limits.h... yes
[1m[90m[DEBUG][39m[0m:   	checking for linux/memfd.h... yes
[1m[90m[DEBUG][39m[0m:   	checking for linux/netfilter_ipv4.h... yes
[1m[90m[DEBUG][39m[0m:   	checking for linux/random.h... yes
[1m[90m[DEBUG][39m[0m:   	checking for linux/soundcard.h... yes
[1m[90m[DEBUG][39m[0m:   	checking for linux/sched.h... yes
[1m[90m[DEBUG][39m[0m:   	checking for linux/tipc.h... yes
[1m[90m[DEBUG][39m[0m:   	checking for linux/wait.h... yes
[1m[90m[DEBUG][39m[0m:   	checking for netdb.h... yes
[1m[90m[DEBUG][39m[0m:   	checking for net/ethernet.h... yes
[1m[90m[DEBUG][39m[0m:   	checking for netinet/in.h... yes
[1m[90m[DEBUG][39m[0m:   	checking for netpacket/packet.h... yes
[1m[90m[DEBUG][39m[0m:   	checking for poll.h... yes
[1m[90m[DEBUG][39m[0m:   	checking for process.h... no
[1m[90m[DEBUG][39m[0m:   	checking for pthread.h... yes
[1m[90m[DEBUG][39m[0m:   	checking for pty.h... yes
[1m[90m[DEBUG][39m[0m:   	checking for sched.h... yes
[1m[90m[DEBUG][39m[0m:   	checking for setjmp.h... yes
[1m[90m[DEBUG][39m[0m:   	checking for shadow.h... no
[1m[90m[DEBUG][39m[0m:   	checking for signal.h... yes
[1m[90m[DEBUG][39m[0m:   	checking for spawn.h... yes
[1m[90m[DEBUG][39m[0m:   	checking for stropts.h... no
[1m[90m[DEBUG][39m[0m:   	checking for sys/audioio.h... no
[1m[90m[DEBUG][39m[0m:   	checking for sys/bsdtty.h... no
[1m[90m[DEBUG][39m[0m:   	checking for sys/devpoll.h... no
[1m[90m[DEBUG][39m[0m:   	checking for sys/endian.h... yes
[1m[90m[DEBUG][39m[0m:   	checking for sys/epoll.h... yes
[1m[90m[DEBUG][39m[0m:   	checking for sys/event.h... no
[1m[90m[DEBUG][39m[0m:   	checking for sys/eventfd.h... yes
[1m[90m[DEBUG][39m[0m:   	checking for sys/file.h... yes
[1m[90m[DEBUG][39m[0m:   	checking for sys/ioctl.h... yes
[1m[90m[DEBUG][39m[0m:   	checking for sys/kern_control.h... no
[1m[90m[DEBUG][39m[0m:   	checking for sys/loadavg.h... no
[1m[90m[DEBUG][39m[0m:   	checking for sys/lock.h... no
[1m[90m[DEBUG][39m[0m:   	checking for sys/memfd.h... no
[1m[90m[DEBUG][39m[0m:   	checking for sys/mkdev.h... no
[1m[90m[DEBUG][39m[0m:   	checking for sys/mman.h... yes
[1m[90m[DEBUG][39m[0m:   	checking for sys/modem.h... no
[1m[90m[DEBUG][39m[0m:   	checking for sys/param.h... yes
[1m[90m[DEBUG][39m[0m:   	checking for sys/pidfd.h... yes
[1m[90m[DEBUG][39m[0m:   	checking for sys/poll.h... yes
[1m[90m[DEBUG][39m[0m:   	checking for sys/random.h... yes
[1m[90m[DEBUG][39m[0m:   	checking for sys/resource.h... yes
[1m[90m[DEBUG][39m[0m:   	checking for sys/select.h... yes
[1m[90m[DEBUG][39m[0m:   	checking for sys/sendfile.h... yes
[1m[90m[DEBUG][39m[0m:   	checking for sys/socket.h... yes
[1m[90m[DEBUG][39m[0m:   	checking for sys/soundcard.h... no
[1m[90m[DEBUG][39m[0m:   	checking for sys/stat.h... (cached) yes
[1m[90m[DEBUG][39m[0m:   	checking for sys/statvfs.h... yes
[1m[90m[DEBUG][39m[0m:   	checking for sys/sys_domain.h... no
[1m[90m[DEBUG][39m[0m:   	checking for sys/syscall.h... yes
[1m[90m[DEBUG][39m[0m:   	checking for sys/sysmacros.h... yes
[1m[90m[DEBUG][39m[0m:   	checking for sys/termio.h... no
[1m[90m[DEBUG][39m[0m:   	checking for sys/time.h... yes
[1m[90m[DEBUG][39m[0m:   	checking for sys/times.h... yes
[1m[90m[DEBUG][39m[0m:   	checking for sys/timerfd.h... yes
[1m[90m[DEBUG][39m[0m:   	checking for sys/types.h... (cached) yes
[1m[90m[DEBUG][39m[0m:   	checking for sys/uio.h... yes
[1m[90m[DEBUG][39m[0m:   	checking for sys/un.h... yes
[1m[90m[DEBUG][39m[0m:   	checking for sys/utsname.h... yes
[1m[90m[DEBUG][39m[0m:   	checking for sys/wait.h... yes
[1m[90m[DEBUG][39m[0m:   	checking for sys/xattr.h... yes
[1m[90m[DEBUG][39m[0m:   	checking for sysexits.h... yes
[1m[90m[DEBUG][39m[0m:   	checking for syslog.h... yes
[1m[90m[DEBUG][39m[0m:   	checking for termios.h... yes
[1m[90m[DEBUG][39m[0m:   	checking for util.h... no
[1m[90m[DEBUG][39m[0m:   	checking for utime.h... yes
[1m[90m[DEBUG][39m[0m:   	checking for utmp.h... yes
[1m[90m[DEBUG][39m[0m:   	checking for dirent.h that defines DIR... yes
[1m[90m[DEBUG][39m[0m:   	checking for library containing opendir... none required
[1m[90m[DEBUG][39m[0m:   	checking for sys/mkdev.h... (cached) no
[1m[90m[DEBUG][39m[0m:   	checking for sys/sysmacros.h... (cached) yes
[1m[90m[DEBUG][39m[0m:   	checking for bluetooth/bluetooth.h... no
[1m[90m[DEBUG][39m[0m:   	checking for net/if.h... yes
[1m[90m[DEBUG][39m[0m:   	checking for linux/netlink.h... yes
[1m[90m[DEBUG][39m[0m:   	checking for netlink/netlink.h... no
[1m[90m[DEBUG][39m[0m:   	checking for linux/qrtr.h... yes
[1m[90m[DEBUG][39m[0m:   	checking for linux/vm_sockets.h... yes
[1m[90m[DEBUG][39m[0m:   	checking for linux/can.h... yes
[1m[90m[DEBUG][39m[0m:   	checking for linux/can/bcm.h... yes
[1m[90m[DEBUG][39m[0m:   	checking for linux/can/j1939.h... yes
[1m[90m[DEBUG][39m[0m:   	checking for linux/can/raw.h... yes
[1m[90m[DEBUG][39m[0m:   	checking for netcan/can.h... no
[1m[90m[DEBUG][39m[0m:   	checking for clock_t... yes
[1m[90m[DEBUG][39m[0m:   	checking for makedev... yes
[1m[90m[DEBUG][39m[0m:   	checking for le64toh... yes
[1m[90m[DEBUG][39m[0m:   	checking for mode_t... yes
[1m[90m[DEBUG][39m[0m:   	checking for off_t... yes
[1m[90m[DEBUG][39m[0m:   	checking for pid_t... yes
[1m[90m[DEBUG][39m[0m:   	checking for size_t... yes
[1m[90m[DEBUG][39m[0m:   	checking for uid_t... yes
[1m[90m[DEBUG][39m[0m:   	checking for gid_t... yes
[1m[90m[DEBUG][39m[0m:   	checking for ssize_t... yes
[1m[90m[DEBUG][39m[0m:   	checking for __uint128_t... yes
[1m[90m[DEBUG][39m[0m:   	checking size of int... 4
[1m[90m[DEBUG][39m[0m:   	checking size of long... 8
[1m[90m[DEBUG][39m[0m:   	checking alignment of long... 8
[1m[90m[DEBUG][39m[0m:   	checking size of long long... 8
[1m[90m[DEBUG][39m[0m:   	checking size of void *... 8
[1m[90m[DEBUG][39m[0m:   	checking size of short... 2
[1m[90m[DEBUG][39m[0m:   	checking size of float... 4
[1m[90m[DEBUG][39m[0m:   	checking size of double... 8
[1m[90m[DEBUG][39m[0m:   	checking size of fpos_t... 8
[1m[90m[DEBUG][39m[0m:   	checking size of size_t... 8
[1m[90m[DEBUG][39m[0m:   	checking alignment of size_t... 8
[1m[90m[DEBUG][39m[0m:   	checking size of pid_t... 4
[1m[90m[DEBUG][39m[0m:   	checking size of uintptr_t... 8
[1m[90m[DEBUG][39m[0m:   	checking alignment of max_align_t... 16
[1m[90m[DEBUG][39m[0m:   	checking for long double... yes
[1m[90m[DEBUG][39m[0m:   	checking size of long double... 16
[1m[90m[DEBUG][39m[0m:   	checking size of _Bool... 1
[1m[90m[DEBUG][39m[0m:   	checking size of off_t... 8
[1m[90m[DEBUG][39m[0m:   	checking whether to enable large file support... no
[1m[90m[DEBUG][39m[0m:   	checking size of time_t... 8
[1m[90m[DEBUG][39m[0m:   	checking for pthread_t... yes
[1m[90m[DEBUG][39m[0m:   	checking size of pthread_t... 8
[1m[90m[DEBUG][39m[0m:   	checking size of pthread_key_t... 4
[1m[90m[DEBUG][39m[0m:   	checking whether pthread_key_t is compatible with int... yes
[1m[90m[DEBUG][39m[0m:   	checking for --enable-framework... no
[1m[90m[DEBUG][39m[0m:   	checking for --with-dsymutil... no
[1m[90m[DEBUG][39m[0m:   	checking for dyld... no
[1m[90m[DEBUG][39m[0m:   	checking for --with-address-sanitizer... no
[1m[90m[DEBUG][39m[0m:   	checking for --with-memory-sanitizer... no
[1m[90m[DEBUG][39m[0m:   	checking for --with-undefined-behavior-sanitizer... no
[1m[90m[DEBUG][39m[0m:   	checking for --with-thread-sanitizer... no
[1m[90m[DEBUG][39m[0m:   	checking the extension of shared libraries... .so
[1m[90m[DEBUG][39m[0m:   	checking LDSHARED... $(CC) -shared
[1m[90m[DEBUG][39m[0m:   	checking BLDSHARED flags... $(CC) -shared
[1m[90m[DEBUG][39m[0m:   	checking CCSHARED... -fPIC
[1m[90m[DEBUG][39m[0m:   	checking LINKFORSHARED... -Xlinker -export-dynamic
[1m[90m[DEBUG][39m[0m:   	checking CFLAGSFORSHARED...
[1m[90m[DEBUG][39m[0m:   	checking SHLIBS... $(LIBS)
[1m[90m[DEBUG][39m[0m:   	checking perf trampoline... no
[1m[90m[DEBUG][39m[0m:   	checking for sendfile in -lsendfile... no
[1m[90m[DEBUG][39m[0m:   	checking for dlopen in -ldl... yes
[1m[90m[DEBUG][39m[0m:   	checking for shl_load in -ldld... no
[1m[90m[DEBUG][39m[0m:   	checking for execinfo.h... yes
[1m[90m[DEBUG][39m[0m:   	checking for backtrace... yes
[1m[90m[DEBUG][39m[0m:   	checking for dladdr1... no
[1m[90m[DEBUG][39m[0m:   	checking for link.h... yes
[1m[90m[DEBUG][39m[0m:   	checking for backtrace... (cached) yes
[1m[90m[DEBUG][39m[0m:   	checking for dladdr1... (cached) no
[1m[90m[DEBUG][39m[0m:   	checking for dlfcn.h... (cached) yes
[1m[90m[DEBUG][39m[0m:   	checking for backtrace... (cached) yes
[1m[90m[DEBUG][39m[0m:   	checking for dladdr1... (cached) no
[1m[90m[DEBUG][39m[0m:   	checking for uuid.h... no
[1m[90m[DEBUG][39m[0m:   	checking for uuid >= 2.20... yes
[1m[90m[DEBUG][39m[0m:   	checking for library containing sem_init... none required
[1m[90m[DEBUG][39m[0m:   	checking for textdomain in -lintl... no
[1m[90m[DEBUG][39m[0m:   	checking aligned memory access is required... no
[1m[90m[DEBUG][39m[0m:   	checking for --with-hash-algorithm... default
[1m[90m[DEBUG][39m[0m:   	checking for --with-tzpath... "/usr/share/zoneinfo:/usr/lib/zoneinfo:/usr/share/lib/zoneinfo:/etc/zoneinfo"
[1m[90m[DEBUG][39m[0m:   	checking for t_open in -lnsl... no
[1m[90m[DEBUG][39m[0m:   	checking for socket in -lsocket... no
[1m[90m[DEBUG][39m[0m:   	checking for --with-libs... no
[1m[90m[DEBUG][39m[0m:   	checking for --with-system-expat... no
[1m[90m[DEBUG][39m[0m:   	checking for libffi... yes
[1m[90m[DEBUG][39m[0m:   	checking for ffi_prep_cif_var... yes
[1m[90m[DEBUG][39m[0m:   	checking for ffi_prep_closure_loc... yes
[1m[90m[DEBUG][39m[0m:   	checking for ffi_closure_alloc... yes
[1m[90m[DEBUG][39m[0m:   	checking libffi has complex type support... yes
[1m[90m[DEBUG][39m[0m:   	checking for --with-system-libmpdec... yes
[1m[90m[DEBUG][39m[0m:   	checking for libmpdec >= 2.5.0... no
[1m[90m[DEBUG][39m[0m:   	configure: WARNING: no system libmpdec found; falling back to bundled libmpdec (deprecated and scheduled for removal in Python 3.16)
[1m[90m[DEBUG][39m[0m:   	checking for --with-decimal-contextvar... yes
[1m[90m[DEBUG][39m[0m:   	checking for decimal libmpdec machine... uint128
[1m[90m[DEBUG][39m[0m:   	checking for sqlite3 >= 3.15.2... yes
[1m[90m[DEBUG][39m[0m:   	checking for sqlite3.h... yes
[1m[90m[DEBUG][39m[0m:   	checking for sqlite3_bind_double in -lsqlite3... yes
[1m[90m[DEBUG][39m[0m:   	checking for sqlite3_column_decltype in -lsqlite3... yes
[1m[90m[DEBUG][39m[0m:   	checking for sqlite3_column_double in -lsqlite3... yes
[1m[90m[DEBUG][39m[0m:   	checking for sqlite3_complete in -lsqlite3... yes
[1m[90m[DEBUG][39m[0m:   	checking for sqlite3_progress_handler in -lsqlite3... yes
[1m[90m[DEBUG][39m[0m:   	checking for sqlite3_result_double in -lsqlite3... yes
[1m[90m[DEBUG][39m[0m:   	checking for sqlite3_set_authorizer in -lsqlite3... yes
[1m[90m[DEBUG][39m[0m:   	checking for sqlite3_trace_v2 in -lsqlite3... yes
[1m[90m[DEBUG][39m[0m:   	checking for sqlite3_value_double in -lsqlite3... yes
[1m[90m[DEBUG][39m[0m:   	checking for sqlite3_load_extension in -lsqlite3... yes
[1m[90m[DEBUG][39m[0m:   	checking for sqlite3_serialize in -lsqlite3... yes
[1m[90m[DEBUG][39m[0m:   	checking for --enable-loadable-sqlite-extensions... no
[1m[90m[DEBUG][39m[0m:   	checking for tcl >= 8.5.12 tk >= 8.5.12... yes
[1m[90m[DEBUG][39m[0m:   	checking for gdbm.h... yes
[1m[90m[DEBUG][39m[0m:   	checking for gdbm_open in -lgdbm... yes
[1m[90m[DEBUG][39m[0m:   	checking for ndbm.h... yes
[1m[90m[DEBUG][39m[0m:   	checking for library containing dbm_open... -lgdbm_compat
[1m[90m[DEBUG][39m[0m:   	checking for ndbm presence and linker args... yes (-lgdbm_compat)
[1m[90m[DEBUG][39m[0m:   	checking for gdbm/ndbm.h... no
[1m[90m[DEBUG][39m[0m:   	checking for gdbm-ndbm.h... no
[1m[90m[DEBUG][39m[0m:   	checking for db.h... yes
[1m[90m[DEBUG][39m[0m:   	checking for libdb... no
[1m[90m[DEBUG][39m[0m:   	checking for --with-dbmliborder... gdbm:ndbm:bdb
[1m[90m[DEBUG][39m[0m:   	checking for _dbm module CFLAGS and LIBS... -DUSE_NDBM -lgdbm_compat
[1m[90m[DEBUG][39m[0m:   	checking if PTHREAD_SCOPE_SYSTEM is supported... yes
[1m[90m[DEBUG][39m[0m:   	checking for pthread_sigmask... yes
[1m[90m[DEBUG][39m[0m:   	checking for pthread_getcpuclockid... yes
[1m[90m[DEBUG][39m[0m:   	checking if --enable-ipv6 is specified... yes
[1m[90m[DEBUG][39m[0m:   	checking if RFC2553 API is available... yes
[1m[90m[DEBUG][39m[0m:   	checking for IPV6_INRIA_VERSION defined in netinet/in.h... no
[1m[90m[DEBUG][39m[0m:   	checking for __KAME__ defined in netinet/in.h... no
[1m[90m[DEBUG][39m[0m:   	checking for __GLIBC__ defined in features.h... no
[1m[90m[DEBUG][39m[0m:   	checking for _TOSHIBA_INET6 defined in sys/param.h... no
[1m[90m[DEBUG][39m[0m:   	checking for __V6D__ defined in /usr/local/v6/include/sys/v6config.h... no
[1m[90m[DEBUG][39m[0m:   	checking for _ZETA_MINAMI_INET6 defined in sys/param.h... no
[1m[90m[DEBUG][39m[0m:   	checking ipv6 stack type... unknown
[1m[90m[DEBUG][39m[0m:   	checking CAN_RAW_FD_FRAMES... yes
[1m[90m[DEBUG][39m[0m:   	checking for CAN_RAW_JOIN_FILTERS... yes
[1m[90m[DEBUG][39m[0m:   	checking for --with-doc-strings... yes
[1m[90m[DEBUG][39m[0m:   	checking for stdatomic.h... yes
[1m[90m[DEBUG][39m[0m:   	checking for builtin __atomic_load_n and __atomic_store_n functions... yes
[1m[90m[DEBUG][39m[0m:   	checking for --with-mimalloc... yes
[1m[90m[DEBUG][39m[0m:   	checking for --with-pymalloc... yes
[1m[90m[DEBUG][39m[0m:   	checking for --with-c-locale-coercion... yes
[1m[90m[DEBUG][39m[0m:   	checking for --with-valgrind... no
[1m[90m[DEBUG][39m[0m:   	checking for --with-dtrace... no
[1m[90m[DEBUG][39m[0m:   	checking for dlopen... yes
[1m[90m[DEBUG][39m[0m:   	checking DYNLOADFILE... dynload_shlib.o
[1m[90m[DEBUG][39m[0m:   	checking MACHDEP_OBJS... none
[1m[90m[DEBUG][39m[0m:   	checking for accept4... yes
[1m[90m[DEBUG][39m[0m:   	checking for alarm... yes
[1m[90m[DEBUG][39m[0m:   	checking for bind_textdomain_codeset... no
[1m[90m[DEBUG][39m[0m:   	checking for chmod... yes
[1m[90m[DEBUG][39m[0m:   	checking for chown... yes
[1m[90m[DEBUG][39m[0m:   	checking for clock... yes
[1m[90m[DEBUG][39m[0m:   	checking for closefrom... no
[1m[90m[DEBUG][39m[0m:   	checking for close_range... yes
[1m[90m[DEBUG][39m[0m:   	checking for confstr... no
[1m[90m[DEBUG][39m[0m:   	checking for copy_file_range... yes
[1m[90m[DEBUG][39m[0m:   	checking for ctermid... yes
[1m[90m[DEBUG][39m[0m:   	checking for dladdr... yes
[1m[90m[DEBUG][39m[0m:   	checking for dup... yes
[1m[90m[DEBUG][39m[0m:   	checking for dup3... yes
[1m[90m[DEBUG][39m[0m:   	checking for execv... yes
[1m[90m[DEBUG][39m[0m:   	checking for explicit_bzero... no
[1m[90m[DEBUG][39m[0m:   	checking for explicit_memset... no
[1m[90m[DEBUG][39m[0m:   	checking for faccessat... yes
[1m[90m[DEBUG][39m[0m:   	checking for fchmod... yes
[1m[90m[DEBUG][39m[0m:   	checking for fchmodat... yes
[1m[90m[DEBUG][39m[0m:   	checking for fchown... yes
[1m[90m[DEBUG][39m[0m:   	checking for fchownat... yes
[1m[90m[DEBUG][39m[0m:   	checking for fdopendir... yes
[1m[90m[DEBUG][39m[0m:   	checking for fdwalk... no
[1m[90m[DEBUG][39m[0m:   	checking for fexecve... yes
[1m[90m[DEBUG][39m[0m:   	checking for fork... yes
[1m[90m[DEBUG][39m[0m:   	checking for fork1... no
[1m[90m[DEBUG][39m[0m:   	checking for fpathconf... yes
[1m[90m[DEBUG][39m[0m:   	checking for fstatat... yes
[1m[90m[DEBUG][39m[0m:   	checking for ftime... no
[1m[90m[DEBUG][39m[0m:   	checking for ftruncate... yes
[1m[90m[DEBUG][39m[0m:   	checking for futimens... yes
[1m[90m[DEBUG][39m[0m:   	checking for futimes... yes
[1m[90m[DEBUG][39m[0m:   	checking for futimesat... yes
[1m[90m[DEBUG][39m[0m:   	checking for gai_strerror... yes
[1m[90m[DEBUG][39m[0m:   	checking for getegid... yes
[1m[90m[DEBUG][39m[0m:   	checking for geteuid... yes
[1m[90m[DEBUG][39m[0m:   	checking for getgid... yes
[1m[90m[DEBUG][39m[0m:   	checking for getgrent... yes
[1m[90m[DEBUG][39m[0m:   	checking for getgrgid... yes
[1m[90m[DEBUG][39m[0m:   	checking for getgrgid_r... yes
[1m[90m[DEBUG][39m[0m:   	checking for getgrnam_r... yes
[1m[90m[DEBUG][39m[0m:   	checking for getgrouplist... yes
[1m[90m[DEBUG][39m[0m:   	checking for gethostname... yes
[1m[90m[DEBUG][39m[0m:   	checking for getitimer... yes
[1m[90m[DEBUG][39m[0m:   	checking for getloadavg... yes
[1m[90m[DEBUG][39m[0m:   	checking for getlogin... yes
[1m[90m[DEBUG][39m[0m:   	checking for getlogin_r... yes
[1m[90m[DEBUG][39m[0m:   	checking for getpeername... yes
[1m[90m[DEBUG][39m[0m:   	checking for getpgid... yes
[1m[90m[DEBUG][39m[0m:   	checking for getpid... yes
[1m[90m[DEBUG][39m[0m:   	checking for getppid... yes
[1m[90m[DEBUG][39m[0m:   	checking for getpriority... yes
[1m[90m[DEBUG][39m[0m:   	checking for _getpty... no
[1m[90m[DEBUG][39m[0m:   	checking for getpwent... yes
[1m[90m[DEBUG][39m[0m:   	checking for getpwnam_r... yes
[1m[90m[DEBUG][39m[0m:   	checking for getpwuid... yes
[1m[90m[DEBUG][39m[0m:   	checking for getpwuid_r... yes
[1m[90m[DEBUG][39m[0m:   	checking for getresgid... yes
[1m[90m[DEBUG][39m[0m:   	checking for getresuid... yes
[1m[90m[DEBUG][39m[0m:   	checking for getrusage... yes
[1m[90m[DEBUG][39m[0m:   	checking for getsid... yes
[1m[90m[DEBUG][39m[0m:   	checking for getspent... no
[1m[90m[DEBUG][39m[0m:   	checking for getspnam... no
[1m[90m[DEBUG][39m[0m:   	checking for getuid... yes
[1m[90m[DEBUG][39m[0m:   	checking for getwd... no
[1m[90m[DEBUG][39m[0m:   	checking for grantpt... yes
[1m[90m[DEBUG][39m[0m:   	checking for if_nameindex... yes
[1m[90m[DEBUG][39m[0m:   	checking for initgroups... yes
[1m[90m[DEBUG][39m[0m:   	checking for kill... yes
[1m[90m[DEBUG][39m[0m:   	checking for killpg... yes
[1m[90m[DEBUG][39m[0m:   	checking for lchown... yes
[1m[90m[DEBUG][39m[0m:   	checking for linkat... yes
[1m[90m[DEBUG][39m[0m:   	checking for lockf... yes
[1m[90m[DEBUG][39m[0m:   	checking for lstat... yes
[1m[90m[DEBUG][39m[0m:   	checking for lutimes... yes
[1m[90m[DEBUG][39m[0m:   	checking for madvise... yes
[1m[90m[DEBUG][39m[0m:   	checking for mbrtowc... yes
[1m[90m[DEBUG][39m[0m:   	checking for memrchr... yes
[1m[90m[DEBUG][39m[0m:   	checking for mkdirat... yes
[1m[90m[DEBUG][39m[0m:   	checking for mkfifo... yes
[1m[90m[DEBUG][39m[0m:   	checking for mkfifoat... yes
[1m[90m[DEBUG][39m[0m:   	checking for mknod... yes
[1m[90m[DEBUG][39m[0m:   	checking for mknodat... yes
[1m[90m[DEBUG][39m[0m:   	checking for mktime... yes
[1m[90m[DEBUG][39m[0m:   	checking for mmap... yes
[1m[90m[DEBUG][39m[0m:   	checking for mremap... yes
[1m[90m[DEBUG][39m[0m:   	checking for nice... yes
[1m[90m[DEBUG][39m[0m:   	checking for openat... yes
[1m[90m[DEBUG][39m[0m:   	checking for opendir... yes
[1m[90m[DEBUG][39m[0m:   	checking for pathconf... yes
[1m[90m[DEBUG][39m[0m:   	checking for pause... yes
[1m[90m[DEBUG][39m[0m:   	checking for pipe... yes
[1m[90m[DEBUG][39m[0m:   	checking for pipe2... yes
[1m[90m[DEBUG][39m[0m:   	checking for plock... no
[1m[90m[DEBUG][39m[0m:   	checking for poll... yes
[1m[90m[DEBUG][39m[0m:   	checking for posix_fadvise... yes
[1m[90m[DEBUG][39m[0m:   	checking for posix_fallocate... yes
[1m[90m[DEBUG][39m[0m:   	checking for posix_openpt... yes
[1m[90m[DEBUG][39m[0m:   	checking for posix_spawn... yes
[1m[90m[DEBUG][39m[0m:   	checking for posix_spawnp... yes
[1m[90m[DEBUG][39m[0m:   	checking for posix_spawn_file_actions_addclosefrom_np... no
[1m[90m[DEBUG][39m[0m:   	checking for pread... yes
[1m[90m[DEBUG][39m[0m:   	checking for preadv... yes
[1m[90m[DEBUG][39m[0m:   	checking for preadv2... yes
[1m[90m[DEBUG][39m[0m:   	checking for process_vm_readv... yes
[1m[90m[DEBUG][39m[0m:   	checking for pthread_cond_timedwait_relative_np... no
[1m[90m[DEBUG][39m[0m:   	checking for pthread_condattr_setclock... yes
[1m[90m[DEBUG][39m[0m:   	checking for pthread_init... no
[1m[90m[DEBUG][39m[0m:   	checking for pthread_kill... yes
[1m[90m[DEBUG][39m[0m:   	checking for pthread_get_name_np... no
[1m[90m[DEBUG][39m[0m:   	checking for pthread_getname_np... yes
[1m[90m[DEBUG][39m[0m:   	checking for pthread_set_name_np... no
[1m[90m[DEBUG][39m[0m:   	checking for pthread_setname_np... yes
[1m[90m[DEBUG][39m[0m:   	checking for pthread_getattr_np... yes
[1m[90m[DEBUG][39m[0m:   	checking for ptsname... yes
[1m[90m[DEBUG][39m[0m:   	checking for ptsname_r... yes
[1m[90m[DEBUG][39m[0m:   	checking for pwrite... yes
[1m[90m[DEBUG][39m[0m:   	checking for pwritev... yes
[1m[90m[DEBUG][39m[0m:   	checking for pwritev2... yes
[1m[90m[DEBUG][39m[0m:   	checking for readlink... yes
[1m[90m[DEBUG][39m[0m:   	checking for readlinkat... yes
[1m[90m[DEBUG][39m[0m:   	checking for readv... yes
[1m[90m[DEBUG][39m[0m:   	checking for realpath... yes
[1m[90m[DEBUG][39m[0m:   	checking for renameat... yes
[1m[90m[DEBUG][39m[0m:   	checking for rtpSpawn... no
[1m[90m[DEBUG][39m[0m:   	checking for sched_get_priority_max... yes
[1m[90m[DEBUG][39m[0m:   	checking for sched_rr_get_interval... yes
[1m[90m[DEBUG][39m[0m:   	checking for sched_setaffinity... yes
[1m[90m[DEBUG][39m[0m:   	checking for sched_setparam... yes
[1m[90m[DEBUG][39m[0m:   	checking for sched_setscheduler... yes
[1m[90m[DEBUG][39m[0m:   	checking for sem_clockwait... yes
[1m[90m[DEBUG][39m[0m:   	checking for sem_getvalue... yes
[1m[90m[DEBUG][39m[0m:   	checking for sem_open... yes
[1m[90m[DEBUG][39m[0m:   	checking for sem_timedwait... yes
[1m[90m[DEBUG][39m[0m:   	checking for sem_unlink... yes
[1m[90m[DEBUG][39m[0m:   	checking for sendfile... yes
[1m[90m[DEBUG][39m[0m:   	checking for setegid... yes
[1m[90m[DEBUG][39m[0m:   	checking for seteuid... yes
[1m[90m[DEBUG][39m[0m:   	checking for setgid... yes
[1m[90m[DEBUG][39m[0m:   	checking for sethostname... yes
[1m[90m[DEBUG][39m[0m:   	checking for setitimer... yes
[1m[90m[DEBUG][39m[0m:   	checking for setlocale... yes
[1m[90m[DEBUG][39m[0m:   	checking for setpgid... yes
[1m[90m[DEBUG][39m[0m:   	checking for setpgrp... yes
[1m[90m[DEBUG][39m[0m:   	checking for setpriority... yes
[1m[90m[DEBUG][39m[0m:   	checking for setregid... yes
[1m[90m[DEBUG][39m[0m:   	checking for setresgid... yes
[1m[90m[DEBUG][39m[0m:   	checking for setresuid... yes
[1m[90m[DEBUG][39m[0m:   	checking for setreuid... yes
[1m[90m[DEBUG][39m[0m:   	checking for setsid... yes
[1m[90m[DEBUG][39m[0m:   	checking for setuid... yes
[1m[90m[DEBUG][39m[0m:   	checking for setvbuf... yes
[1m[90m[DEBUG][39m[0m:   	checking for shutdown... yes
[1m[90m[DEBUG][39m[0m:   	checking for sigaction... yes
[1m[90m[DEBUG][39m[0m:   	checking for sigaltstack... yes
[1m[90m[DEBUG][39m[0m:   	checking for sigfillset... yes
[1m[90m[DEBUG][39m[0m:   	checking for siginterrupt... yes
[1m[90m[DEBUG][39m[0m:   	checking for sigpending... yes
[1m[90m[DEBUG][39m[0m:   	checking for sigrelse... yes
[1m[90m[DEBUG][39m[0m:   	checking for sigtimedwait... yes
[1m[90m[DEBUG][39m[0m:   	checking for sigwait... yes
[1m[90m[DEBUG][39m[0m:   	checking for sigwaitinfo... yes
[1m[90m[DEBUG][39m[0m:   	checking for snprintf... yes
[1m[90m[DEBUG][39m[0m:   	checking for splice... yes
[1m[90m[DEBUG][39m[0m:   	checking for strftime... yes
[1m[90m[DEBUG][39m[0m:   	checking for strlcpy... yes
[1m[90m[DEBUG][39m[0m:   	checking for strsignal... yes
[1m[90m[DEBUG][39m[0m:   	checking for symlinkat... yes
[1m[90m[DEBUG][39m[0m:   	checking for sync... yes
[1m[90m[DEBUG][39m[0m:   	checking for sysconf... yes
[1m[90m[DEBUG][39m[0m:   	checking for tcgetpgrp... yes
[1m[90m[DEBUG][39m[0m:   	checking for tcsetpgrp... yes
[1m[90m[DEBUG][39m[0m:   	checking for tempnam... yes
[1m[90m[DEBUG][39m[0m:   	checking for timegm... yes
[1m[90m[DEBUG][39m[0m:   	checking for times... yes
[1m[90m[DEBUG][39m[0m:   	checking for tmpfile... yes
[1m[90m[DEBUG][39m[0m:   	checking for tmpnam... yes
[1m[90m[DEBUG][39m[0m:   	checking for tmpnam_r... no
[1m[90m[DEBUG][39m[0m:   	checking for truncate... yes
[1m[90m[DEBUG][39m[0m:   	checking for ttyname_r... yes
[1m[90m[DEBUG][39m[0m:   	checking for umask... yes
[1m[90m[DEBUG][39m[0m:   	checking for uname... yes
[1m[90m[DEBUG][39m[0m:   	checking for unlinkat... yes
[1m[90m[DEBUG][39m[0m:   	checking for unlockpt... yes
[1m[90m[DEBUG][39m[0m:   	checking for utimensat... yes
[1m[90m[DEBUG][39m[0m:   	checking for utimes... yes
[1m[90m[DEBUG][39m[0m:   	checking for vfork... yes
[1m[90m[DEBUG][39m[0m:   	checking for wait... yes
[1m[90m[DEBUG][39m[0m:   	checking for wait3... no
[1m[90m[DEBUG][39m[0m:   	checking for wait4... yes
[1m[90m[DEBUG][39m[0m:   	checking for waitid... yes
[1m[90m[DEBUG][39m[0m:   	checking for waitpid... yes
[1m[90m[DEBUG][39m[0m:   	checking for wcscoll... yes
[1m[90m[DEBUG][39m[0m:   	checking for wcsftime... yes
[1m[90m[DEBUG][39m[0m:   	checking for wcsxfrm... yes
[1m[90m[DEBUG][39m[0m:   	checking for wmemcmp... yes
[1m[90m[DEBUG][39m[0m:   	checking for writev... yes
[1m[90m[DEBUG][39m[0m:   	checking for getentropy... yes
[1m[90m[DEBUG][39m[0m:   	checking for getgroups... yes
[1m[90m[DEBUG][39m[0m:   	checking for system... yes
[1m[90m[DEBUG][39m[0m:   	checking for gcc options needed to detect all undeclared functions... none needed
[1m[90m[DEBUG][39m[0m:   	checking whether dirfd is declared... yes
[1m[90m[DEBUG][39m[0m:   	checking for chroot... yes
[1m[90m[DEBUG][39m[0m:   	checking for link... yes
[1m[90m[DEBUG][39m[0m:   	checking for symlink... yes
[1m[90m[DEBUG][39m[0m:   	checking for fchdir... yes
[1m[90m[DEBUG][39m[0m:   	checking for fsync... yes
[1m[90m[DEBUG][39m[0m:   	checking for fdatasync... yes
[1m[90m[DEBUG][39m[0m:   	checking for epoll_create... yes
[1m[90m[DEBUG][39m[0m:   	checking for epoll_create1... yes
[1m[90m[DEBUG][39m[0m:   	checking for kqueue... no
[1m[90m[DEBUG][39m[0m:   	checking for prlimit... yes
[1m[90m[DEBUG][39m[0m:   	checking for _dyld_shared_cache_contains_path... no
[1m[90m[DEBUG][39m[0m:   	checking for memfd_create... no
[1m[90m[DEBUG][39m[0m:   	checking for eventfd... yes
[1m[90m[DEBUG][39m[0m:   	checking for timerfd_create... yes
[1m[90m[DEBUG][39m[0m:   	checking for ctermid_r... no
[1m[90m[DEBUG][39m[0m:   	checking for flock declaration... yes
[1m[90m[DEBUG][39m[0m:   	checking for flock... yes
[1m[90m[DEBUG][39m[0m:   	checking for getpagesize... yes
[1m[90m[DEBUG][39m[0m:   	checking for broken unsetenv... no
[1m[90m[DEBUG][39m[0m:   	checking for true... true
[1m[90m[DEBUG][39m[0m:   	checking for inet_aton in -lc... yes
[1m[90m[DEBUG][39m[0m:   	checking for hstrerror in -lc... yes
[1m[90m[DEBUG][39m[0m:   	checking for chflags... no
[1m[90m[DEBUG][39m[0m:   	checking for lchflags... no
[1m[90m[DEBUG][39m[0m:   	checking for zlib >= 1.2.0... yes
[1m[90m[DEBUG][39m[0m:   	checking for bzip2... no
[1m[90m[DEBUG][39m[0m:   	checking for bzlib.h... yes
[1m[90m[DEBUG][39m[0m:   	checking for BZ2_bzCompress in -lbz2... yes
[1m[90m[DEBUG][39m[0m:   	checking for liblzma... yes
[1m[90m[DEBUG][39m[0m:   	checking for libzstd >= 1.4.5... yes
[1m[90m[DEBUG][39m[0m:   	checking for hstrerror... yes
[1m[90m[DEBUG][39m[0m:   	checking for getservbyname... yes
[1m[90m[DEBUG][39m[0m:   	checking for getservbyport... yes
[1m[90m[DEBUG][39m[0m:   	checking for gethostbyname... yes
[1m[90m[DEBUG][39m[0m:   	checking for gethostbyaddr... yes
[1m[90m[DEBUG][39m[0m:   	checking for getprotobyname... yes
[1m[90m[DEBUG][39m[0m:   	checking for inet_aton... yes
[1m[90m[DEBUG][39m[0m:   	checking for inet_ntoa... yes
[1m[90m[DEBUG][39m[0m:   	checking for inet_pton... yes
[1m[90m[DEBUG][39m[0m:   	checking for getpeername... (cached) yes
[1m[90m[DEBUG][39m[0m:   	checking for getsockname... yes
[1m[90m[DEBUG][39m[0m:   	checking for accept... yes
[1m[90m[DEBUG][39m[0m:   	checking for bind... yes
[1m[90m[DEBUG][39m[0m:   	checking for connect... yes
[1m[90m[DEBUG][39m[0m:   	checking for listen... yes
[1m[90m[DEBUG][39m[0m:   	checking for recvfrom... yes
[1m[90m[DEBUG][39m[0m:   	checking for sendto... yes
[1m[90m[DEBUG][39m[0m:   	checking for setsockopt... yes
[1m[90m[DEBUG][39m[0m:   	checking for socket... yes
[1m[90m[DEBUG][39m[0m:   	checking for setgroups... yes
[1m[90m[DEBUG][39m[0m:   	checking whether MAXLOGNAME is declared... no
[1m[90m[DEBUG][39m[0m:   	checking whether UT_NAMESIZE is declared... yes
[1m[90m[DEBUG][39m[0m:   	checking for openpty... yes
[1m[90m[DEBUG][39m[0m:   	checking for library containing login_tty... none required
[1m[90m[DEBUG][39m[0m:   	checking for forkpty... yes
[1m[90m[DEBUG][39m[0m:   	checking for fseek64... no
[1m[90m[DEBUG][39m[0m:   	checking for fseeko... yes
[1m[90m[DEBUG][39m[0m:   	checking for fstatvfs... yes
[1m[90m[DEBUG][39m[0m:   	checking for ftell64... no
[1m[90m[DEBUG][39m[0m:   	checking for ftello... yes
[1m[90m[DEBUG][39m[0m:   	checking for statvfs... yes
[1m[90m[DEBUG][39m[0m:   	checking for dup2... yes
[1m[90m[DEBUG][39m[0m:   	checking for getpgrp... yes
[1m[90m[DEBUG][39m[0m:   	checking for setpgrp... (cached) yes
[1m[90m[DEBUG][39m[0m:   	checking for setns... yes
[1m[90m[DEBUG][39m[0m:   	checking for unshare... yes
[1m[90m[DEBUG][39m[0m:   	checking for clock_gettime... yes
[1m[90m[DEBUG][39m[0m:   	checking for clock_getres... yes
[1m[90m[DEBUG][39m[0m:   	checking for clock_settime... yes
[1m[90m[DEBUG][39m[0m:   	checking for clock_nanosleep... yes
[1m[90m[DEBUG][39m[0m:   	checking for nanosleep... yes
[1m[90m[DEBUG][39m[0m:   	checking for major, minor, and makedev... yes
[1m[90m[DEBUG][39m[0m:   	checking for getaddrinfo... yes
[1m[90m[DEBUG][39m[0m:   	checking getaddrinfo bug... no
[1m[90m[DEBUG][39m[0m:   	checking for getnameinfo... yes
[1m[90m[DEBUG][39m[0m:   	checking whether struct tm is in sys/time.h or time.h... time.h
[1m[90m[DEBUG][39m[0m:   	checking for struct tm.tm_zone... yes
[1m[90m[DEBUG][39m[0m:   	checking for struct stat.st_rdev... yes
[1m[90m[DEBUG][39m[0m:   	checking for struct stat.st_blksize... yes
[1m[90m[DEBUG][39m[0m:   	checking for struct stat.st_flags... no
[1m[90m[DEBUG][39m[0m:   	checking for struct stat.st_gen... no
[1m[90m[DEBUG][39m[0m:   	checking for struct stat.st_birthtime... no
[1m[90m[DEBUG][39m[0m:   	checking for struct stat.st_blocks... yes
[1m[90m[DEBUG][39m[0m:   	checking for struct passwd.pw_gecos... yes
[1m[90m[DEBUG][39m[0m:   	checking for struct passwd.pw_passwd... yes
[1m[90m[DEBUG][39m[0m:   	checking for siginfo_t.si_band... yes
[1m[90m[DEBUG][39m[0m:   	checking for time.h that defines altzone... no
[1m[90m[DEBUG][39m[0m:   	checking for addrinfo... yes
[1m[90m[DEBUG][39m[0m:   	checking for sockaddr_storage... yes
[1m[90m[DEBUG][39m[0m:   	checking for sockaddr_alg... yes
[1m[90m[DEBUG][39m[0m:   	checking for an ANSI C-conforming const... yes
[1m[90m[DEBUG][39m[0m:   	checking for working signed char... yes
[1m[90m[DEBUG][39m[0m:   	checking for prototypes... yes
[1m[90m[DEBUG][39m[0m:   	checking for socketpair... yes
[1m[90m[DEBUG][39m[0m:   	checking if sockaddr has sa_len member... no
[1m[90m[DEBUG][39m[0m:   	checking for gethostbyname_r... yes
[1m[90m[DEBUG][39m[0m:   	checking gethostbyname_r with 6 args... yes
[1m[90m[DEBUG][39m[0m:   	checking for __fpu_control... no
[1m[90m[DEBUG][39m[0m:   	checking for __fpu_control in -lieee... no
[1m[90m[DEBUG][39m[0m:   	checking for --with-libm=STRING... default LIBM="-lm"
[1m[90m[DEBUG][39m[0m:   	checking for --with-libc=STRING... default LIBC=""
[1m[90m[DEBUG][39m[0m:   	checking for x64 gcc inline assembler... no
[1m[90m[DEBUG][39m[0m:   	checking whether float word ordering is bigendian... no
[1m[90m[DEBUG][39m[0m:   	checking whether we can use gcc inline assembler to get and set x87 control word... no
[1m[90m[DEBUG][39m[0m:   	checking whether we can use gcc inline assembler to get and set mc68881 fpcr... no
[1m[90m[DEBUG][39m[0m:   	checking for x87-style double rounding... no
[1m[90m[DEBUG][39m[0m:   	checking for acosh... yes
[1m[90m[DEBUG][39m[0m:   	checking for asinh... yes
[1m[90m[DEBUG][39m[0m:   	checking for atanh... yes
[1m[90m[DEBUG][39m[0m:   	checking for erf... yes
[1m[90m[DEBUG][39m[0m:   	checking for erfc... yes
[1m[90m[DEBUG][39m[0m:   	checking for expm1... yes
[1m[90m[DEBUG][39m[0m:   	checking for log1p... yes
[1m[90m[DEBUG][39m[0m:   	checking for log2... yes
[1m[90m[DEBUG][39m[0m:   	checking whether POSIX semaphores are enabled... no
[1m[90m[DEBUG][39m[0m:   	checking for broken sem_getvalue... yes
[1m[90m[DEBUG][39m[0m:   	checking whether RTLD_LAZY is declared... yes
[1m[90m[DEBUG][39m[0m:   	checking whether RTLD_NOW is declared... yes
[1m[90m[DEBUG][39m[0m:   	checking whether RTLD_GLOBAL is declared... yes
[1m[90m[DEBUG][39m[0m:   	checking whether RTLD_LOCAL is declared... yes
[1m[90m[DEBUG][39m[0m:   	checking whether RTLD_NODELETE is declared... yes
[1m[90m[DEBUG][39m[0m:   	checking whether RTLD_NOLOAD is declared... yes
[1m[90m[DEBUG][39m[0m:   	checking whether RTLD_DEEPBIND is declared... no
[1m[90m[DEBUG][39m[0m:   	checking whether RTLD_MEMBER is declared... no
[1m[90m[DEBUG][39m[0m:   	checking digit size for Python's longs... no value specified
[1m[90m[DEBUG][39m[0m:   	checking for wchar.h... (cached) yes
[1m[90m[DEBUG][39m[0m:   	checking size of wchar_t... 4
[1m[90m[DEBUG][39m[0m:   	checking whether wchar_t is signed... no
[1m[90m[DEBUG][39m[0m:   	checking whether wchar_t is usable... yes
[1m[90m[DEBUG][39m[0m:   	checking whether byte ordering is bigendian... no
[1m[90m[DEBUG][39m[0m:   	checking ABIFLAGS...
[1m[90m[DEBUG][39m[0m:   	checking SOABI... cpython-314-aarch64-linux-android
[1m[90m[DEBUG][39m[0m:   	checking LDVERSION... $(VERSION)$(ABIFLAGS)
[1m[90m[DEBUG][39m[0m:   	checking for --with-platlibdir... no
[1m[90m[DEBUG][39m[0m:   	checking for --with-wheel-pkg-dir... no
[1m[90m[DEBUG][39m[0m:   	checking whether right shift extends the sign bit... yes
[1m[90m[DEBUG][39m[0m:   	checking for getc_unlocked() and friends... yes
[1m[90m[DEBUG][39m[0m:   	checking for readline... yes
[1m[90m[DEBUG][39m[0m:   	checking how to link readline... readline (CFLAGS: -DNCURSES_WIDECHAR -I/data/data/com.termux/files/usr/include, LIBS: -L/data/data/com.termux/files/usr/lib -lreadline)
[1m[90m[DEBUG][39m[0m:   	checking whether rl_completion_append_character is declared... yes
[1m[90m[DEBUG][39m[0m:   	checking whether rl_completion_suppress_append is declared... yes
[1m[90m[DEBUG][39m[0m:   	checking for rl_pre_input_hook in -lreadline... yes
[1m[90m[DEBUG][39m[0m:   	checking for rl_completion_display_matches_hook in -lreadline... yes
[1m[90m[DEBUG][39m[0m:   	checking for rl_resize_terminal in -lreadline... yes
[1m[90m[DEBUG][39m[0m:   	checking for rl_completion_matches in -lreadline... yes
[1m[90m[DEBUG][39m[0m:   	checking whether rl_catch_signals is declared... yes
[1m[90m[DEBUG][39m[0m:   	checking for append_history in -lreadline... yes
[1m[90m[DEBUG][39m[0m:   	checking for rl_compdisp_func_t... yes
[1m[90m[DEBUG][39m[0m:   	checking if rl_startup_hook takes arguments... no
[1m[90m[DEBUG][39m[0m:   	checking for broken nice()... no
[1m[90m[DEBUG][39m[0m:   	checking for broken poll()... no
[1m[90m[DEBUG][39m[0m:   	checking for working tzset()... yes
[1m[90m[DEBUG][39m[0m:   	checking for tv_nsec in struct stat... yes
[1m[90m[DEBUG][39m[0m:   	checking for tv_nsec2 in struct stat... no
[1m[90m[DEBUG][39m[0m:   	checking for ncursesw... yes
[1m[90m[DEBUG][39m[0m:   	checking for panelw... yes
[1m[90m[DEBUG][39m[0m:   	checking for ncursesw/curses.h... yes
[1m[90m[DEBUG][39m[0m:   	checking for ncursesw/ncurses.h... yes
[1m[90m[DEBUG][39m[0m:   	checking for ncursesw/panel.h... yes
[1m[90m[DEBUG][39m[0m:   	checking for ncurses/curses.h... yes
[1m[90m[DEBUG][39m[0m:   	checking for ncurses/ncurses.h... yes
[1m[90m[DEBUG][39m[0m:   	checking for ncurses/panel.h... yes
[1m[90m[DEBUG][39m[0m:   	checking for curses.h... yes
[1m[90m[DEBUG][39m[0m:   	checking for ncurses.h... yes
[1m[90m[DEBUG][39m[0m:   	checking for panel.h... yes
[1m[90m[DEBUG][39m[0m:   	checking for library containing initscr... none required
[1m[90m[DEBUG][39m[0m:   	checking for library containing update_panels... none required
[1m[90m[DEBUG][39m[0m:   	checking for term.h... yes
[1m[90m[DEBUG][39m[0m:   	checking whether mvwdelch is an expression... yes
[1m[90m[DEBUG][39m[0m:   	checking whether WINDOW has _flags... no
[1m[90m[DEBUG][39m[0m:   	checking for curses function is_pad... yes
[1m[90m[DEBUG][39m[0m:   	checking for curses function is_term_resized... yes
[1m[90m[DEBUG][39m[0m:   	checking for curses function resize_term... yes
[1m[90m[DEBUG][39m[0m:   	checking for curses function resizeterm... yes
[1m[90m[DEBUG][39m[0m:   	checking for curses function immedok... yes
[1m[90m[DEBUG][39m[0m:   	checking for curses function syncok... yes
[1m[90m[DEBUG][39m[0m:   	checking for curses function wchgat... yes
[1m[90m[DEBUG][39m[0m:   	checking for curses function filter... yes
[1m[90m[DEBUG][39m[0m:   	checking for curses function has_key... yes
[1m[90m[DEBUG][39m[0m:   	checking for curses function typeahead... yes
[1m[90m[DEBUG][39m[0m:   	checking for curses function use_env... yes
[1m[90m[DEBUG][39m[0m:   	configure: checking for device files
[1m[90m[DEBUG][39m[0m:   	checking for /dev/ptmx... yes
[1m[90m[DEBUG][39m[0m:   	checking for /dev/ptc... no
[1m[90m[DEBUG][39m[0m:   	checking for socklen_t... yes
[1m[90m[DEBUG][39m[0m:   	checking for broken mbstowcs... no
[1m[90m[DEBUG][39m[0m:   	checking for --with-computed-gotos... no value specified
[1m[90m[DEBUG][39m[0m:   	checking whether gcc supports computed gotos... yes
[1m[90m[DEBUG][39m[0m:   	checking for --with-tail-call-interp... no value specified
[1m[90m[DEBUG][39m[0m:   	checking for --with-remote-debug... yes
[1m[90m[DEBUG][39m[0m:   	checking for build directories... done
[1m[90m[DEBUG][39m[0m:   	checking for -O2... yes
[1m[90m[DEBUG][39m[0m:   	checking for glibc _FORTIFY_SOURCE/memmove bug... no
[1m[90m[DEBUG][39m[0m:   	checking for ensurepip... upgrade
[1m[90m[DEBUG][39m[0m:   	checking if the dirent structure of a d_type field... yes
[1m[90m[DEBUG][39m[0m:   	checking for the Linux getrandom() syscall... yes
[1m[90m[DEBUG][39m[0m:   	checking for the getrandom() function... no
[1m[90m[DEBUG][39m[0m:   	checking for library containing shm_open... no
[1m[90m[DEBUG][39m[0m:   	checking for shm_open... no
[1m[90m[DEBUG][39m[0m:   	checking for shm_unlink... no
[1m[90m[DEBUG][39m[0m:   	checking for pkg-config... /data/data/com.termux/files/usr/bin/pkg-config
[1m[90m[DEBUG][39m[0m:   	checking whether compiling and linking against OpenSSL works... yes
[1m[90m[DEBUG][39m[0m:   	checking for --with-openssl-rpath...
[1m[90m[DEBUG][39m[0m:   	checking whether OpenSSL provides required ssl module APIs... yes
[1m[90m[DEBUG][39m[0m:   	checking whether OpenSSL provides required hashlib module APIs... yes
[1m[90m[DEBUG][39m[0m:   	checking for --with-ssl-default-suites... python
[1m[90m[DEBUG][39m[0m:   	checking for --with-builtin-hashlib-hashes... md5,sha1,sha2,sha3,blake2
[1m[90m[DEBUG][39m[0m:   	checking for --disable-test-modules... yes
[1m[90m[DEBUG][39m[0m:   	checking whether libatomic is needed by <pyatomic.h>... no
[1m[90m[DEBUG][39m[0m:   	checking for stdlib extension module _multiprocessing... yes
[1m[90m[DEBUG][39m[0m:   	checking for stdlib extension module _posixshmem... missing
[1m[90m[DEBUG][39m[0m:   	checking for stdlib extension module fcntl... yes
[1m[90m[DEBUG][39m[0m:   	checking for stdlib extension module mmap... yes
[1m[90m[DEBUG][39m[0m:   	checking for stdlib extension module _socket... yes
[1m[90m[DEBUG][39m[0m:   	checking for stdlib extension module grp... yes
[1m[90m[DEBUG][39m[0m:   	checking for stdlib extension module pwd... yes
[1m[90m[DEBUG][39m[0m:   	checking for stdlib extension module resource... yes
[1m[90m[DEBUG][39m[0m:   	checking for stdlib extension module _scproxy... n/a
[1m[90m[DEBUG][39m[0m:   	checking for stdlib extension module syslog... yes
[1m[90m[DEBUG][39m[0m:   	checking for stdlib extension module termios... yes
[1m[90m[DEBUG][39m[0m:   	checking for stdlib extension module pyexpat... yes
[1m[90m[DEBUG][39m[0m:   	checking for stdlib extension module _elementtree... yes
[1m[90m[DEBUG][39m[0m:   	checking whether C compiler accepts -msse -msse2 -msse3 -msse4.1 -msse4.2... no
[1m[90m[DEBUG][39m[0m:   	checking whether C compiler accepts -mavx2... no
[1m[90m[DEBUG][39m[0m:   	checking for HACL* library linking type... shared
[1m[90m[DEBUG][39m[0m:   	checking for stdlib extension module _md5... yes
[1m[90m[DEBUG][39m[0m:   	checking for stdlib extension module _sha1... yes
[1m[90m[DEBUG][39m[0m:   	checking for stdlib extension module _sha2... yes
[1m[90m[DEBUG][39m[0m:   	checking for stdlib extension module _sha3... yes
[1m[90m[DEBUG][39m[0m:   	checking for stdlib extension module _blake2... yes
[1m[90m[DEBUG][39m[0m:   	checking for stdlib extension module _hmac... yes
[1m[90m[DEBUG][39m[0m:   	checking for stdlib extension module _ctypes... yes
[1m[90m[DEBUG][39m[0m:   	checking for stdlib extension module _curses... yes
[1m[90m[DEBUG][39m[0m:   	checking for stdlib extension module _curses_panel... yes
[1m[90m[DEBUG][39m[0m:   	checking for stdlib extension module _decimal... yes
[1m[90m[DEBUG][39m[0m:   	checking for stdlib extension module _dbm... yes
[1m[90m[DEBUG][39m[0m:   	checking for stdlib extension module _gdbm... yes
[1m[90m[DEBUG][39m[0m:   	checking for stdlib extension module readline... yes
[1m[90m[DEBUG][39m[0m:   	checking for stdlib extension module _sqlite3... yes
[1m[90m[DEBUG][39m[0m:   	checking for stdlib extension module _tkinter... yes
[1m[90m[DEBUG][39m[0m:   	checking for stdlib extension module _uuid... yes
[1m[90m[DEBUG][39m[0m:   	checking for stdlib extension module zlib... yes
[1m[90m[DEBUG][39m[0m:   	checking for stdlib extension module _bz2... yes
[1m[90m[DEBUG][39m[0m:   	checking for stdlib extension module _lzma... yes
[1m[90m[DEBUG][39m[0m:   	checking for stdlib extension module _zstd... yes
[1m[90m[DEBUG][39m[0m:   	checking for stdlib extension module _ssl... yes
[1m[90m[DEBUG][39m[0m:   	checking for stdlib extension module _hashlib... yes
[1m[90m[DEBUG][39m[0m:   	checking for stdlib extension module _testcapi... yes
[1m[90m[DEBUG][39m[0m:   	checking for stdlib extension module _testclinic... yes
[1m[90m[DEBUG][39m[0m:   	checking for stdlib extension module _testclinic_limited... yes
[1m[90m[DEBUG][39m[0m:   	checking for stdlib extension module _testlimitedcapi... yes
[1m[90m[DEBUG][39m[0m:   	checking for stdlib extension module _testinternalcapi... yes
[1m[90m[DEBUG][39m[0m:   	checking for stdlib extension module _testbuffer... yes
[1m[90m[DEBUG][39m[0m:   	checking for stdlib extension module _testimportmultiple... yes
[1m[90m[DEBUG][39m[0m:   	checking for stdlib extension module _testmultiphase... yes
[1m[90m[DEBUG][39m[0m:   	checking for stdlib extension module _testsinglephase... yes
[1m[90m[DEBUG][39m[0m:   	checking for stdlib extension module xxsubtype... yes
[1m[90m[DEBUG][39m[0m:   	checking for stdlib extension module _xxtestfuzz... yes
[1m[90m[DEBUG][39m[0m:   	checking for stdlib extension module _ctypes_test... yes
[1m[90m[DEBUG][39m[0m:   	checking for stdlib extension module xxlimited... yes
[1m[90m[DEBUG][39m[0m:   	checking for stdlib extension module xxlimited_35... yes
[1m[90m[DEBUG][39m[0m:   	configure: creating ./config.status
[1m[90m[DEBUG][39m[0m:   	config.status: creating Makefile.pre
[1m[90m[DEBUG][39m[0m:   	config.status: creating Misc/python.pc
[1m[90m[DEBUG][39m[0m:   	config.status: creating Misc/python-embed.pc
[1m[90m[DEBUG][39m[0m:   	config.status: creating Misc/python-config.sh
[1m[90m[DEBUG][39m[0m:   	config.status: creating Modules/Setup.bootstrap
[1m[90m[DEBUG][39m[0m:   	config.status: creating Modules/Setup.stdlib
[1m[90m[DEBUG][39m[0m:   	config.status: creating Modules/ld_so_aix
[1m[90m[DEBUG][39m[0m:   	config.status: creating pyconfig.h
[1m[90m[DEBUG][39m[0m:   	configure: creating Modules/Setup.local
[1m[90m[DEBUG][39m[0m:   	configure: creating Makefile
[1m[90m[DEBUG][39m[0m:   	configure:
[1m[90m[DEBUG][39m[0m:   	
[1m[90m[DEBUG][39m[0m:   	If you want a release build with all stable optimizations active (PGO, etc),
[1m[90m[DEBUG][39m[0m:   	please run ./configure --enable-optimizations
[1m[90m[DEBUG][39m[0m:   	
[1m[INFO][0m:    [36m<- directory context /data/data/com.termux/files/home/markoss/.buildozer/android/platform/python-for-android[39m
[1m[INFO][0m:    [36m-> directory context /data/data/com.termux/files/home/markoss/.buildozer/android/platform/build-arm64-v8a_armeabi-v7a/build/other_builds/hostpython3/desktop/hostpython3[39m
[1m[90m[DEBUG][39m[0m:   [90m->[0m running make -j 8 -C /data/data/com.termux/files/home/markoss/.buildozer/android/platform/build-arm64-v8a_armeabi-v7a/build/other_builds/hostpython3/desktop/hostpython3/native-build[0m
[1m[90m[DEBUG][39m[0m:   	make: Entering directory '/data/data/com.termux/files/home/markoss/.buildozer/android/platform/build-arm64-v8a_armeabi-v7a/build/other_builds/hostpython3/desktop/hostpython3/native-build'
[1m[90m[DEBUG][39m[0m:   	gcc -c -fno-strict-overflow -Wsign-compare -Wunreachable-code -DNDEBUG -g -O3 -Wall    -std=c11 -Wextra -Wno-unused-parameter -Wno-missing-field-initializers -Wstrict-prototypes -Werror=implicit-function-declaration -fvisibility=hidden  -I/data/data/com.termux/files/home/markoss/.buildozer/android/platform/build-arm64-v8a_armeabi-v7a/build/other_builds/hostpython3/desktop/hostpython3/Include/internal -I/data/data/com.termux/files/home/markoss/.buildozer/android/platform/build-arm64-v8a_armeabi-v7a/build/other_builds/hostpython3/desktop/hostpython3/Include/internal/mimalloc -IObjects -IInclude -IPython -I. -I/data/data/com.termux/files/home/markoss/.buildozer/android/platform/build-arm64-v8a_armeabi-v7a/build/other_builds/hostpython3/desktop/hostpython3/Include    -DPy_BUILD_CORE -o Programs/python.o /data/data/com.termux/files/home/markoss/.buildozer/android/platform/build-arm64-v8a_armeabi-v7a/build/other_builds/hostpython3/desktop/hostpython3/Programs/python.c
[1m[90m[DEBUG][39m[0m:   	gcc -c -fno-strict-overflow -Wsign-compare -Wunreachable-code -DNDEBUG -g -O3 -Wall    -std=c11 -Wextra -Wno-unused-parameter -Wno-missing-field-initializers -Wstrict-prototypes -Werror=implicit-function-declaration -fvisibility=hidden  -I/data/data/com.termux/files/home/markoss/.buildozer/android/platform/build-arm64-v8a_armeabi-v7a/build/other_builds/hostpython3/desktop/hostpython3/Include/internal -I/data/data/com.termux/files/home/markoss/.buildozer/android/platform/build-arm64-v8a_armeabi-v7a/build/other_builds/hostpython3/desktop/hostpython3/Include/internal/mimalloc -IObjects -IInclude -IPython -I. -I/data/data/com.termux/files/home/markoss/.buildozer/android/platform/build-arm64-v8a_armeabi-v7a/build/other_builds/hostpython3/desktop/hostpython3/Include    -DPy_BUILD_CORE -o Parser/token.o /data/data/com.termux/files/home/markoss/.buildozer/android/platform/build-arm64-v8a_armeabi-v7a/build/other_builds/hostpython3/desktop/hostpython3/Parser/token.c
[1m[90m[DEBUG][39m[0m:   	gcc -c -fno-strict-overflow -Wsign-compare -Wunreachable-code -DNDEBUG -g -O3 -Wall    -std=c11 -Wextra -Wno-unused-parameter -Wno-missing-field-initializers -Wstrict-prototypes -Werror=implicit-function-declaration -fvisibility=hidden  -I/data/data/com.termux/files/home/markoss/.buildozer/android/platform/build-arm64-v8a_armeabi-v7a/build/other_builds/hostpython3/desktop/hostpython3/Include/internal -I/data/data/com.termux/files/home/markoss/.buildozer/android/platform/build-arm64-v8a_armeabi-v7a/build/other_builds/hostpython3/desktop/hostpython3/Include/internal/mimalloc -IObjects -IInclude -IPython -I. -I/data/data/com.termux/files/home/markoss/.buildozer/android/platform/build-arm64-v8a_armeabi-v7a/build/other_builds/hostpython3/desktop/hostpython3/Include    -DPy_BUILD_CORE -o Parser/pegen.o /data/data/com.termux/files/home/markoss/.buildozer/android/platform/build-arm64-v8a_armeabi-v7a/build/other_builds/hostpython3/desktop/hostpython3/Parser/pegen.c
[1m[90m[DEBUG][39m[0m:   	gcc -c -fno-strict-overflow -Wsign-compare -Wunreachable-code -DNDEBUG -g -O3 -Wall    -std=c11 -Wextra -Wno-unused-parameter -Wno-missing-field-initializers -Wstrict-prototypes -Werror=implicit-function-declaration -fvisibility=hidden  -I/data/data/com.termux/files/home/markoss/.buildozer/android/platform/build-arm64-v8a_armeabi-v7a/build/other_builds/hostpython3/desktop/hostpython3/Include/internal -I/data/data/com.termux/files/home/markoss/.buildozer/android/platform/build-arm64-v8a_armeabi-v7a/build/other_builds/hostpython3/desktop/hostpython3/Include/internal/mimalloc -IObjects -IInclude -IPython -I. -I/data/data/com.termux/files/home/markoss/.buildozer/android/platform/build-arm64-v8a_armeabi-v7a/build/other_builds/hostpython3/desktop/hostpython3/Include    -DPy_BUILD_CORE -o Parser/pegen_errors.o /data/data/com.termux/files/home/markoss/.buildozer/android/platform/build-arm64-v8a_armeabi-v7a/build/other_builds/hostpython3/desktop/hostpython3/Parser/pegen_errors.c
[1m[90m[DEBUG][39m[0m:   	gcc -c -fno-strict-overflow -Wsign-compare -Wunreachable-code -DNDEBUG -g -O3 -Wall    -std=c11 -Wextra -Wno-unused-parameter -Wno-missing-field-initializers -Wstrict-prototypes -Werror=implicit-function-declaration -fvisibility=hidden  -I/data/data/com.termux/files/home/markoss/.buildozer/android/platform/build-arm64-v8a_armeabi-v7a/build/other_builds/hostpython3/desktop/hostpython3/Include/internal -I/data/data/com.termux/files/home/markoss/.buildozer/android/platform/build-arm64-v8a_armeabi-v7a/build/other_builds/hostpython3/desktop/hostpython3/Include/internal/mimalloc -IObjects -IInclude -IPython -I. -I/data/data/com.termux/files/home/markoss/.buildozer/android/platform/build-arm64-v8a_armeabi-v7a/build/other_builds/hostpython3/desktop/hostpython3/Include    -DPy_BUILD_CORE -o Parser/action_helpers.o /data/data/com.termux/files/home/markoss/.buildozer/android/platform/build-arm64-v8a_armeabi-v7a/build/other_builds/hostpython3/desktop/hostpython3/Parser/action_helpers.c
[1m[90m[DEBUG][39m[0m:   	gcc -c -fno-strict-overflow -Wsign-compare -Wunreachable-code -DNDEBUG -g -O3 -Wall    -std=c11 -Wextra -Wno-unused-parameter -Wno-missing-field-initializers -Wstrict-prototypes -Werror=implicit-function-declaration -fvisibility=hidden  -I/data/data/com.termux/files/home/markoss/.buildozer/android/platform/build-arm64-v8a_armeabi-v7a/build/other_builds/hostpython3/desktop/hostpython3/Include/internal -I/data/data/com.termux/files/home/markoss/.buildozer/android/platform/build-arm64-v8a_armeabi-v7a/build/other_builds/hostpython3/desktop/hostpython3/Include/internal/mimalloc -IObjects -IInclude -IPython -I. -I/data/data/com.termux/files/home/markoss/.buildozer/android/platform/build-arm64-v8a_armeabi-v7a/build/other_builds/hostpython3/desktop/hostpython3/Include    -DPy_BUILD_CORE -o Parser/parser.o /data/data/com.termux/files/home/markoss/.buildozer/android/platform/build-arm64-v8a_armeabi-v7a/build/other_builds/hostpython3/desktop/hostpython3/Parser/parser.c
[1m[90m[DEBUG][39m[0m:   	gcc -c -fno-strict-overflow -Wsign-compare -Wunreachable-code -DNDEBUG -g -O3 -Wall    -std=c11 -Wextra -Wno-unused-parameter -Wno-missing-field-initializers -Wstrict-prototypes -Werror=implicit-function-declaration -fvisibility=hidden  -I/data/data/com.termux/files/home/markoss/.buildozer/android/platform/build-arm64-v8a_armeabi-v7a/build/other_builds/hostpython3/desktop/hostpython3/Include/internal -I/data/data/com.termux/files/home/markoss/.buildozer/android/platform/build-arm64-v8a_armeabi-v7a/build/other_builds/hostpython3/desktop/hostpython3/Include/internal/mimalloc -IObjects -IInclude -IPython -I. -I/data/data/com.termux/files/home/markoss/.buildozer/android/platform/build-arm64-v8a_armeabi-v7a/build/other_builds/hostpython3/desktop/hostpython3/Include    -DPy_BUILD_CORE -o Parser/string_parser.o /data/data/com.termux/files/home/markoss/.buildozer/android/platform/build-arm64-v8a_armeabi-v7a/build/other_builds/hostpython3/desktop/hostpython3/Parser/string_parser.c
[1m[90m[DEBUG][39m[0m:   	gcc -c -fno-strict-overflow -Wsign-compare -Wunreachable-code -DNDEBUG -g -O3 -Wall    -std=c11 -Wextra -Wno-unused-parameter -Wno-missing-field-initializers -Wstrict-prototypes -Werror=implicit-function-declaration -fvisibility=hidden  -I/data/data/com.termux/files/home/markoss/.buildozer/android/platform/build-arm64-v8a_armeabi-v7a/build/other_builds/hostpython3/desktop/hostpython3/Include/internal -I/data/data/com.termux/files/home/markoss/.buildozer/android/platform/build-arm64-v8a_armeabi-v7a/build/other_builds/hostpython3/desktop/hostpython3/Include/internal/mimalloc -IObjects -IInclude -IPython -I. -I/data/data/com.termux/files/home/markoss/.buildozer/android/platform/build-arm64-v8a_armeabi-v7a/build/other_builds/hostpython3/desktop/hostpython3/Include    -DPy_BUILD_CORE -o Parser/peg_api.o /data/data/com.termux/files/home/markoss/.buildozer/android/platform/build-arm64-v8a_armeabi-v7a/build/other_builds/hostpython3/desktop/hostpython3/Parser/peg_api.c
[1m[90m[DEBUG][39m[0m:   	gcc -c -fno-strict-overflow -Wsign-compare -Wunreachable-code -DNDEBUG -g -O3 -Wall    -std=c11 -Wextra -Wno-unused-parameter -Wno-missing-field-initializers -Wstrict-prototypes -Werror=implicit-function-declaration -fvisibility=hidden  -I/data/data/com.termux/files/home/markoss/.buildozer/android/platform/build-arm64-v8a_armeabi-v7a/build/other_builds/hostpython3/desktop/hostpython3/Include/internal -I/data/data/com.termux/files/home/markoss/.buildozer/android/platform/build-arm64-v8a_armeabi-v7a/build/other_builds/hostpython3/desktop/hostpython3/Include/internal/mimalloc -IObjects -IInclude -IPython -I. -I/data/data/com.termux/files/home/markoss/.buildozer/android/platform/build-arm64-v8a_armeabi-v7a/build/other_builds/hostpython3/desktop/hostpython3/Include    -DPy_BUILD_CORE -o Parser/lexer/buffer.o /data/data/com.termux/files/home/markoss/.buildozer/android/platform/build-arm64-v8a_armeabi-v7a/build/other_builds/hostpython3/desktop/hostpython3/Parser/lexer/buffer.c
[1m[90m[DEBUG][39m[0m:   	gcc -c -fno-strict-overflow -Wsign-compare -Wunreachable-code -DNDEBUG -g -O3 -Wall    -std=c11 -Wextra -Wno-unused-parameter -Wno-missing-field-initializers -Wstrict-prototypes -Werror=implicit-function-declaration -fvisibility=hidden  -I/data/data/com.termux/files/home/markoss/.buildozer/android/platform/build-arm64-v8a_armeabi-v7a/build/other_builds/hostpython3/desktop/hostpython3/Include/internal -I/data/data/com.termux/files/home/markoss/.buildozer/android/platform/build-arm64-v8a_armeabi-v7a/build/other_builds/hostpython3/desktop/hostpython3/Include/internal/mimalloc -IObjects -IInclude -IPython -I. -I/data/data/com.termux/files/home/markoss/.buildozer/android/platform/build-arm64-v8a_armeabi-v7a/build/other_builds/hostpython3/desktop/hostpython3/Include    -DPy_BUILD_CORE -o Parser/lexer/lexer.o /data/data/com.termux/files/home/markoss/.buildozer/android/platform/build-arm64-v8a_armeabi-v7a/build/other_builds/hostpython3/desktop/hostpython3/Parser/lexer/lexer.c
[1m[90m[DEBUG][39m[0m:   	gcc -c -fno-strict-overflow -Wsign-compare -Wunreachable-code -DNDEBUG -g -O3 -Wall    -std=c11 -Wextra -Wno-unused-parameter -Wno-missing-field-initializers -Wstrict-prototypes -Werror=implicit-function-declaration -fvisibility=hidden  -I/data/data/com.termux/files/home/markoss/.buildozer/android/platform/build-arm64-v8a_armeabi-v7a/build/other_builds/hostpython3/desktop/hostpython3/Include/internal -I/data/data/com.termux/files/home/markoss/.buildozer/android/platform/build-arm64-v8a_armeabi-v7a/build/other_builds/hostpython3/desktop/hostpython3/Include/internal/mimalloc -IObjects -IInclude -IPython -I. -I/data/data/com.termux/files/home/markoss/.buildozer/android/platform/build-arm64-v8a_armeabi-v7a/build/other_builds/hostpython3/desktop/hostpython3/Include    -DPy_BUILD_CORE -o Parser/lexer/state.o /data/data/com.termux/files/home/markoss/.buildozer/android/platform/build-arm64-v8a_armeabi-v7a/build/other_builds/hostpython3/desktop/hostpython3/Parser/lexer/state.c
[1m[90m[DEBUG][39m[0m:   	gcc -c -fno-strict-overflow -Wsign-compare -Wunreachable-code -DNDEBUG -g -O3 -Wall    -std=c11 -Wextra -Wno-unused-parameter -Wno-missing-field-initializers -Wstrict-prototypes -Werror=implicit-function-declaration -fvisibility=hidden  -I/data/data/com.termux/files/home/markoss/.buildozer/android/platform/build-arm64-v8a_armeabi-v7a/build/other_builds/hostpython3/desktop/hostpython3/Include/internal -I/data/data/com.termux/files/home/markoss/.buildozer/android/platform/build-arm64-v8a_armeabi-v7a/build/other_builds/hostpython3/desktop/hostpython3/Include/internal/mimalloc -IObjects -IInclude -IPython -I. -I/data/data/com.termux/files/home/markoss/.buildozer/android/platform/build-arm64-v8a_armeabi-v7a/build/other_builds/hostpython3/desktop/hostpython3/Include    -DPy_BUILD_CORE -o Parser/tokenizer/file_tokenizer.o /data/data/com.termux/files/home/markoss/.buildozer/android/platform/build-arm64-v8a_armeabi-v7a/build/other_builds/hostpython3/desktop/hostpython3/Parser/tokenizer/file_tokenizer.c
[1m[90m[DEBUG][39m[0m:   	gcc -c -fno-strict-overflow -Wsign-compare -Wunreachable-code -DNDEBUG -g -O3 -Wall    -std=c11 -Wextra -Wno-unused-parameter -Wno-missing-field-initializers -Wstrict-prototypes -Werror=implicit-function-declaration -fvisibility=hidden  -I/data/data/com.termux/files/home/markoss/.buildozer/android/platform/build-arm64-v8a_armeabi-v7a/build/other_builds/hostpython3/desktop/hostpython3/Include/internal -I/data/data/com.termux/files/home/markoss/.buildozer/android/platform/build-arm64-v8a_armeabi-v7a/build/other_builds/hostpython3/desktop/hostpython3/Include/internal/mimalloc -IObjects -IInclude -IPython -I. -I/data/data/com.termux/files/home/markoss/.buildozer/android/platform/build-arm64-v8a_armeabi-v7a/build/other_builds/hostpython3/desktop/hostpython3/Include    -DPy_BUILD_CORE -o Parser/tokenizer/readline_tokenizer.o /data/data/com.termux/files/home/markoss/.buildozer/android/platform/build-arm64-v8a_armeabi-v7a/build/other_builds/hostpython3/desktop/hostpython3/Parser/tokenizer/readline_tokenizer.c
[1m[90m[DEBUG][39m[0m:   	gcc -c -fno-strict-overflow -Wsign-compare -Wunreachable-code -DNDEBUG -g -O3 -Wall    -std=c11 -Wextra -Wno-unused-parameter -Wno-missing-field-initializers -Wstrict-prototypes -Werror=implicit-function-declaration -fvisibility=hidden  -I/data/data/com.termux/files/home/markoss/.buildozer/android/platform/build-arm64-v8a_armeabi-v7a/build/other_builds/hostpython3/desktop/hostpython3/Include/internal -I/data/data/com.termux/files/home/markoss/.buildozer/android/platform/build-arm64-v8a_armeabi-v7a/build/other_builds/hostpython3/desktop/hostpython3/Include/internal/mimalloc -IObjects -IInclude -IPython -I. -I/data/data/com.termux/files/home/markoss/.buildozer/android/platform/build-arm64-v8a_armeabi-v7a/build/other_builds/hostpython3/desktop/hostpython3/Include    -DPy_BUILD_CORE -o Parser/tokenizer/string_tokenizer.o /data/data/com.termux/files/home/markoss/.buildozer/android/platform/build-arm64-v8a_armeabi-v7a/build/other_builds/hostpython3/desktop/hostpython3/Parser/tokenizer/string_tokenizer.c
[1m[90m[DEBUG][39m[0m:   	gcc -c -fno-strict-overflow -Wsign-compare -Wunreachable-code -DNDEBUG -g -O3 -Wall    -std=c11 -Wextra -Wno-unused-parameter -Wno-missing-field-initializers -Wstrict-prototypes -Werror=implicit-function-declaration -fvisibility=hidden  -I/data/data/com.termux/files/home/markoss/.buildozer/android/platform/build-arm64-v8a_armeabi-v7a/build/other_builds/hostpython3/desktop/hostpython3/Include/internal -I/data/data/com.termux/files/home/markoss/.buildozer/android/platform/build-arm64-v8a_armeabi-v7a/build/other_builds/hostpython3/desktop/hostpython3/Include/internal/mimalloc -IObjects -IInclude -IPython -I. -I/data/data/com.termux/files/home/markoss/.buildozer/android/platform/build-arm64-v8a_armeabi-v7a/build/other_builds/hostpython3/desktop/hostpython3/Include    -DPy_BUILD_CORE -o Parser/tokenizer/utf8_tokenizer.o /data/data/com.termux/files/home/markoss/.buildozer/android/platform/build-arm64-v8a_armeabi-v7a/build/other_builds/hostpython3/desktop/hostpython3/Parser/tokenizer/utf8_tokenizer.c
[1m[90m[DEBUG][39m[0m:   	gcc -c -fno-strict-overflow -Wsign-compare -Wunreachable-code -DNDEBUG -g -O3 -Wall    -std=c11 -Wextra -Wno-unused-parameter -Wno-missing-field-initializers -Wstrict-prototypes -Werror=implicit-function-declaration -fvisibility=hidden  -I/data/data/com.termux/files/home/markoss/.buildozer/android/platform/build-arm64-v8a_armeabi-v7a/build/other_builds/hostpython3/desktop/hostpython3/Include/internal -I/data/data/com.termux/files/home/markoss/.buildozer/android/platform/build-arm64-v8a_armeabi-v7a/build/other_builds/hostpython3/desktop/hostpython3/Include/internal/mimalloc -IObjects -IInclude -IPython -I. -I/data/data/com.termux/files/home/markoss/.buildozer/android/platform/build-arm64-v8a_armeabi-v7a/build/other_builds/hostpython3/desktop/hostpython3/Include    -DPy_BUILD_CORE -o Parser/tokenizer/helpers.o /data/data/com.termux/files/home/markoss/.buildozer/android/platform/build-arm64-v8a_armeabi-v7a/build/other_builds/hostpython3/desktop/hostpython3/Parser/tokenizer/helpers.c
[1m[90m[DEBUG][39m[0m:   	gcc -c -fno-strict-overflow -Wsign-compare -Wunreachable-code -DNDEBUG -g -O3 -Wall    -std=c11 -Wextra -Wno-unused-parameter -Wno-missing-field-initializers -Wstrict-prototypes -Werror=implicit-function-declaration -fvisibility=hidden  -I/data/data/com.termux/files/home/markoss/.buildozer/android/platform/build-arm64-v8a_armeabi-v7a/build/other_builds/hostpython3/desktop/hostpython3/Include/internal -I/data/data/com.termux/files/home/markoss/.buildozer/android/platform/build-arm64-v8a_armeabi-v7a/build/other_builds/hostpython3/desktop/hostpython3/Include/internal/mimalloc -IObjects -IInclude -IPython -I. -I/data/data/com.termux/files/home/markoss/.buildozer/android/platform/build-arm64-v8a_armeabi-v7a/build/other_builds/hostpython3/desktop/hostpython3/Include    -DPy_BUILD_CORE -o Parser/myreadline.o /data/data/com.termux/files/home/markoss/.buildozer/android/platform/build-arm64-v8a_armeabi-v7a/build/other_builds/hostpython3/desktop/hostpython3/Parser/myreadline.c
[1m[90m[DEBUG][39m[0m:   	gcc -c -fno-strict-overflow -Wsign-compare -Wunreachable-code -DNDEBUG -g -O3 -Wall    -std=c11 -Wextra -Wno-unused-parameter -Wno-missing-field-initializers -Wstrict-prototypes -Werror=implicit-function-declaration -fvisibility=hidden  -I/data/data/com.termux/files/home/markoss/.buildozer/android/platform/build-arm64-v8a_armeabi-v7a/build/other_builds/hostpython3/desktop/hostpython3/Include/internal -I/data/data/com.termux/files/home/markoss/.buildozer/android/platform/build-arm64-v8a_armeabi-v7a/build/other_builds/hostpython3/desktop/hostpython3/Include/internal/mimalloc -IObjects -IInclude -IPython -I. -I/data/data/com.termux/files/home/markoss/.buildozer/android/platform/build-arm64-v8a_armeabi-v7a/build/other_builds/hostpython3/desktop/hostpython3/Include    -DPy_BUILD_CORE -o Objects/abstract.o /data/data/com.termux/files/home/markoss/.buildozer/android/platform/build-arm64-v8a_armeabi-v7a/build/other_builds/hostpython3/desktop/hostpython3/Objects/abstract.c
[1m[90m[DEBUG][39m[0m:   	gcc -c -fno-strict-overflow -Wsign-compare -Wunreachable-code -DNDEBUG -g -O3 -Wall    -std=c11 -Wextra -Wno-unused-parameter -Wno-missing-field-initializers -Wstrict-prototypes -Werror=implicit-function-declaration -fvisibility=hidden  -I/data/data/com.termux/files/home/markoss/.buildozer/android/platform/build-arm64-v8a_armeabi-v7a/build/other_builds/hostpython3/desktop/hostpython3/Include/internal -I/data/data/com.termux/files/home/markoss/.buildozer/android/platform/build-arm64-v8a_armeabi-v7a/build/other_builds/hostpython3/desktop/hostpython3/Include/internal/mimalloc -IObjects -IInclude -IPython -I. -I/data/data/com.termux/files/home/markoss/.buildozer/android/platform/build-arm64-v8a_armeabi-v7a/build/other_builds/hostpython3/desktop/hostpython3/Include    -DPy_BUILD_CORE -o Objects/boolobject.o /data/data/com.termux/files/home/markoss/.buildozer/android/platform/build-arm64-v8a_armeabi-v7a/build/other_builds/hostpython3/desktop/hostpython3/Objects/boolobject.c
[1m[90m[DEBUG][39m[0m:   	gcc -c -fno-strict-overflow -Wsign-compare -Wunreachable-code -DNDEBUG -g -O3 -Wall    -std=c11 -Wextra -Wno-unused-parameter -Wno-missing-field-initializers -Wstrict-prototypes -Werror=implicit-function-declaration -fvisibility=hidden  -I/data/data/com.termux/files/home/markoss/.buildozer/android/platform/build-arm64-v8a_armeabi-v7a/build/other_builds/hostpython3/desktop/hostpython3/Include/internal -I/data/data/com.termux/files/home/markoss/.buildozer/android/platform/build-arm64-v8a_armeabi-v7a/build/other_builds/hostpython3/desktop/hostpython3/Include/internal/mimalloc -IObjects -IInclude -IPython -I. -I/data/data/com.termux/files/home/markoss/.buildozer/android/platform/build-arm64-v8a_armeabi-v7a/build/other_builds/hostpython3/desktop/hostpython3/Include    -DPy_BUILD_CORE -o Objects/bytes_methods.o /data/data/com.termux/files/home/markoss/.buildozer/android/platform/build-arm64-v8a_armeabi-v7a/build/other_builds/hostpython3/desktop/hostpython3/Objects/bytes_methods.c
[1m[90m[DEBUG][39m[0m:   	gcc -c -fno-strict-overflow -Wsign-compare -Wunreachable-code -DNDEBUG -g -O3 -Wall    -std=c11 -Wextra -Wno-unused-parameter -Wno-missing-field-initializers -Wstrict-prototypes -Werror=implicit-function-declaration -fvisibility=hidden  -I/data/data/com.termux/files/home/markoss/.buildozer/android/platform/build-arm64-v8a_armeabi-v7a/build/other_builds/hostpython3/desktop/hostpython3/Include/internal -I/data/data/com.termux/files/home/markoss/.buildozer/android/platform/build-arm64-v8a_armeabi-v7a/build/other_builds/hostpython3/desktop/hostpython3/Include/internal/mimalloc -IObjects -IInclude -IPython -I. -I/data/data/com.termux/files/home/markoss/.buildozer/android/platform/build-arm64-v8a_armeabi-v7a/build/other_builds/hostpython3/desktop/hostpython3/Include    -DPy_BUILD_CORE -o Objects/bytearrayobject.o /data/data/com.termux/files/home/markoss/.buildozer/android/platform/build-arm64-v8a_armeabi-v7a/build/other_builds/hostpython3/desktop/hostpython3/Objects/bytearrayobject.c
[1m[90m[DEBUG][39m[0m:   	gcc -c -fno-strict-overflow -Wsign-compare -Wunreachable-code -DNDEBUG -g -O3 -Wall    -std=c11 -Wextra -Wno-unused-parameter -Wno-missing-field-initializers -Wstrict-prototypes -Werror=implicit-function-declaration -fvisibility=hidden  -I/data/data/com.termux/files/home/markoss/.buildozer/android/platform/build-arm64-v8a_armeabi-v7a/build/other_builds/hostpython3/desktop/hostpython3/Include/internal -I/data/data/com.termux/files/home/markoss/.buildozer/android/platform/build-arm64-v8a_armeabi-v7a/build/other_builds/hostpython3/desktop/hostpython3/Include/internal/mimalloc -IObjects -IInclude -IPython -I. -I/data/data/com.termux/files/home/markoss/.buildozer/android/platform/build-arm64-v8a_armeabi-v7a/build/other_builds/hostpython3/desktop/hostpython3/Include    -DPy_BUILD_CORE -o Objects/bytesobject.o /data/data/com.termux/files/home/markoss/.buildozer/android/platform/build-arm64-v8a_armeabi-v7a/build/other_builds/hostpython3/desktop/hostpython3/Objects/bytesobject.c
[1m[90m[DEBUG][39m[0m:   	gcc -c -fno-strict-overflow -Wsign-compare -Wunreachable-code -DNDEBUG -g -O3 -Wall    -std=c11 -Wextra -Wno-unused-parameter -Wno-missing-field-initializers -Wstrict-prototypes -Werror=implicit-function-declaration -fvisibility=hidden  -I/data/data/com.termux/files/home/markoss/.buildozer/android/platform/build-arm64-v8a_armeabi-v7a/build/other_builds/hostpython3/desktop/hostpython3/Include/internal -I/data/data/com.termux/files/home/markoss/.buildozer/android/platform/build-arm64-v8a_armeabi-v7a/build/other_builds/hostpython3/desktop/hostpython3/Include/internal/mimalloc -IObjects -IInclude -IPython -I. -I/data/data/com.termux/files/home/markoss/.buildozer/android/platform/build-arm64-v8a_armeabi-v7a/build/other_builds/hostpython3/desktop/hostpython3/Include    -DPy_BUILD_CORE -o Objects/call.o /data/data/com.termux/files/home/markoss/.buildozer/android/platform/build-arm64-v8a_armeabi-v7a/build/other_builds/hostpython3/desktop/hostpython3/Objects/call.c
[1m[90m[DEBUG][39m[0m:   	gcc -c -fno-strict-overflow -Wsign-compare -Wunreachable-code -DNDEBUG -g -O3 -Wall    -std=c11 -Wextra -Wno-unused-parameter -Wno-missing-field-initializers -Wstrict-prototypes -Werror=implicit-function-declaration -fvisibility=hidden  -I/data/data/com.termux/files/home/markoss/.buildozer/android/platform/build-arm64-v8a_armeabi-v7a/build/other_builds/hostpython3/desktop/hostpython3/Include/internal -I/data/data/com.termux/files/home/markoss/.buildozer/android/platform/build-arm64-v8a_armeabi-v7a/build/other_builds/hostpython3/desktop/hostpython3/Include/internal/mimalloc -IObjects -IInclude -IPython -I. -I/data/data/com.termux/files/home/markoss/.buildozer/android/platform/build-arm64-v8a_armeabi-v7a/build/other_builds/hostpython3/desktop/hostpython3/Include    -DPy_BUILD_CORE -o Objects/capsule.o /data/data/com.termux/files/home/markoss/.buildozer/android/platform/build-arm64-v8a_armeabi-v7a/build/other_builds/hostpython3/desktop/hostpython3/Objects/capsule.c
[1m[90m[DEBUG][39m[0m:   	gcc -c -fno-strict-overflow -Wsign-compare -Wunreachable-code -DNDEBUG -g -O3 -Wall    -std=c11 -Wextra -Wno-unused-parameter -Wno-missing-field-initializers -Wstrict-prototypes -Werror=implicit-function-declaration -fvisibility=hidden  -I/data/data/com.termux/files/home/markoss/.buildozer/android/platform/build-arm64-v8a_armeabi-v7a/build/other_builds/hostpython3/desktop/hostpython3/Include/internal -I/data/data/com.termux/files/home/markoss/.buildozer/android/platform/build-arm64-v8a_armeabi-v7a/build/other_builds/hostpython3/desktop/hostpython3/Include/internal/mimalloc -IObjects -IInclude -IPython -I. -I/data/data/com.termux/files/home/markoss/.buildozer/android/platform/build-arm64-v8a_armeabi-v7a/build/other_builds/hostpython3/desktop/hostpython3/Include    -DPy_BUILD_CORE -o Objects/cellobject.o /data/data/com.termux/files/home/markoss/.buildozer/android/platform/build-arm64-v8a_armeabi-v7a/build/other_builds/hostpython3/desktop/hostpython3/Objects/cellobject.c
[1m[90m[DEBUG][39m[0m:   	gcc -c -fno-strict-overflow -Wsign-compare -Wunreachable-code -DNDEBUG -g -O3 -Wall    -std=c11 -Wextra -Wno-unused-parameter -Wno-missing-field-initializers -Wstrict-prototypes -Werror=implicit-function-declaration -fvisibility=hidden  -I/data/data/com.termux/files/home/markoss/.buildozer/android/platform/build-arm64-v8a_armeabi-v7a/build/other_builds/hostpython3/desktop/hostpython3/Include/internal -I/data/data/com.termux/files/home/markoss/.buildozer/android/platform/build-arm64-v8a_armeabi-v7a/build/other_builds/hostpython3/desktop/hostpython3/Include/internal/mimalloc -IObjects -IInclude -IPython -I. -I/data/data/com.termux/files/home/markoss/.buildozer/android/platform/build-arm64-v8a_armeabi-v7a/build/other_builds/hostpython3/desktop/hostpython3/Include    -DPy_BUILD_CORE -o Objects/classobject.o /data/data/com.termux/files/home/markoss/.buildozer/android/platform/build-arm64-v8a_armeabi-v7a/build/other_builds/hostpython3/desktop/hostpython3/Objects/classobject.c
[1m[90m[DEBUG][39m[0m:   	gcc -c -fno-strict-overflow -Wsign-compare -Wunreachable-code -DNDEBUG -g -O3 -Wall    -std=c11 -Wextra -Wno-unused-parameter -Wno-missing-field-initializers -Wstrict-prototypes -Werror=implicit-function-declaration -fvisibility=hidden  -I/data/data/com.termux/files/home/markoss/.buildozer/android/platform/build-arm64-v8a_armeabi-v7a/build/other_builds/hostpython3/desktop/hostpython3/Include/internal -I/data/data/com.termux/files/home/markoss/.buildozer/android/platform/build-arm64-v8a_armeabi-v7a/build/other_builds/hostpython3/desktop/hostpython3/Include/internal/mimalloc -IObjects -IInclude -IPython -I. -I/data/data/com.termux/files/home/markoss/.buildozer/android/platform/build-arm64-v8a_armeabi-v7a/build/other_builds/hostpython3/desktop/hostpython3/Include    -DPy_BUILD_CORE -o Objects/codeobject.o /data/data/com.termux/files/home/markoss/.buildozer/android/platform/build-arm64-v8a_armeabi-v7a/build/other_builds/hostpython3/desktop/hostpython3/Objects/codeobject.c
[1m[90m[DEBUG][39m[0m:   	gcc -c -fno-strict-overflow -Wsign-compare -Wunreachable-code -DNDEBUG -g -O3 -Wall    -std=c11 -Wextra -Wno-unused-parameter -Wno-missing-field-initializers -Wstrict-prototypes -Werror=implicit-function-declaration -fvisibility=hidden  -I/data/data/com.termux/files/home/markoss/.buildozer/android/platform/build-arm64-v8a_armeabi-v7a/build/other_builds/hostpython3/desktop/hostpython3/Include/internal -I/data/data/com.termux/files/home/markoss/.buildozer/android/platform/build-arm64-v8a_armeabi-v7a/build/other_builds/hostpython3/desktop/hostpython3/Include/internal/mimalloc -IObjects -IInclude -IPython -I. -I/data/data/com.termux/files/home/markoss/.buildozer/android/platform/build-arm64-v8a_armeabi-v7a/build/other_builds/hostpython3/desktop/hostpython3/Include    -DPy_BUILD_CORE -o Objects/complexobject.o /data/data/com.termux/files/home/markoss/.buildozer/android/platform/build-arm64-v8a_armeabi-v7a/build/other_builds/hostpython3/desktop/hostpython3/Objects/complexobject.c
[1m[90m[DEBUG][39m[0m:   	gcc -c -fno-strict-overflow -Wsign-compare -Wunreachable-code -DNDEBUG -g -O3 -Wall    -std=c11 -Wextra -Wno-unused-parameter -Wno-missing-field-initializers -Wstrict-prototypes -Werror=implicit-function-declaration -fvisibility=hidden  -I/data/data/com.termux/files/home/markoss/.buildozer/android/platform/build-arm64-v8a_armeabi-v7a/build/other_builds/hostpython3/desktop/hostpython3/Include/internal -I/data/data/com.termux/files/home/markoss/.buildozer/android/platform/build-arm64-v8a_armeabi-v7a/build/other_builds/hostpython3/desktop/hostpython3/Include/internal/mimalloc -IObjects -IInclude -IPython -I. -I/data/data/com.termux/files/home/markoss/.buildozer/android/platform/build-arm64-v8a_armeabi-v7a/build/other_builds/hostpython3/desktop/hostpython3/Include    -DPy_BUILD_CORE -o Objects/descrobject.o /data/data/com.termux/files/home/markoss/.buildozer/android/platform/build-arm64-v8a_armeabi-v7a/build/other_builds/hostpython3/desktop/hostpython3/Objects/descrobject.c
[1m[90m[DEBUG][39m[0m:   	gcc -c -fno-strict-overflow -Wsign-compare -Wunreachable-code -DNDEBUG -g -O3 -Wall    -std=c11 -Wextra -Wno-unused-parameter -Wno-missing-field-initializers -Wstrict-prototypes -Werror=implicit-function-declaration -fvisibility=hidden  -I/data/data/com.termux/files/home/markoss/.buildozer/android/platform/build-arm64-v8a_armeabi-v7a/build/other_builds/hostpython3/desktop/hostpython3/Include/internal -I/data/data/com.termux/files/home/markoss/.buildozer/android/platform/build-arm64-v8a_armeabi-v7a/build/other_builds/hostpython3/desktop/hostpython3/Include/internal/mimalloc -IObjects -IInclude -IPython -I. -I/data/data/com.termux/files/home/markoss/.buildozer/android/platform/build-arm64-v8a_armeabi-v7a/build/other_builds/hostpython3/desktop/hostpython3/Include    -DPy_BUILD_CORE -o Objects/enumobject.o /data/data/com.termux/files/home/markoss/.buildozer/android/platform/build-arm64-v8a_armeabi-v7a/build/other_builds/hostpython3/desktop/hostpython3/Objects/enumobject.c
[1m[90m[DEBUG][39m[0m:   	gcc -c -fno-strict-overflow -Wsign-compare -Wunreachable-code -DNDEBUG -g -O3 -Wall    -std=c11 -Wextra -Wno-unused-parameter -Wno-missing-field-initializers -Wstrict-prototypes -Werror=implicit-function-declaration -fvisibility=hidden  -I/data/data/com.termux/files/home/markoss/.buildozer/android/platform/build-arm64-v8a_armeabi-v7a/build/other_builds/hostpython3/desktop/hostpython3/Include/internal -I/data/data/com.termux/files/home/markoss/.buildozer/android/platform/build-arm64-v8a_armeabi-v7a/build/other_builds/hostpython3/desktop/hostpython3/Include/internal/mimalloc -IObjects -IInclude -IPython -I. -I/data/data/com.termux/files/home/markoss/.buildozer/android/platform/build-arm64-v8a_armeabi-v7a/build/other_builds/hostpython3/desktop/hostpython3/Include    -DPy_BUILD_CORE -o Objects/exceptions.o /data/data/com.termux/files/home/markoss/.buildozer/android/platform/build-arm64-v8a_armeabi-v7a/build/other_builds/hostpython3/desktop/hostpython3/Objects/exceptions.c
[1m[90m[DEBUG][39m[0m:   	gcc -c -fno-strict-overflow -Wsign-compare -Wunreachable-code -DNDEBUG -g -O3 -Wall    -std=c11 -Wextra -Wno-unused-parameter -Wno-missing-field-initializers -Wstrict-prototypes -Werror=implicit-function-declaration -fvisibility=hidden  -I/data/data/com.termux/files/home/markoss/.buildozer/android/platform/build-arm64-v8a_armeabi-v7a/build/other_builds/hostpython3/desktop/hostpython3/Include/internal -I/data/data/com.termux/files/home/markoss/.buildozer/android/platform/build-arm64-v8a_armeabi-v7a/build/other_builds/hostpython3/desktop/hostpython3/Include/internal/mimalloc -IObjects -IInclude -IPython -I. -I/data/data/com.termux/files/home/markoss/.buildozer/android/platform/build-arm64-v8a_armeabi-v7a/build/other_builds/hostpython3/desktop/hostpython3/Include    -DPy_BUILD_CORE -o Objects/genericaliasobject.o /data/data/com.termux/files/home/markoss/.buildozer/android/platform/build-arm64-v8a_armeabi-v7a/build/other_builds/hostpython3/desktop/hostpython3/Objects/genericaliasobject.c
[1m[90m[DEBUG][39m[0m:   	gcc -c -fno-strict-overflow -Wsign-compare -Wunreachable-code -DNDEBUG -g -O3 -Wall    -std=c11 -Wextra -Wno-unused-parameter -Wno-missing-field-initializers -Wstrict-prototypes -Werror=implicit-function-declaration -fvisibility=hidden  -I/data/data/com.termux/files/home/markoss/.buildozer/android/platform/build-arm64-v8a_armeabi-v7a/build/other_builds/hostpython3/desktop/hostpython3/Include/internal -I/data/data/com.termux/files/home/markoss/.buildozer/android/platform/build-arm64-v8a_armeabi-v7a/build/other_builds/hostpython3/desktop/hostpython3/Include/internal/mimalloc -IObjects -IInclude -IPython -I. -I/data/data/com.termux/files/home/markoss/.buildozer/android/platform/build-arm64-v8a_armeabi-v7a/build/other_builds/hostpython3/desktop/hostpython3/Include    -DPy_BUILD_CORE -o Objects/genobject.o /data/data/com.termux/files/home/markoss/.buildozer/android/platform/build-arm64-v8a_armeabi-v7a/build/other_builds/hostpython3/desktop/hostpython3/Objects/genobject.c
[1m[90m[DEBUG][39m[0m:   	gcc -c -fno-strict-overflow -Wsign-compare -Wunreachable-code -DNDEBUG -g -O3 -Wall    -std=c11 -Wextra -Wno-unused-parameter -Wno-missing-field-initializers -Wstrict-prototypes -Werror=implicit-function-declaration -fvisibility=hidden  -I/data/data/com.termux/files/home/markoss/.buildozer/android/platform/build-arm64-v8a_armeabi-v7a/build/other_builds/hostpython3/desktop/hostpython3/Include/internal -I/data/data/com.termux/files/home/markoss/.buildozer/android/platform/build-arm64-v8a_armeabi-v7a/build/other_builds/hostpython3/desktop/hostpython3/Include/internal/mimalloc -IObjects -IInclude -IPython -I. -I/data/data/com.termux/files/home/markoss/.buildozer/android/platform/build-arm64-v8a_armeabi-v7a/build/other_builds/hostpython3/desktop/hostpython3/Include    -DPy_BUILD_CORE -o Objects/fileobject.o /data/data/com.termux/files/home/markoss/.buildozer/android/platform/build-arm64-v8a_armeabi-v7a/build/other_builds/hostpython3/desktop/hostpython3/Objects/fileobject.c
[1m[90m[DEBUG][39m[0m:   	gcc -c -fno-strict-overflow -Wsign-compare -Wunreachable-code -DNDEBUG -g -O3 -Wall    -std=c11 -Wextra -Wno-unused-parameter -Wno-missing-field-initializers -Wstrict-prototypes -Werror=implicit-function-declaration -fvisibility=hidden  -I/data/data/com.termux/files/home/markoss/.buildozer/android/platform/build-arm64-v8a_armeabi-v7a/build/other_builds/hostpython3/desktop/hostpython3/Include/internal -I/data/data/com.termux/files/home/markoss/.buildozer/android/platform/build-arm64-v8a_armeabi-v7a/build/other_builds/hostpython3/desktop/hostpython3/Include/internal/mimalloc -IObjects -IInclude -IPython -I. -I/data/data/com.termux/files/home/markoss/.buildozer/android/platform/build-arm64-v8a_armeabi-v7a/build/other_builds/hostpython3/desktop/hostpython3/Include    -DPy_BUILD_CORE -o Objects/floatobject.o /data/data/com.termux/files/home/markoss/.buildozer/android/platform/build-arm64-v8a_armeabi-v7a/build/other_builds/hostpython3/desktop/hostpython3/Objects/floatobject.c
[1m[90m[DEBUG][39m[0m:   	gcc -c -fno-strict-overflow -Wsign-compare -Wunreachable-code -DNDEBUG -g -O3 -Wall    -std=c11 -Wextra -Wno-unused-parameter -Wno-missing-field-initializers -Wstrict-prototypes -Werror=implicit-function-declaration -fvisibility=hidden  -I/data/data/com.termux/files/home/markoss/.buildozer/android/platform/build-arm64-v8a_armeabi-v7a/build/other_builds/hostpython3/desktop/hostpython3/Include/internal -I/data/data/com.termux/files/home/markoss/.buildozer/android/platform/build-arm64-v8a_armeabi-v7a/build/other_builds/hostpython3/desktop/hostpython3/Include/internal/mimalloc -IObjects -IInclude -IPython -I. -I/data/data/com.termux/files/home/markoss/.buildozer/android/platform/build-arm64-v8a_armeabi-v7a/build/other_builds/hostpython3/desktop/hostpython3/Include    -DPy_BUILD_CORE -o Objects/frameobject.o /data/data/com.termux/files/home/markoss/.buildozer/android/platform/build-arm64-v8a_armeabi-v7a/build/other_builds/hostpython3/desktop/hostpython3/Objects/frameobject.c
[1m[90m[DEBUG][39m[0m:   	gcc -c -fno-strict-overflow -Wsign-compare -Wunreachable-code -DNDEBUG -g -O3 -Wall    -std=c11 -Wextra -Wno-unused-parameter -Wno-missing-field-initializers -Wstrict-prototypes -Werror=implicit-function-declaration -fvisibility=hidden  -I/data/data/com.termux/files/home/markoss/.buildozer/android/platform/build-arm64-v8a_armeabi-v7a/build/other_builds/hostpython3/desktop/hostpython3/Include/internal -I/data/data/com.termux/files/home/markoss/.buildozer/android/platform/build-arm64-v8a_armeabi-v7a/build/other_builds/hostpython3/desktop/hostpython3/Include/internal/mimalloc -IObjects -IInclude -IPython -I. -I/data/data/com.termux/files/home/markoss/.buildozer/android/platform/build-arm64-v8a_armeabi-v7a/build/other_builds/hostpython3/desktop/hostpython3/Include    -DPy_BUILD_CORE -o Objects/funcobject.o /data/data/com.termux/files/home/markoss/.buildozer/android/platform/build-arm64-v8a_armeabi-v7a/build/other_builds/hostpython3/desktop/hostpython3/Objects/funcobject.c
[1m[90m[DEBUG][39m[0m:   	gcc -c -fno-strict-overflow -Wsign-compare -Wunreachable-code -DNDEBUG -g -O3 -Wall    -std=c11 -Wextra -Wno-unused-parameter -Wno-missing-field-initializers -Wstrict-prototypes -Werror=implicit-function-declaration -fvisibility=hidden  -I/data/data/com.termux/files/home/markoss/.buildozer/android/platform/build-arm64-v8a_armeabi-v7a/build/other_builds/hostpython3/desktop/hostpython3/Include/internal -I/data/data/com.termux/files/home/markoss/.buildozer/android/platform/build-arm64-v8a_armeabi-v7a/build/other_builds/hostpython3/desktop/hostpython3/Include/internal/mimalloc -IObjects -IInclude -IPython -I. -I/data/data/com.termux/files/home/markoss/.buildozer/android/platform/build-arm64-v8a_armeabi-v7a/build/other_builds/hostpython3/desktop/hostpython3/Include    -DPy_BUILD_CORE -o Objects/interpolationobject.o /data/data/com.termux/files/home/markoss/.buildozer/android/platform/build-arm64-v8a_armeabi-v7a/build/other_builds/hostpython3/desktop/hostpython3/Objects/interpolationobject.c
[1m[90m[DEBUG][39m[0m:   	gcc -c -fno-strict-overflow -Wsign-compare -Wunreachable-code -DNDEBUG -g -O3 -Wall    -std=c11 -Wextra -Wno-unused-parameter -Wno-missing-field-initializers -Wstrict-prototypes -Werror=implicit-function-declaration -fvisibility=hidden  -I/data/data/com.termux/files/home/markoss/.buildozer/android/platform/build-arm64-v8a_armeabi-v7a/build/other_builds/hostpython3/desktop/hostpython3/Include/internal -I/data/data/com.termux/files/home/markoss/.buildozer/android/platform/build-arm64-v8a_armeabi-v7a/build/other_builds/hostpython3/desktop/hostpython3/Include/internal/mimalloc -IObjects -IInclude -IPython -I. -I/data/data/com.termux/files/home/markoss/.buildozer/android/platform/build-arm64-v8a_armeabi-v7a/build/other_builds/hostpython3/desktop/hostpython3/Include    -DPy_BUILD_CORE -o Objects/iterobject.o /data/data/com.termux/files/home/markoss/.buildozer/android/platform/build-arm64-v8a_armeabi-v7a/build/other_builds/hostpython3/desktop/hostpython3/Objects/iterobject.c
[1m[90m[DEBUG][39m[0m:   	gcc -c -fno-strict-overflow -Wsign-compare -Wunreachable-code -DNDEBUG -g -O3 -Wall    -std=c11 -Wextra -Wno-unused-parameter -Wno-missing-field-initializers -Wstrict-prototypes -Werror=implicit-function-declaration -fvisibility=hidden  -I/data/data/com.termux/files/home/markoss/.buildozer/android/platform/build-arm64-v8a_armeabi-v7a/build/other_builds/hostpython3/desktop/hostpython3/Include/internal -I/data/data/com.termux/files/home/markoss/.buildozer/android/platform/build-arm64-v8a_armeabi-v7a/build/other_builds/hostpython3/desktop/hostpython3/Include/internal/mimalloc -IObjects -IInclude -IPython -I. -I/data/data/com.termux/files/home/markoss/.buildozer/android/platform/build-arm64-v8a_armeabi-v7a/build/other_builds/hostpython3/desktop/hostpython3/Include    -DPy_BUILD_CORE -o Objects/listobject.o /data/data/com.termux/files/home/markoss/.buildozer/android/platform/build-arm64-v8a_armeabi-v7a/build/other_builds/hostpython3/desktop/hostpython3/Objects/listobject.c
[1m[90m[DEBUG][39m[0m:   	gcc -c -fno-strict-overflow -Wsign-compare -Wunreachable-code -DNDEBUG -g -O3 -Wall    -std=c11 -Wextra -Wno-unused-parameter -Wno-missing-field-initializers -Wstrict-prototypes -Werror=implicit-function-declaration -fvisibility=hidden  -I/data/data/com.termux/files/home/markoss/.buildozer/android/platform/build-arm64-v8a_armeabi-v7a/build/other_builds/hostpython3/desktop/hostpython3/Include/internal -I/data/data/com.termux/files/home/markoss/.buildozer/android/platform/build-arm64-v8a_armeabi-v7a/build/other_builds/hostpython3/desktop/hostpython3/Include/internal/mimalloc -IObjects -IInclude -IPython -I. -I/data/data/com.termux/files/home/markoss/.buildozer/android/platform/build-arm64-v8a_armeabi-v7a/build/other_builds/hostpython3/desktop/hostpython3/Include    -DPy_BUILD_CORE -o Objects/longobject.o /data/data/com.termux/files/home/markoss/.buildozer/android/platform/build-arm64-v8a_armeabi-v7a/build/other_builds/hostpython3/desktop/hostpython3/Objects/longobject.c
[1m[90m[DEBUG][39m[0m:   	gcc -c -fno-strict-overflow -Wsign-compare -Wunreachable-code -DNDEBUG -g -O3 -Wall    -std=c11 -Wextra -Wno-unused-parameter -Wno-missing-field-initializers -Wstrict-prototypes -Werror=implicit-function-declaration -fvisibility=hidden  -I/data/data/com.termux/files/home/markoss/.buildozer/android/platform/build-arm64-v8a_armeabi-v7a/build/other_builds/hostpython3/desktop/hostpython3/Include/internal -I/data/data/com.termux/files/home/markoss/.buildozer/android/platform/build-arm64-v8a_armeabi-v7a/build/other_builds/hostpython3/desktop/hostpython3/Include/internal/mimalloc -IObjects -IInclude -IPython -I. -I/data/data/com.termux/files/home/markoss/.buildozer/android/platform/build-arm64-v8a_armeabi-v7a/build/other_builds/hostpython3/desktop/hostpython3/Include    -DPy_BUILD_CORE -o Objects/dictobject.o /data/data/com.termux/files/home/markoss/.buildozer/android/platform/build-arm64-v8a_armeabi-v7a/build/other_builds/hostpython3/desktop/hostpython3/Objects/dictobject.c
[1m[90m[DEBUG][39m[0m:   	gcc -c -fno-strict-overflow -Wsign-compare -Wunreachable-code -DNDEBUG -g -O3 -Wall    -std=c11 -Wextra -Wno-unused-parameter -Wno-missing-field-initializers -Wstrict-prototypes -Werror=implicit-function-declaration -fvisibility=hidden  -I/data/data/com.termux/files/home/markoss/.buildozer/android/platform/build-arm64-v8a_armeabi-v7a/build/other_builds/hostpython3/desktop/hostpython3/Include/internal -I/data/data/com.termux/files/home/markoss/.buildozer/android/platform/build-arm64-v8a_armeabi-v7a/build/other_builds/hostpython3/desktop/hostpython3/Include/internal/mimalloc -IObjects -IInclude -IPython -I. -I/data/data/com.termux/files/home/markoss/.buildozer/android/platform/build-arm64-v8a_armeabi-v7a/build/other_builds/hostpython3/desktop/hostpython3/Include    -DPy_BUILD_CORE -o Objects/odictobject.o /data/data/com.termux/files/home/markoss/.buildozer/android/platform/build-arm64-v8a_armeabi-v7a/build/other_builds/hostpython3/desktop/hostpython3/Objects/odictobject.c
[1m[90m[DEBUG][39m[0m:   	gcc -c -fno-strict-overflow -Wsign-compare -Wunreachable-code -DNDEBUG -g -O3 -Wall    -std=c11 -Wextra -Wno-unused-parameter -Wno-missing-field-initializers -Wstrict-prototypes -Werror=implicit-function-declaration -fvisibility=hidden  -I/data/data/com.termux/files/home/markoss/.buildozer/android/platform/build-arm64-v8a_armeabi-v7a/build/other_builds/hostpython3/desktop/hostpython3/Include/internal -I/data/data/com.termux/files/home/markoss/.buildozer/android/platform/build-arm64-v8a_armeabi-v7a/build/other_builds/hostpython3/desktop/hostpython3/Include/internal/mimalloc -IObjects -IInclude -IPython -I. -I/data/data/com.termux/files/home/markoss/.buildozer/android/platform/build-arm64-v8a_armeabi-v7a/build/other_builds/hostpython3/desktop/hostpython3/Include    -DPy_BUILD_CORE -o Objects/memoryobject.o /data/data/com.termux/files/home/markoss/.buildozer/android/platform/build-arm64-v8a_armeabi-v7a/build/other_builds/hostpython3/desktop/hostpython3/Objects/memoryobject.c
[1m[90m[DEBUG][39m[0m:   	gcc -c -fno-strict-overflow -Wsign-compare -Wunreachable-code -DNDEBUG -g -O3 -Wall    -std=c11 -Wextra -Wno-unused-parameter -Wno-missing-field-initializers -Wstrict-prototypes -Werror=implicit-function-declaration -fvisibility=hidden  -I/data/data/com.termux/files/home/markoss/.buildozer/android/platform/build-arm64-v8a_armeabi-v7a/build/other_builds/hostpython3/desktop/hostpython3/Include/internal -I/data/data/com.termux/files/home/markoss/.buildozer/android/platform/build-arm64-v8a_armeabi-v7a/build/other_builds/hostpython3/desktop/hostpython3/Include/internal/mimalloc -IObjects -IInclude -IPython -I. -I/data/data/com.termux/files/home/markoss/.buildozer/android/platform/build-arm64-v8a_armeabi-v7a/build/other_builds/hostpython3/desktop/hostpython3/Include    -DPy_BUILD_CORE -o Objects/methodobject.o /data/data/com.termux/files/home/markoss/.buildozer/android/platform/build-arm64-v8a_armeabi-v7a/build/other_builds/hostpython3/desktop/hostpython3/Objects/methodobject.c
[1m[90m[DEBUG][39m[0m:   	gcc -c -fno-strict-overflow -Wsign-compare -Wunreachable-code -DNDEBUG -g -O3 -Wall    -std=c11 -Wextra -Wno-unused-parameter -Wno-missing-field-initializers -Wstrict-prototypes -Werror=implicit-function-declaration -fvisibility=hidden  -I/data/data/com.termux/files/home/markoss/.buildozer/android/platform/build-arm64-v8a_armeabi-v7a/build/other_builds/hostpython3/desktop/hostpython3/Include/internal -I/data/data/com.termux/files/home/markoss/.buildozer/android/platform/build-arm64-v8a_armeabi-v7a/build/other_builds/hostpython3/desktop/hostpython3/Include/internal/mimalloc -IObjects -IInclude -IPython -I. -I/data/data/com.termux/files/home/markoss/.buildozer/android/platform/build-arm64-v8a_armeabi-v7a/build/other_builds/hostpython3/desktop/hostpython3/Include    -DPy_BUILD_CORE -o Objects/moduleobject.o /data/data/com.termux/files/home/markoss/.buildozer/android/platform/build-arm64-v8a_armeabi-v7a/build/other_builds/hostpython3/desktop/hostpython3/Objects/moduleobject.c
[1m[90m[DEBUG][39m[0m:   	gcc -c -fno-strict-overflow -Wsign-compare -Wunreachable-code -DNDEBUG -g -O3 -Wall    -std=c11 -Wextra -Wno-unused-parameter -Wno-missing-field-initializers -Wstrict-prototypes -Werror=implicit-function-declaration -fvisibility=hidden  -I/data/data/com.termux/files/home/markoss/.buildozer/android/platform/build-arm64-v8a_armeabi-v7a/build/other_builds/hostpython3/desktop/hostpython3/Include/internal -I/data/data/com.termux/files/home/markoss/.buildozer/android/platform/build-arm64-v8a_armeabi-v7a/build/other_builds/hostpython3/desktop/hostpython3/Include/internal/mimalloc -IObjects -IInclude -IPython -I. -I/data/data/com.termux/files/home/markoss/.buildozer/android/platform/build-arm64-v8a_armeabi-v7a/build/other_builds/hostpython3/desktop/hostpython3/Include    -DPy_BUILD_CORE -o Objects/namespaceobject.o /data/data/com.termux/files/home/markoss/.buildozer/android/platform/build-arm64-v8a_armeabi-v7a/build/other_builds/hostpython3/desktop/hostpython3/Objects/namespaceobject.c
[1m[90m[DEBUG][39m[0m:   	gcc -c -fno-strict-overflow -Wsign-compare -Wunreachable-code -DNDEBUG -g -O3 -Wall    -std=c11 -Wextra -Wno-unused-parameter -Wno-missing-field-initializers -Wstrict-prototypes -Werror=implicit-function-declaration -fvisibility=hidden  -I/data/data/com.termux/files/home/markoss/.buildozer/android/platform/build-arm64-v8a_armeabi-v7a/build/other_builds/hostpython3/desktop/hostpython3/Include/internal -I/data/data/com.termux/files/home/markoss/.buildozer/android/platform/build-arm64-v8a_armeabi-v7a/build/other_builds/hostpython3/desktop/hostpython3/Include/internal/mimalloc -IObjects -IInclude -IPython -I. -I/data/data/com.termux/files/home/markoss/.buildozer/android/platform/build-arm64-v8a_armeabi-v7a/build/other_builds/hostpython3/desktop/hostpython3/Include    -DPy_BUILD_CORE -o Objects/object.o /data/data/com.termux/files/home/markoss/.buildozer/android/platform/build-arm64-v8a_armeabi-v7a/build/other_builds/hostpython3/desktop/hostpython3/Objects/object.c
[1m[90m[DEBUG][39m[0m:   	gcc -c -fno-strict-overflow -Wsign-compare -Wunreachable-code -DNDEBUG -g -O3 -Wall    -std=c11 -Wextra -Wno-unused-parameter -Wno-missing-field-initializers -Wstrict-prototypes -Werror=implicit-function-declaration -fvisibility=hidden  -I/data/data/com.termux/files/home/markoss/.buildozer/android/platform/build-arm64-v8a_armeabi-v7a/build/other_builds/hostpython3/desktop/hostpython3/Include/internal -I/data/data/com.termux/files/home/markoss/.buildozer/android/platform/build-arm64-v8a_armeabi-v7a/build/other_builds/hostpython3/desktop/hostpython3/Include/internal/mimalloc -IObjects -IInclude -IPython -I. -I/data/data/com.termux/files/home/markoss/.buildozer/android/platform/build-arm64-v8a_armeabi-v7a/build/other_builds/hostpython3/desktop/hostpython3/Include    -DPy_BUILD_CORE -o Objects/obmalloc.o /data/data/com.termux/files/home/markoss/.buildozer/android/platform/build-arm64-v8a_armeabi-v7a/build/other_builds/hostpython3/desktop/hostpython3/Objects/obmalloc.c
[1m[90m[DEBUG][39m[0m:   	gcc -c -fno-strict-overflow -Wsign-compare -Wunreachable-code -DNDEBUG -g -O3 -Wall    -std=c11 -Wextra -Wno-unused-parameter -Wno-missing-field-initializers -Wstrict-prototypes -Werror=implicit-function-declaration -fvisibility=hidden  -I/data/data/com.termux/files/home/markoss/.buildozer/android/platform/build-arm64-v8a_armeabi-v7a/build/other_builds/hostpython3/desktop/hostpython3/Include/internal -I/data/data/com.termux/files/home/markoss/.buildozer/android/platform/build-arm64-v8a_armeabi-v7a/build/other_builds/hostpython3/desktop/hostpython3/Include/internal/mimalloc -IObjects -IInclude -IPython -I. -I/data/data/com.termux/files/home/markoss/.buildozer/android/platform/build-arm64-v8a_armeabi-v7a/build/other_builds/hostpython3/desktop/hostpython3/Include    -DPy_BUILD_CORE -o Objects/picklebufobject.o /data/data/com.termux/files/home/markoss/.buildozer/android/platform/build-arm64-v8a_armeabi-v7a/build/other_builds/hostpython3/desktop/hostpython3/Objects/picklebufobject.c
[1m[90m[DEBUG][39m[0m:   	gcc -c -fno-strict-overflow -Wsign-compare -Wunreachable-code -DNDEBUG -g -O3 -Wall    -std=c11 -Wextra -Wno-unused-parameter -Wno-missing-field-initializers -Wstrict-prototypes -Werror=implicit-function-declaration -fvisibility=hidden  -I/data/data/com.termux/files/home/markoss/.buildozer/android/platform/build-arm64-v8a_armeabi-v7a/build/other_builds/hostpython3/desktop/hostpython3/Include/internal -I/data/data/com.termux/files/home/markoss/.buildozer/android/platform/build-arm64-v8a_armeabi-v7a/build/other_builds/hostpython3/desktop/hostpython3/Include/internal/mimalloc -IObjects -IInclude -IPython -I. -I/data/data/com.termux/files/home/markoss/.buildozer/android/platform/build-arm64-v8a_armeabi-v7a/build/other_builds/hostpython3/desktop/hostpython3/Include    -DPy_BUILD_CORE -o Objects/rangeobject.o /data/data/com.termux/files/home/markoss/.buildozer/android/platform/build-arm64-v8a_armeabi-v7a/build/other_builds/hostpython3/desktop/hostpython3/Objects/rangeobject.c
[1m[90m[DEBUG][39m[0m:   	gcc -c -fno-strict-overflow -Wsign-compare -Wunreachable-code -DNDEBUG -g -O3 -Wall    -std=c11 -Wextra -Wno-unused-parameter -Wno-missing-field-initializers -Wstrict-prototypes -Werror=implicit-function-declaration -fvisibility=hidden  -I/data/data/com.termux/files/home/markoss/.buildozer/android/platform/build-arm64-v8a_armeabi-v7a/build/other_builds/hostpython3/desktop/hostpython3/Include/internal -I/data/data/com.termux/files/home/markoss/.buildozer/android/platform/build-arm64-v8a_armeabi-v7a/build/other_builds/hostpython3/desktop/hostpython3/Include/internal/mimalloc -IObjects -IInclude -IPython -I. -I/data/data/com.termux/files/home/markoss/.buildozer/android/platform/build-arm64-v8a_armeabi-v7a/build/other_builds/hostpython3/desktop/hostpython3/Include    -DPy_BUILD_CORE -o Objects/setobject.o /data/data/com.termux/files/home/markoss/.buildozer/android/platform/build-arm64-v8a_armeabi-v7a/build/other_builds/hostpython3/desktop/hostpython3/Objects/setobject.c
[1m[90m[DEBUG][39m[0m:   	gcc -c -fno-strict-overflow -Wsign-compare -Wunreachable-code -DNDEBUG -g -O3 -Wall    -std=c11 -Wextra -Wno-unused-parameter -Wno-missing-field-initializers -Wstrict-prototypes -Werror=implicit-function-declaration -fvisibility=hidden  -I/data/data/com.termux/files/home/markoss/.buildozer/android/platform/build-arm64-v8a_armeabi-v7a/build/other_builds/hostpython3/desktop/hostpython3/Include/internal -I/data/data/com.termux/files/home/markoss/.buildozer/android/platform/build-arm64-v8a_armeabi-v7a/build/other_builds/hostpython3/desktop/hostpython3/Include/internal/mimalloc -IObjects -IInclude -IPython -I. -I/data/data/com.termux/files/home/markoss/.buildozer/android/platform/build-arm64-v8a_armeabi-v7a/build/other_builds/hostpython3/desktop/hostpython3/Include    -DPy_BUILD_CORE -o Objects/sliceobject.o /data/data/com.termux/files/home/markoss/.buildozer/android/platform/build-arm64-v8a_armeabi-v7a/build/other_builds/hostpython3/desktop/hostpython3/Objects/sliceobject.c
[1m[90m[DEBUG][39m[0m:   	gcc -c -fno-strict-overflow -Wsign-compare -Wunreachable-code -DNDEBUG -g -O3 -Wall    -std=c11 -Wextra -Wno-unused-parameter -Wno-missing-field-initializers -Wstrict-prototypes -Werror=implicit-function-declaration -fvisibility=hidden  -I/data/data/com.termux/files/home/markoss/.buildozer/android/platform/build-arm64-v8a_armeabi-v7a/build/other_builds/hostpython3/desktop/hostpython3/Include/internal -I/data/data/com.termux/files/home/markoss/.buildozer/android/platform/build-arm64-v8a_armeabi-v7a/build/other_builds/hostpython3/desktop/hostpython3/Include/internal/mimalloc -IObjects -IInclude -IPython -I. -I/data/data/com.termux/files/home/markoss/.buildozer/android/platform/build-arm64-v8a_armeabi-v7a/build/other_builds/hostpython3/desktop/hostpython3/Include    -DPy_BUILD_CORE -o Objects/structseq.o /data/data/com.termux/files/home/markoss/.buildozer/android/platform/build-arm64-v8a_armeabi-v7a/build/other_builds/hostpython3/desktop/hostpython3/Objects/structseq.c
[1m[90m[DEBUG][39m[0m:   	gcc -c -fno-strict-overflow -Wsign-compare -Wunreachable-code -DNDEBUG -g -O3 -Wall    -std=c11 -Wextra -Wno-unused-parameter -Wno-missing-field-initializers -Wstrict-prototypes -Werror=implicit-function-declaration -fvisibility=hidden  -I/data/data/com.termux/files/home/markoss/.buildozer/android/platform/build-arm64-v8a_armeabi-v7a/build/other_builds/hostpython3/desktop/hostpython3/Include/internal -I/data/data/com.termux/files/home/markoss/.buildozer/android/platform/build-arm64-v8a_armeabi-v7a/build/other_builds/hostpython3/desktop/hostpython3/Include/internal/mimalloc -IObjects -IInclude -IPython -I. -I/data/data/com.termux/files/home/markoss/.buildozer/android/platform/build-arm64-v8a_armeabi-v7a/build/other_builds/hostpython3/desktop/hostpython3/Include    -DPy_BUILD_CORE -o Objects/templateobject.o /data/data/com.termux/files/home/markoss/.buildozer/android/platform/build-arm64-v8a_armeabi-v7a/build/other_builds/hostpython3/desktop/hostpython3/Objects/templateobject.c
[1m[90m[DEBUG][39m[0m:   	gcc -c -fno-strict-overflow -Wsign-compare -Wunreachable-code -DNDEBUG -g -O3 -Wall    -std=c11 -Wextra -Wno-unused-parameter -Wno-missing-field-initializers -Wstrict-prototypes -Werror=implicit-function-declaration -fvisibility=hidden  -I/data/data/com.termux/files/home/markoss/.buildozer/android/platform/build-arm64-v8a_armeabi-v7a/build/other_builds/hostpython3/desktop/hostpython3/Include/internal -I/data/data/com.termux/files/home/markoss/.buildozer/android/platform/build-arm64-v8a_armeabi-v7a/build/other_builds/hostpython3/desktop/hostpython3/Include/internal/mimalloc -IObjects -IInclude -IPython -I. -I/data/data/com.termux/files/home/markoss/.buildozer/android/platform/build-arm64-v8a_armeabi-v7a/build/other_builds/hostpython3/desktop/hostpython3/Include    -DPy_BUILD_CORE -o Objects/tupleobject.o /data/data/com.termux/files/home/markoss/.buildozer/android/platform/build-arm64-v8a_armeabi-v7a/build/other_builds/hostpython3/desktop/hostpython3/Objects/tupleobject.c
[1m[90m[DEBUG][39m[0m:   	gcc -c -fno-strict-overflow -Wsign-compare -Wunreachable-code -DNDEBUG -g -O3 -Wall    -std=c11 -Wextra -Wno-unused-parameter -Wno-missing-field-initializers -Wstrict-prototypes -Werror=implicit-function-declaration -fvisibility=hidden  -I/data/data/com.termux/files/home/markoss/.buildozer/android/platform/build-arm64-v8a_armeabi-v7a/build/other_builds/hostpython3/desktop/hostpython3/Include/internal -I/data/data/com.termux/files/home/markoss/.buildozer/android/platform/build-arm64-v8a_armeabi-v7a/build/other_builds/hostpython3/desktop/hostpython3/Include/internal/mimalloc -IObjects -IInclude -IPython -I. -I/data/data/com.termux/files/home/markoss/.buildozer/android/platform/build-arm64-v8a_armeabi-v7a/build/other_builds/hostpython3/desktop/hostpython3/Include    -DPy_BUILD_CORE -o Objects/typeobject.o /data/data/com.termux/files/home/markoss/.buildozer/android/platform/build-arm64-v8a_armeabi-v7a/build/other_builds/hostpython3/desktop/hostpython3/Objects/typeobject.c
[1m[90m[DEBUG][39m[0m:   	gcc -c -fno-strict-overflow -Wsign-compare -Wunreachable-code -DNDEBUG -g -O3 -Wall    -std=c11 -Wextra -Wno-unused-parameter -Wno-missing-field-initializers -Wstrict-prototypes -Werror=implicit-function-declaration -fvisibility=hidden  -I/data/data/com.termux/files/home/markoss/.buildozer/android/platform/build-arm64-v8a_armeabi-v7a/build/other_builds/hostpython3/desktop/hostpython3/Include/internal -I/data/data/com.termux/files/home/markoss/.buildozer/android/platform/build-arm64-v8a_armeabi-v7a/build/other_builds/hostpython3/desktop/hostpython3/Include/internal/mimalloc -IObjects -IInclude -IPython -I. -I/data/data/com.termux/files/home/markoss/.buildozer/android/platform/build-arm64-v8a_armeabi-v7a/build/other_builds/hostpython3/desktop/hostpython3/Include    -DPy_BUILD_CORE -o Objects/typevarobject.o /data/data/com.termux/files/home/markoss/.buildozer/android/platform/build-arm64-v8a_armeabi-v7a/build/other_builds/hostpython3/desktop/hostpython3/Objects/typevarobject.c
[1m[90m[DEBUG][39m[0m:   	gcc -c -fno-strict-overflow -Wsign-compare -Wunreachable-code -DNDEBUG -g -O3 -Wall    -std=c11 -Wextra -Wno-unused-parameter -Wno-missing-field-initializers -Wstrict-prototypes -Werror=implicit-function-declaration -fvisibility=hidden  -I/data/data/com.termux/files/home/markoss/.buildozer/android/platform/build-arm64-v8a_armeabi-v7a/build/other_builds/hostpython3/desktop/hostpython3/Include/internal -I/data/data/com.termux/files/home/markoss/.buildozer/android/platform/build-arm64-v8a_armeabi-v7a/build/other_builds/hostpython3/desktop/hostpython3/Include/internal/mimalloc -IObjects -IInclude -IPython -I. -I/data/data/com.termux/files/home/markoss/.buildozer/android/platform/build-arm64-v8a_armeabi-v7a/build/other_builds/hostpython3/desktop/hostpython3/Include    -DPy_BUILD_CORE -o Objects/unicodeobject.o /data/data/com.termux/files/home/markoss/.buildozer/android/platform/build-arm64-v8a_armeabi-v7a/build/other_builds/hostpython3/desktop/hostpython3/Objects/unicodeobject.c
[1m[90m[DEBUG][39m[0m:   	gcc -c -fno-strict-overflow -Wsign-compare -Wunreachable-code -DNDEBUG -g -O3 -Wall    -std=c11 -Wextra -Wno-unused-parameter -Wno-missing-field-initializers -Wstrict-prototypes -Werror=implicit-function-declaration -fvisibility=hidden  -I/data/data/com.termux/files/home/markoss/.buildozer/android/platform/build-arm64-v8a_armeabi-v7a/build/other_builds/hostpython3/desktop/hostpython3/Include/internal -I/data/data/com.termux/files/home/markoss/.buildozer/android/platform/build-arm64-v8a_armeabi-v7a/build/other_builds/hostpython3/desktop/hostpython3/Include/internal/mimalloc -IObjects -IInclude -IPython -I. -I/data/data/com.termux/files/home/markoss/.buildozer/android/platform/build-arm64-v8a_armeabi-v7a/build/other_builds/hostpython3/desktop/hostpython3/Include    -DPy_BUILD_CORE -o Objects/unicodectype.o /data/data/com.termux/files/home/markoss/.buildozer/android/platform/build-arm64-v8a_armeabi-v7a/build/other_builds/hostpython3/desktop/hostpython3/Objects/unicodectype.c
[1m[90m[DEBUG][39m[0m:   	gcc -c -fno-strict-overflow -Wsign-compare -Wunreachable-code -DNDEBUG -g -O3 -Wall    -std=c11 -Wextra -Wno-unused-parameter -Wno-missing-field-initializers -Wstrict-prototypes -Werror=implicit-function-declaration -fvisibility=hidden  -I/data/data/com.termux/files/home/markoss/.buildozer/android/platform/build-arm64-v8a_armeabi-v7a/build/other_builds/hostpython3/desktop/hostpython3/Include/internal -I/data/data/com.termux/files/home/markoss/.buildozer/android/platform/build-arm64-v8a_armeabi-v7a/build/other_builds/hostpython3/desktop/hostpython3/Include/internal/mimalloc -IObjects -IInclude -IPython -I. -I/data/data/com.termux/files/home/markoss/.buildozer/android/platform/build-arm64-v8a_armeabi-v7a/build/other_builds/hostpython3/desktop/hostpython3/Include    -DPy_BUILD_CORE -o Objects/unionobject.o /data/data/com.termux/files/home/markoss/.buildozer/android/platform/build-arm64-v8a_armeabi-v7a/build/other_builds/hostpython3/desktop/hostpython3/Objects/unionobject.c
[1m[90m[DEBUG][39m[0m:   	gcc -c -fno-strict-overflow -Wsign-compare -Wunreachable-code -DNDEBUG -g -O3 -Wall    -std=c11 -Wextra -Wno-unused-parameter -Wno-missing-field-initializers -Wstrict-prototypes -Werror=implicit-function-declaration -fvisibility=hidden  -I/data/data/com.termux/files/home/markoss/.buildozer/android/platform/build-arm64-v8a_armeabi-v7a/build/other_builds/hostpython3/desktop/hostpython3/Include/internal -I/data/data/com.termux/files/home/markoss/.buildozer/android/platform/build-arm64-v8a_armeabi-v7a/build/other_builds/hostpython3/desktop/hostpython3/Include/internal/mimalloc -IObjects -IInclude -IPython -I. -I/data/data/com.termux/files/home/markoss/.buildozer/android/platform/build-arm64-v8a_armeabi-v7a/build/other_builds/hostpython3/desktop/hostpython3/Include    -DPy_BUILD_CORE -o Objects/weakrefobject.o /data/data/com.termux/files/home/markoss/.buildozer/android/platform/build-arm64-v8a_armeabi-v7a/build/other_builds/hostpython3/desktop/hostpython3/Objects/weakrefobject.c
[1m[90m[DEBUG][39m[0m:   	gcc -c -fno-strict-overflow -Wsign-compare -Wunreachable-code -DNDEBUG -g -O3 -Wall    -std=c11 -Wextra -Wno-unused-parameter -Wno-missing-field-initializers -Wstrict-prototypes -Werror=implicit-function-declaration -fvisibility=hidden  -I/data/data/com.termux/files/home/markoss/.buildozer/android/platform/build-arm64-v8a_armeabi-v7a/build/other_builds/hostpython3/desktop/hostpython3/Include/internal -I/data/data/com.termux/files/home/markoss/.buildozer/android/platform/build-arm64-v8a_armeabi-v7a/build/other_builds/hostpython3/desktop/hostpython3/Include/internal/mimalloc -IObjects -IInclude -IPython -I. -I/data/data/com.termux/files/home/markoss/.buildozer/android/platform/build-arm64-v8a_armeabi-v7a/build/other_builds/hostpython3/desktop/hostpython3/Include    -DPy_BUILD_CORE -o Python/_contextvars.o /data/data/com.termux/files/home/markoss/.buildozer/android/platform/build-arm64-v8a_armeabi-v7a/build/other_builds/hostpython3/desktop/hostpython3/Python/_contextvars.c
[1m[90m[DEBUG][39m[0m:   	gcc -c -fno-strict-overflow -Wsign-compare -Wunreachable-code -DNDEBUG -g -O3 -Wall    -std=c11 -Wextra -Wno-unused-parameter -Wno-missing-field-initializers -Wstrict-prototypes -Werror=implicit-function-declaration -fvisibility=hidden  -I/data/data/com.termux/files/home/markoss/.buildozer/android/platform/build-arm64-v8a_armeabi-v7a/build/other_builds/hostpython3/desktop/hostpython3/Include/internal -I/data/data/com.termux/files/home/markoss/.buildozer/android/platform/build-arm64-v8a_armeabi-v7a/build/other_builds/hostpython3/desktop/hostpython3/Include/internal/mimalloc -IObjects -IInclude -IPython -I. -I/data/data/com.termux/files/home/markoss/.buildozer/android/platform/build-arm64-v8a_armeabi-v7a/build/other_builds/hostpython3/desktop/hostpython3/Include    -DPy_BUILD_CORE -o Python/_warnings.o /data/data/com.termux/files/home/markoss/.buildozer/android/platform/build-arm64-v8a_armeabi-v7a/build/other_builds/hostpython3/desktop/hostpython3/Python/_warnings.c
[1m[90m[DEBUG][39m[0m:   	gcc -c -fno-strict-overflow -Wsign-compare -Wunreachable-code -DNDEBUG -g -O3 -Wall    -std=c11 -Wextra -Wno-unused-parameter -Wno-missing-field-initializers -Wstrict-prototypes -Werror=implicit-function-declaration -fvisibility=hidden  -I/data/data/com.termux/files/home/markoss/.buildozer/android/platform/build-arm64-v8a_armeabi-v7a/build/other_builds/hostpython3/desktop/hostpython3/Include/internal -I/data/data/com.termux/files/home/markoss/.buildozer/android/platform/build-arm64-v8a_armeabi-v7a/build/other_builds/hostpython3/desktop/hostpython3/Include/internal/mimalloc -IObjects -IInclude -IPython -I. -I/data/data/com.termux/files/home/markoss/.buildozer/android/platform/build-arm64-v8a_armeabi-v7a/build/other_builds/hostpython3/desktop/hostpython3/Include    -DPy_BUILD_CORE -o Python/Python-ast.o /data/data/com.termux/files/home/markoss/.buildozer/android/platform/build-arm64-v8a_armeabi-v7a/build/other_builds/hostpython3/desktop/hostpython3/Python/Python-ast.c
[1m[90m[DEBUG][39m[0m:   	gcc -c -fno-strict-overflow -Wsign-compare -Wunreachable-code -DNDEBUG -g -O3 -Wall    -std=c11 -Wextra -Wno-unused-parameter -Wno-missing-field-initializers -Wstrict-prototypes -Werror=implicit-function-declaration -fvisibility=hidden  -I/data/data/com.termux/files/home/markoss/.buildozer/android/platform/build-arm64-v8a_armeabi-v7a/build/other_builds/hostpython3/desktop/hostpython3/Include/internal -I/data/data/com.termux/files/home/markoss/.buildozer/android/platform/build-arm64-v8a_armeabi-v7a/build/other_builds/hostpython3/desktop/hostpython3/Include/internal/mimalloc -IObjects -IInclude -IPython -I. -I/data/data/com.termux/files/home/markoss/.buildozer/android/platform/build-arm64-v8a_armeabi-v7a/build/other_builds/hostpython3/desktop/hostpython3/Include    -DPy_BUILD_CORE -o Python/Python-tokenize.o /data/data/com.termux/files/home/markoss/.buildozer/android/platform/build-arm64-v8a_armeabi-v7a/build/other_builds/hostpython3/desktop/hostpython3/Python/Python-tokenize.c
[1m[90m[DEBUG][39m[0m:   	gcc -c -fno-strict-overflow -Wsign-compare -Wunreachable-code -DNDEBUG -g -O3 -Wall    -std=c11 -Wextra -Wno-unused-parameter -Wno-missing-field-initializers -Wstrict-prototypes -Werror=implicit-function-declaration -fvisibility=hidden  -I/data/data/com.termux/files/home/markoss/.buildozer/android/platform/build-arm64-v8a_armeabi-v7a/build/other_builds/hostpython3/desktop/hostpython3/Include/internal -I/data/data/com.termux/files/home/markoss/.buildozer/android/platform/build-arm64-v8a_armeabi-v7a/build/other_builds/hostpython3/desktop/hostpython3/Include/internal/mimalloc -IObjects -IInclude -IPython -I. -I/data/data/com.termux/files/home/markoss/.buildozer/android/platform/build-arm64-v8a_armeabi-v7a/build/other_builds/hostpython3/desktop/hostpython3/Include    -DPy_BUILD_CORE -o Python/asdl.o /data/data/com.termux/files/home/markoss/.buildozer/android/platform/build-arm64-v8a_armeabi-v7a/build/other_builds/hostpython3/desktop/hostpython3/Python/asdl.c
[1m[90m[DEBUG][39m[0m:   	gcc -c -fno-strict-overflow -Wsign-compare -Wunreachable-code -DNDEBUG -g -O3 -Wall    -std=c11 -Wextra -Wno-unused-parameter -Wno-missing-field-initializers -Wstrict-prototypes -Werror=implicit-function-declaration -fvisibility=hidden  -I/data/data/com.termux/files/home/markoss/.buildozer/android/platform/build-arm64-v8a_armeabi-v7a/build/other_builds/hostpython3/desktop/hostpython3/Include/internal -I/data/data/com.termux/files/home/markoss/.buildozer/android/platform/build-arm64-v8a_armeabi-v7a/build/other_builds/hostpython3/desktop/hostpython3/Include/internal/mimalloc -IObjects -IInclude -IPython -I. -I/data/data/com.termux/files/home/markoss/.buildozer/android/platform/build-arm64-v8a_armeabi-v7a/build/other_builds/hostpython3/desktop/hostpython3/Include    -DPy_BUILD_CORE -o Python/assemble.o /data/data/com.termux/files/home/markoss/.buildozer/android/platform/build-arm64-v8a_armeabi-v7a/build/other_builds/hostpython3/desktop/hostpython3/Python/assemble.c
[1m[90m[DEBUG][39m[0m:   	gcc -c -fno-strict-overflow -Wsign-compare -Wunreachable-code -DNDEBUG -g -O3 -Wall    -std=c11 -Wextra -Wno-unused-parameter -Wno-missing-field-initializers -Wstrict-prototypes -Werror=implicit-function-declaration -fvisibility=hidden  -I/data/data/com.termux/files/home/markoss/.buildozer/android/platform/build-arm64-v8a_armeabi-v7a/build/other_builds/hostpython3/desktop/hostpython3/Include/internal -I/data/data/com.termux/files/home/markoss/.buildozer/android/platform/build-arm64-v8a_armeabi-v7a/build/other_builds/hostpython3/desktop/hostpython3/Include/internal/mimalloc -IObjects -IInclude -IPython -I. -I/data/data/com.termux/files/home/markoss/.buildozer/android/platform/build-arm64-v8a_armeabi-v7a/build/other_builds/hostpython3/desktop/hostpython3/Include    -DPy_BUILD_CORE -o Python/ast.o /data/data/com.termux/files/home/markoss/.buildozer/android/platform/build-arm64-v8a_armeabi-v7a/build/other_builds/hostpython3/desktop/hostpython3/Python/ast.c
[1m[90m[DEBUG][39m[0m:   	gcc -c -fno-strict-overflow -Wsign-compare -Wunreachable-code -DNDEBUG -g -O3 -Wall    -std=c11 -Wextra -Wno-unused-parameter -Wno-missing-field-initializers -Wstrict-prototypes -Werror=implicit-function-declaration -fvisibility=hidden  -I/data/data/com.termux/files/home/markoss/.buildozer/android/platform/build-arm64-v8a_armeabi-v7a/build/other_builds/hostpython3/desktop/hostpython3/Include/internal -I/data/data/com.termux/files/home/markoss/.buildozer/android/platform/build-arm64-v8a_armeabi-v7a/build/other_builds/hostpython3/desktop/hostpython3/Include/internal/mimalloc -IObjects -IInclude -IPython -I. -I/data/data/com.termux/files/home/markoss/.buildozer/android/platform/build-arm64-v8a_armeabi-v7a/build/other_builds/hostpython3/desktop/hostpython3/Include    -DPy_BUILD_CORE -o Python/ast_preprocess.o /data/data/com.termux/files/home/markoss/.buildozer/android/platform/build-arm64-v8a_armeabi-v7a/build/other_builds/hostpython3/desktop/hostpython3/Python/ast_preprocess.c
[1m[90m[DEBUG][39m[0m:   	gcc -c -fno-strict-overflow -Wsign-compare -Wunreachable-code -DNDEBUG -g -O3 -Wall    -std=c11 -Wextra -Wno-unused-parameter -Wno-missing-field-initializers -Wstrict-prototypes -Werror=implicit-function-declaration -fvisibility=hidden  -I/data/data/com.termux/files/home/markoss/.buildozer/android/platform/build-arm64-v8a_armeabi-v7a/build/other_builds/hostpython3/desktop/hostpython3/Include/internal -I/data/data/com.termux/files/home/markoss/.buildozer/android/platform/build-arm64-v8a_armeabi-v7a/build/other_builds/hostpython3/desktop/hostpython3/Include/internal/mimalloc -IObjects -IInclude -IPython -I. -I/data/data/com.termux/files/home/markoss/.buildozer/android/platform/build-arm64-v8a_armeabi-v7a/build/other_builds/hostpython3/desktop/hostpython3/Include    -DPy_BUILD_CORE -o Python/ast_unparse.o /data/data/com.termux/files/home/markoss/.buildozer/android/platform/build-arm64-v8a_armeabi-v7a/build/other_builds/hostpython3/desktop/hostpython3/Python/ast_unparse.c
[1m[90m[DEBUG][39m[0m:   	gcc -c -fno-strict-overflow -Wsign-compare -Wunreachable-code -DNDEBUG -g -O3 -Wall    -std=c11 -Wextra -Wno-unused-parameter -Wno-missing-field-initializers -Wstrict-prototypes -Werror=implicit-function-declaration -fvisibility=hidden  -I/data/data/com.termux/files/home/markoss/.buildozer/android/platform/build-arm64-v8a_armeabi-v7a/build/other_builds/hostpython3/desktop/hostpython3/Include/internal -I/data/data/com.termux/files/home/markoss/.buildozer/android/platform/build-arm64-v8a_armeabi-v7a/build/other_builds/hostpython3/desktop/hostpython3/Include/internal/mimalloc -IObjects -IInclude -IPython -I. -I/data/data/com.termux/files/home/markoss/.buildozer/android/platform/build-arm64-v8a_armeabi-v7a/build/other_builds/hostpython3/desktop/hostpython3/Include    -DPy_BUILD_CORE -o Python/bltinmodule.o /data/data/com.termux/files/home/markoss/.buildozer/android/platform/build-arm64-v8a_armeabi-v7a/build/other_builds/hostpython3/desktop/hostpython3/Python/bltinmodule.c
[1m[90m[DEBUG][39m[0m:   	gcc -c -fno-strict-overflow -Wsign-compare -Wunreachable-code -DNDEBUG -g -O3 -Wall    -std=c11 -Wextra -Wno-unused-parameter -Wno-missing-field-initializers -Wstrict-prototypes -Werror=implicit-function-declaration -fvisibility=hidden  -I/data/data/com.termux/files/home/markoss/.buildozer/android/platform/build-arm64-v8a_armeabi-v7a/build/other_builds/hostpython3/desktop/hostpython3/Include/internal -I/data/data/com.termux/files/home/markoss/.buildozer/android/platform/build-arm64-v8a_armeabi-v7a/build/other_builds/hostpython3/desktop/hostpython3/Include/internal/mimalloc -IObjects -IInclude -IPython -I. -I/data/data/com.termux/files/home/markoss/.buildozer/android/platform/build-arm64-v8a_armeabi-v7a/build/other_builds/hostpython3/desktop/hostpython3/Include    -DPy_BUILD_CORE -o Python/brc.o /data/data/com.termux/files/home/markoss/.buildozer/android/platform/build-arm64-v8a_armeabi-v7a/build/other_builds/hostpython3/desktop/hostpython3/Python/brc.c
[1m[90m[DEBUG][39m[0m:   	gcc -c -fno-strict-overflow -Wsign-compare -Wunreachable-code -DNDEBUG -g -O3 -Wall    -std=c11 -Wextra -Wno-unused-parameter -Wno-missing-field-initializers -Wstrict-prototypes -Werror=implicit-function-declaration -fvisibility=hidden  -I/data/data/com.termux/files/home/markoss/.buildozer/android/platform/build-arm64-v8a_armeabi-v7a/build/other_builds/hostpython3/desktop/hostpython3/Include/internal -I/data/data/com.termux/files/home/markoss/.buildozer/android/platform/build-arm64-v8a_armeabi-v7a/build/other_builds/hostpython3/desktop/hostpython3/Include/internal/mimalloc -IObjects -IInclude -IPython -I. -I/data/data/com.termux/files/home/markoss/.buildozer/android/platform/build-arm64-v8a_armeabi-v7a/build/other_builds/hostpython3/desktop/hostpython3/Include    -DPy_BUILD_CORE -o Python/ceval.o /data/data/com.termux/files/home/markoss/.buildozer/android/platform/build-arm64-v8a_armeabi-v7a/build/other_builds/hostpython3/desktop/hostpython3/Python/ceval.c
[1m[90m[DEBUG][39m[0m:   	gcc -c -fno-strict-overflow -Wsign-compare -Wunreachable-code -DNDEBUG -g -O3 -Wall    -std=c11 -Wextra -Wno-unused-parameter -Wno-missing-field-initializers -Wstrict-prototypes -Werror=implicit-function-declaration -fvisibility=hidden  -I/data/data/com.termux/files/home/markoss/.buildozer/android/platform/build-arm64-v8a_armeabi-v7a/build/other_builds/hostpython3/desktop/hostpython3/Include/internal -I/data/data/com.termux/files/home/markoss/.buildozer/android/platform/build-arm64-v8a_armeabi-v7a/build/other_builds/hostpython3/desktop/hostpython3/Include/internal/mimalloc -IObjects -IInclude -IPython -I. -I/data/data/com.termux/files/home/markoss/.buildozer/android/platform/build-arm64-v8a_armeabi-v7a/build/other_builds/hostpython3/desktop/hostpython3/Include    -DPy_BUILD_CORE -o Python/codecs.o /data/data/com.termux/files/home/markoss/.buildozer/android/platform/build-arm64-v8a_armeabi-v7a/build/other_builds/hostpython3/desktop/hostpython3/Python/codecs.c
[1m[90m[DEBUG][39m[0m:   	gcc -c -fno-strict-overflow -Wsign-compare -Wunreachable-code -DNDEBUG -g -O3 -Wall    -std=c11 -Wextra -Wno-unused-parameter -Wno-missing-field-initializers -Wstrict-prototypes -Werror=implicit-function-declaration -fvisibility=hidden  -I/data/data/com.termux/files/home/markoss/.buildozer/android/platform/build-arm64-v8a_armeabi-v7a/build/other_builds/hostpython3/desktop/hostpython3/Include/internal -I/data/data/com.termux/files/home/markoss/.buildozer/android/platform/build-arm64-v8a_armeabi-v7a/build/other_builds/hostpython3/desktop/hostpython3/Include/internal/mimalloc -IObjects -IInclude -IPython -I. -I/data/data/com.termux/files/home/markoss/.buildozer/android/platform/build-arm64-v8a_armeabi-v7a/build/other_builds/hostpython3/desktop/hostpython3/Include    -DPy_BUILD_CORE -o Python/codegen.o /data/data/com.termux/files/home/markoss/.buildozer/android/platform/build-arm64-v8a_armeabi-v7a/build/other_builds/hostpython3/desktop/hostpython3/Python/codegen.c
[1m[90m[DEBUG][39m[0m:   	gcc -c -fno-strict-overflow -Wsign-compare -Wunreachable-code -DNDEBUG -g -O3 -Wall    -std=c11 -Wextra -Wno-unused-parameter -Wno-missing-field-initializers -Wstrict-prototypes -Werror=implicit-function-declaration -fvisibility=hidden  -I/data/data/com.termux/files/home/markoss/.buildozer/android/platform/build-arm64-v8a_armeabi-v7a/build/other_builds/hostpython3/desktop/hostpython3/Include/internal -I/data/data/com.termux/files/home/markoss/.buildozer/android/platform/build-arm64-v8a_armeabi-v7a/build/other_builds/hostpython3/desktop/hostpython3/Include/internal/mimalloc -IObjects -IInclude -IPython -I. -I/data/data/com.termux/files/home/markoss/.buildozer/android/platform/build-arm64-v8a_armeabi-v7a/build/other_builds/hostpython3/desktop/hostpython3/Include    -DPy_BUILD_CORE -o Python/compile.o /data/data/com.termux/files/home/markoss/.buildozer/android/platform/build-arm64-v8a_armeabi-v7a/build/other_builds/hostpython3/desktop/hostpython3/Python/compile.c
[1m[90m[DEBUG][39m[0m:   	gcc -c -fno-strict-overflow -Wsign-compare -Wunreachable-code -DNDEBUG -g -O3 -Wall    -std=c11 -Wextra -Wno-unused-parameter -Wno-missing-field-initializers -Wstrict-prototypes -Werror=implicit-function-declaration -fvisibility=hidden  -I/data/data/com.termux/files/home/markoss/.buildozer/android/platform/build-arm64-v8a_armeabi-v7a/build/other_builds/hostpython3/desktop/hostpython3/Include/internal -I/data/data/com.termux/files/home/markoss/.buildozer/android/platform/build-arm64-v8a_armeabi-v7a/build/other_builds/hostpython3/desktop/hostpython3/Include/internal/mimalloc -IObjects -IInclude -IPython -I. -I/data/data/com.termux/files/home/markoss/.buildozer/android/platform/build-arm64-v8a_armeabi-v7a/build/other_builds/hostpython3/desktop/hostpython3/Include    -DPy_BUILD_CORE -o Python/context.o /data/data/com.termux/files/home/markoss/.buildozer/android/platform/build-arm64-v8a_armeabi-v7a/build/other_builds/hostpython3/desktop/hostpython3/Python/context.c
[1m[90m[DEBUG][39m[0m:   	gcc -c -fno-strict-overflow -Wsign-compare -Wunreachable-code -DNDEBUG -g -O3 -Wall    -std=c11 -Wextra -Wno-unused-parameter -Wno-missing-field-initializers -Wstrict-prototypes -Werror=implicit-function-declaration -fvisibility=hidden  -I/data/data/com.termux/files/home/markoss/.buildozer/android/platform/build-arm64-v8a_armeabi-v7a/build/other_builds/hostpython3/desktop/hostpython3/Include/internal -I/data/data/com.termux/files/home/markoss/.buildozer/android/platform/build-arm64-v8a_armeabi-v7a/build/other_builds/hostpython3/desktop/hostpython3/Include/internal/mimalloc -IObjects -IInclude -IPython -I. -I/data/data/com.termux/files/home/markoss/.buildozer/android/platform/build-arm64-v8a_armeabi-v7a/build/other_builds/hostpython3/desktop/hostpython3/Include    -DPy_BUILD_CORE -o Python/critical_section.o /data/data/com.termux/files/home/markoss/.buildozer/android/platform/build-arm64-v8a_armeabi-v7a/build/other_builds/hostpython3/desktop/hostpython3/Python/critical_section.c
[1m[90m[DEBUG][39m[0m:   	gcc -c -fno-strict-overflow -Wsign-compare -Wunreachable-code -DNDEBUG -g -O3 -Wall    -std=c11 -Wextra -Wno-unused-parameter -Wno-missing-field-initializers -Wstrict-prototypes -Werror=implicit-function-declaration -fvisibility=hidden  -I/data/data/com.termux/files/home/markoss/.buildozer/android/platform/build-arm64-v8a_armeabi-v7a/build/other_builds/hostpython3/desktop/hostpython3/Include/internal -I/data/data/com.termux/files/home/markoss/.buildozer/android/platform/build-arm64-v8a_armeabi-v7a/build/other_builds/hostpython3/desktop/hostpython3/Include/internal/mimalloc -IObjects -IInclude -IPython -I. -I/data/data/com.termux/files/home/markoss/.buildozer/android/platform/build-arm64-v8a_armeabi-v7a/build/other_builds/hostpython3/desktop/hostpython3/Include    -DPy_BUILD_CORE -o Python/crossinterp.o /data/data/com.termux/files/home/markoss/.buildozer/android/platform/build-arm64-v8a_armeabi-v7a/build/other_builds/hostpython3/desktop/hostpython3/Python/crossinterp.c
[1m[90m[DEBUG][39m[0m:   	gcc -c -fno-strict-overflow -Wsign-compare -Wunreachable-code -DNDEBUG -g -O3 -Wall    -std=c11 -Wextra -Wno-unused-parameter -Wno-missing-field-initializers -Wstrict-prototypes -Werror=implicit-function-declaration -fvisibility=hidden  -I/data/data/com.termux/files/home/markoss/.buildozer/android/platform/build-arm64-v8a_armeabi-v7a/build/other_builds/hostpython3/desktop/hostpython3/Include/internal -I/data/data/com.termux/files/home/markoss/.buildozer/android/platform/build-arm64-v8a_armeabi-v7a/build/other_builds/hostpython3/desktop/hostpython3/Include/internal/mimalloc -IObjects -IInclude -IPython -I. -I/data/data/com.termux/files/home/markoss/.buildozer/android/platform/build-arm64-v8a_armeabi-v7a/build/other_builds/hostpython3/desktop/hostpython3/Include    -DPy_BUILD_CORE -o Python/dynamic_annotations.o /data/data/com.termux/files/home/markoss/.buildozer/android/platform/build-arm64-v8a_armeabi-v7a/build/other_builds/hostpython3/desktop/hostpython3/Python/dynamic_annotations.c
[1m[90m[DEBUG][39m[0m:   	gcc -c -fno-strict-overflow -Wsign-compare -Wunreachable-code -DNDEBUG -g -O3 -Wall    -std=c11 -Wextra -Wno-unused-parameter -Wno-missing-field-initializers -Wstrict-prototypes -Werror=implicit-function-declaration -fvisibility=hidden  -I/data/data/com.termux/files/home/markoss/.buildozer/android/platform/build-arm64-v8a_armeabi-v7a/build/other_builds/hostpython3/desktop/hostpython3/Include/internal -I/data/data/com.termux/files/home/markoss/.buildozer/android/platform/build-arm64-v8a_armeabi-v7a/build/other_builds/hostpython3/desktop/hostpython3/Include/internal/mimalloc -IObjects -IInclude -IPython -I. -I/data/data/com.termux/files/home/markoss/.buildozer/android/platform/build-arm64-v8a_armeabi-v7a/build/other_builds/hostpython3/desktop/hostpython3/Include    -DPy_BUILD_CORE -o Python/errors.o /data/data/com.termux/files/home/markoss/.buildozer/android/platform/build-arm64-v8a_armeabi-v7a/build/other_builds/hostpython3/desktop/hostpython3/Python/errors.c
[1m[90m[DEBUG][39m[0m:   	gcc -c -fno-strict-overflow -Wsign-compare -Wunreachable-code -DNDEBUG -g -O3 -Wall    -std=c11 -Wextra -Wno-unused-parameter -Wno-missing-field-initializers -Wstrict-prototypes -Werror=implicit-function-declaration -fvisibility=hidden  -I/data/data/com.termux/files/home/markoss/.buildozer/android/platform/build-arm64-v8a_armeabi-v7a/build/other_builds/hostpython3/desktop/hostpython3/Include/internal -I/data/data/com.termux/files/home/markoss/.buildozer/android/platform/build-arm64-v8a_armeabi-v7a/build/other_builds/hostpython3/desktop/hostpython3/Include/internal/mimalloc -IObjects -IInclude -IPython -I. -I/data/data/com.termux/files/home/markoss/.buildozer/android/platform/build-arm64-v8a_armeabi-v7a/build/other_builds/hostpython3/desktop/hostpython3/Include    -DPy_BUILD_CORE -o Python/flowgraph.o /data/data/com.termux/files/home/markoss/.buildozer/android/platform/build-arm64-v8a_armeabi-v7a/build/other_builds/hostpython3/desktop/hostpython3/Python/flowgraph.c
[1m[90m[DEBUG][39m[0m:   	gcc -c -fno-strict-overflow -Wsign-compare -Wunreachable-code -DNDEBUG -g -O3 -Wall    -std=c11 -Wextra -Wno-unused-parameter -Wno-missing-field-initializers -Wstrict-prototypes -Werror=implicit-function-declaration -fvisibility=hidden  -I/data/data/com.termux/files/home/markoss/.buildozer/android/platform/build-arm64-v8a_armeabi-v7a/build/other_builds/hostpython3/desktop/hostpython3/Include/internal -I/data/data/com.termux/files/home/markoss/.buildozer/android/platform/build-arm64-v8a_armeabi-v7a/build/other_builds/hostpython3/desktop/hostpython3/Include/internal/mimalloc -IObjects -IInclude -IPython -I. -I/data/data/com.termux/files/home/markoss/.buildozer/android/platform/build-arm64-v8a_armeabi-v7a/build/other_builds/hostpython3/desktop/hostpython3/Include    -DPy_BUILD_CORE -o Python/frame.o /data/data/com.termux/files/home/markoss/.buildozer/android/platform/build-arm64-v8a_armeabi-v7a/build/other_builds/hostpython3/desktop/hostpython3/Python/frame.c
[1m[90m[DEBUG][39m[0m:   	gcc -c -fno-strict-overflow -Wsign-compare -Wunreachable-code -DNDEBUG -g -O3 -Wall    -std=c11 -Wextra -Wno-unused-parameter -Wno-missing-field-initializers -Wstrict-prototypes -Werror=implicit-function-declaration -fvisibility=hidden  -I/data/data/com.termux/files/home/markoss/.buildozer/android/platform/build-arm64-v8a_armeabi-v7a/build/other_builds/hostpython3/desktop/hostpython3/Include/internal -I/data/data/com.termux/files/home/markoss/.buildozer/android/platform/build-arm64-v8a_armeabi-v7a/build/other_builds/hostpython3/desktop/hostpython3/Include/internal/mimalloc -IObjects -IInclude -IPython -I. -I/data/data/com.termux/files/home/markoss/.buildozer/android/platform/build-arm64-v8a_armeabi-v7a/build/other_builds/hostpython3/desktop/hostpython3/Include    -DPy_BUILD_CORE -o Python/frozenmain.o /data/data/com.termux/files/home/markoss/.buildozer/android/platform/build-arm64-v8a_armeabi-v7a/build/other_builds/hostpython3/desktop/hostpython3/Python/frozenmain.c
[1m[90m[DEBUG][39m[0m:   	gcc -c -fno-strict-overflow -Wsign-compare -Wunreachable-code -DNDEBUG -g -O3 -Wall    -std=c11 -Wextra -Wno-unused-parameter -Wno-missing-field-initializers -Wstrict-prototypes -Werror=implicit-function-declaration -fvisibility=hidden  -I/data/data/com.termux/files/home/markoss/.buildozer/android/platform/build-arm64-v8a_armeabi-v7a/build/other_builds/hostpython3/desktop/hostpython3/Include/internal -I/data/data/com.termux/files/home/markoss/.buildozer/android/platform/build-arm64-v8a_armeabi-v7a/build/other_builds/hostpython3/desktop/hostpython3/Include/internal/mimalloc -IObjects -IInclude -IPython -I. -I/data/data/com.termux/files/home/markoss/.buildozer/android/platform/build-arm64-v8a_armeabi-v7a/build/other_builds/hostpython3/desktop/hostpython3/Include    -DPy_BUILD_CORE -o Python/future.o /data/data/com.termux/files/home/markoss/.buildozer/android/platform/build-arm64-v8a_armeabi-v7a/build/other_builds/hostpython3/desktop/hostpython3/Python/future.c
[1m[90m[DEBUG][39m[0m:   	gcc -c -fno-strict-overflow -Wsign-compare -Wunreachable-code -DNDEBUG -g -O3 -Wall    -std=c11 -Wextra -Wno-unused-parameter -Wno-missing-field-initializers -Wstrict-prototypes -Werror=implicit-function-declaration -fvisibility=hidden  -I/data/data/com.termux/files/home/markoss/.buildozer/android/platform/build-arm64-v8a_armeabi-v7a/build/other_builds/hostpython3/desktop/hostpython3/Include/internal -I/data/data/com.termux/files/home/markoss/.buildozer/android/platform/build-arm64-v8a_armeabi-v7a/build/other_builds/hostpython3/desktop/hostpython3/Include/internal/mimalloc -IObjects -IInclude -IPython -I. -I/data/data/com.termux/files/home/markoss/.buildozer/android/platform/build-arm64-v8a_armeabi-v7a/build/other_builds/hostpython3/desktop/hostpython3/Include    -DPy_BUILD_CORE -o Python/gc.o /data/data/com.termux/files/home/markoss/.buildozer/android/platform/build-arm64-v8a_armeabi-v7a/build/other_builds/hostpython3/desktop/hostpython3/Python/gc.c
[1m[90m[DEBUG][39m[0m:   	gcc -c -fno-strict-overflow -Wsign-compare -Wunreachable-code -DNDEBUG -g -O3 -Wall    -std=c11 -Wextra -Wno-unused-parameter -Wno-missing-field-initializers -Wstrict-prototypes -Werror=implicit-function-declaration -fvisibility=hidden  -I/data/data/com.termux/files/home/markoss/.buildozer/android/platform/build-arm64-v8a_armeabi-v7a/build/other_builds/hostpython3/desktop/hostpython3/Include/internal -I/data/data/com.termux/files/home/markoss/.buildozer/android/platform/build-arm64-v8a_armeabi-v7a/build/other_builds/hostpython3/desktop/hostpython3/Include/internal/mimalloc -IObjects -IInclude -IPython -I. -I/data/data/com.termux/files/home/markoss/.buildozer/android/platform/build-arm64-v8a_armeabi-v7a/build/other_builds/hostpython3/desktop/hostpython3/Include    -DPy_BUILD_CORE -o Python/gc_free_threading.o /data/data/com.termux/files/home/markoss/.buildozer/android/platform/build-arm64-v8a_armeabi-v7a/build/other_builds/hostpython3/desktop/hostpython3/Python/gc_free_threading.c
[1m[90m[DEBUG][39m[0m:   	gcc -c -fno-strict-overflow -Wsign-compare -Wunreachable-code -DNDEBUG -g -O3 -Wall    -std=c11 -Wextra -Wno-unused-parameter -Wno-missing-field-initializers -Wstrict-prototypes -Werror=implicit-function-declaration -fvisibility=hidden  -I/data/data/com.termux/files/home/markoss/.buildozer/android/platform/build-arm64-v8a_armeabi-v7a/build/other_builds/hostpython3/desktop/hostpython3/Include/internal -I/data/data/com.termux/files/home/markoss/.buildozer/android/platform/build-arm64-v8a_armeabi-v7a/build/other_builds/hostpython3/desktop/hostpython3/Include/internal/mimalloc -IObjects -IInclude -IPython -I. -I/data/data/com.termux/files/home/markoss/.buildozer/android/platform/build-arm64-v8a_armeabi-v7a/build/other_builds/hostpython3/desktop/hostpython3/Include    -DPy_BUILD_CORE -o Python/gc_gil.o /data/data/com.termux/files/home/markoss/.buildozer/android/platform/build-arm64-v8a_armeabi-v7a/build/other_builds/hostpython3/desktop/hostpython3/Python/gc_gil.c
[1m[90m[DEBUG][39m[0m:   	gcc -c -fno-strict-overflow -Wsign-compare -Wunreachable-code -DNDEBUG -g -O3 -Wall    -std=c11 -Wextra -Wno-unused-parameter -Wno-missing-field-initializers -Wstrict-prototypes -Werror=implicit-function-declaration -fvisibility=hidden  -I/data/data/com.termux/files/home/markoss/.buildozer/android/platform/build-arm64-v8a_armeabi-v7a/build/other_builds/hostpython3/desktop/hostpython3/Include/internal -I/data/data/com.termux/files/home/markoss/.buildozer/android/platform/build-arm64-v8a_armeabi-v7a/build/other_builds/hostpython3/desktop/hostpython3/Include/internal/mimalloc -IObjects -IInclude -IPython -I. -I/data/data/com.termux/files/home/markoss/.buildozer/android/platform/build-arm64-v8a_armeabi-v7a/build/other_builds/hostpython3/desktop/hostpython3/Include    -DPy_BUILD_CORE -o Python/getargs.o /data/data/com.termux/files/home/markoss/.buildozer/android/platform/build-arm64-v8a_armeabi-v7a/build/other_builds/hostpython3/desktop/hostpython3/Python/getargs.c
[1m[90m[DEBUG][39m[0m:   	gcc -c -fno-strict-overflow -Wsign-compare -Wunreachable-code -DNDEBUG -g -O3 -Wall    -std=c11 -Wextra -Wno-unused-parameter -Wno-missing-field-initializers -Wstrict-prototypes -Werror=implicit-function-declaration -fvisibility=hidden  -I/data/data/com.termux/files/home/markoss/.buildozer/android/platform/build-arm64-v8a_armeabi-v7a/build/other_builds/hostpython3/desktop/hostpython3/Include/internal -I/data/data/com.termux/files/home/markoss/.buildozer/android/platform/build-arm64-v8a_armeabi-v7a/build/other_builds/hostpython3/desktop/hostpython3/Include/internal/mimalloc -IObjects -IInclude -IPython -I. -I/data/data/com.termux/files/home/markoss/.buildozer/android/platform/build-arm64-v8a_armeabi-v7a/build/other_builds/hostpython3/desktop/hostpython3/Include    -DPy_BUILD_CORE -o Python/getcompiler.o /data/data/com.termux/files/home/markoss/.buildozer/android/platform/build-arm64-v8a_armeabi-v7a/build/other_builds/hostpython3/desktop/hostpython3/Python/getcompiler.c
[1m[90m[DEBUG][39m[0m:   	gcc -c -fno-strict-overflow -Wsign-compare -Wunreachable-code -DNDEBUG -g -O3 -Wall    -std=c11 -Wextra -Wno-unused-parameter -Wno-missing-field-initializers -Wstrict-prototypes -Werror=implicit-function-declaration -fvisibility=hidden  -I/data/data/com.termux/files/home/markoss/.buildozer/android/platform/build-arm64-v8a_armeabi-v7a/build/other_builds/hostpython3/desktop/hostpython3/Include/internal -I/data/data/com.termux/files/home/markoss/.buildozer/android/platform/build-arm64-v8a_armeabi-v7a/build/other_builds/hostpython3/desktop/hostpython3/Include/internal/mimalloc -IObjects -IInclude -IPython -I. -I/data/data/com.termux/files/home/markoss/.buildozer/android/platform/build-arm64-v8a_armeabi-v7a/build/other_builds/hostpython3/desktop/hostpython3/Include    -DPy_BUILD_CORE -o Python/getcopyright.o /data/data/com.termux/files/home/markoss/.buildozer/android/platform/build-arm64-v8a_armeabi-v7a/build/other_builds/hostpython3/desktop/hostpython3/Python/getcopyright.c
[1m[90m[DEBUG][39m[0m:   	gcc -c -fno-strict-overflow -Wsign-compare -Wunreachable-code -DNDEBUG -g -O3 -Wall    -std=c11 -Wextra -Wno-unused-parameter -Wno-missing-field-initializers -Wstrict-prototypes -Werror=implicit-function-declaration -fvisibility=hidden  -I/data/data/com.termux/files/home/markoss/.buildozer/android/platform/build-arm64-v8a_armeabi-v7a/build/other_builds/hostpython3/desktop/hostpython3/Include/internal -I/data/data/com.termux/files/home/markoss/.buildozer/android/platform/build-arm64-v8a_armeabi-v7a/build/other_builds/hostpython3/desktop/hostpython3/Include/internal/mimalloc -IObjects -IInclude -IPython -I. -I/data/data/com.termux/files/home/markoss/.buildozer/android/platform/build-arm64-v8a_armeabi-v7a/build/other_builds/hostpython3/desktop/hostpython3/Include    -DPy_BUILD_CORE -DPLATFORM='"linux"' -o Python/getplatform.o /data/data/com.termux/files/home/markoss/.buildozer/android/platform/build-arm64-v8a_armeabi-v7a/build/other_builds/hostpython3/desktop/hostpython3/Python/getplatform.c
[1m[90m[DEBUG][39m[0m:   	gcc -c -fno-strict-overflow -Wsign-compare -Wunreachable-code -DNDEBUG -g -O3 -Wall    -std=c11 -Wextra -Wno-unused-parameter -Wno-missing-field-initializers -Wstrict-prototypes -Werror=implicit-function-declaration -fvisibility=hidden  -I/data/data/com.termux/files/home/markoss/.buildozer/android/platform/build-arm64-v8a_armeabi-v7a/build/other_builds/hostpython3/desktop/hostpython3/Include/internal -I/data/data/com.termux/files/home/markoss/.buildozer/android/platform/build-arm64-v8a_armeabi-v7a/build/other_builds/hostpython3/desktop/hostpython3/Include/internal/mimalloc -IObjects -IInclude -IPython -I. -I/data/data/com.termux/files/home/markoss/.buildozer/android/platform/build-arm64-v8a_armeabi-v7a/build/other_builds/hostpython3/desktop/hostpython3/Include    -DPy_BUILD_CORE -o Python/getversion.o /data/data/com.termux/files/home/markoss/.buildozer/android/platform/build-arm64-v8a_armeabi-v7a/build/other_builds/hostpython3/desktop/hostpython3/Python/getversion.c
[1m[90m[DEBUG][39m[0m:   	gcc -c -fno-strict-overflow -Wsign-compare -Wunreachable-code -DNDEBUG -g -O3 -Wall    -std=c11 -Wextra -Wno-unused-parameter -Wno-missing-field-initializers -Wstrict-prototypes -Werror=implicit-function-declaration -fvisibility=hidden  -I/data/data/com.termux/files/home/markoss/.buildozer/android/platform/build-arm64-v8a_armeabi-v7a/build/other_builds/hostpython3/desktop/hostpython3/Include/internal -I/data/data/com.termux/files/home/markoss/.buildozer/android/platform/build-arm64-v8a_armeabi-v7a/build/other_builds/hostpython3/desktop/hostpython3/Include/internal/mimalloc -IObjects -IInclude -IPython -I. -I/data/data/com.termux/files/home/markoss/.buildozer/android/platform/build-arm64-v8a_armeabi-v7a/build/other_builds/hostpython3/desktop/hostpython3/Include    -DPy_BUILD_CORE -o Python/ceval_gil.o /data/data/com.termux/files/home/markoss/.buildozer/android/platform/build-arm64-v8a_armeabi-v7a/build/other_builds/hostpython3/desktop/hostpython3/Python/ceval_gil.c
[1m[90m[DEBUG][39m[0m:   	gcc -c -fno-strict-overflow -Wsign-compare -Wunreachable-code -DNDEBUG -g -O3 -Wall    -std=c11 -Wextra -Wno-unused-parameter -Wno-missing-field-initializers -Wstrict-prototypes -Werror=implicit-function-declaration -fvisibility=hidden  -I/data/data/com.termux/files/home/markoss/.buildozer/android/platform/build-arm64-v8a_armeabi-v7a/build/other_builds/hostpython3/desktop/hostpython3/Include/internal -I/data/data/com.termux/files/home/markoss/.buildozer/android/platform/build-arm64-v8a_armeabi-v7a/build/other_builds/hostpython3/desktop/hostpython3/Include/internal/mimalloc -IObjects -IInclude -IPython -I. -I/data/data/com.termux/files/home/markoss/.buildozer/android/platform/build-arm64-v8a_armeabi-v7a/build/other_builds/hostpython3/desktop/hostpython3/Include    -DPy_BUILD_CORE -o Python/hamt.o /data/data/com.termux/files/home/markoss/.buildozer/android/platform/build-arm64-v8a_armeabi-v7a/build/other_builds/hostpython3/desktop/hostpython3/Python/hamt.c
[1m[90m[DEBUG][39m[0m:   	gcc -c -fno-strict-overflow -Wsign-compare -Wunreachable-code -DNDEBUG -g -O3 -Wall    -std=c11 -Wextra -Wno-unused-parameter -Wno-missing-field-initializers -Wstrict-prototypes -Werror=implicit-function-declaration -fvisibility=hidden  -I/data/data/com.termux/files/home/markoss/.buildozer/android/platform/build-arm64-v8a_armeabi-v7a/build/other_builds/hostpython3/desktop/hostpython3/Include/internal -I/data/data/com.termux/files/home/markoss/.buildozer/android/platform/build-arm64-v8a_armeabi-v7a/build/other_builds/hostpython3/desktop/hostpython3/Include/internal/mimalloc -IObjects -IInclude -IPython -I. -I/data/data/com.termux/files/home/markoss/.buildozer/android/platform/build-arm64-v8a_armeabi-v7a/build/other_builds/hostpython3/desktop/hostpython3/Include    -DPy_BUILD_CORE -o Python/hashtable.o /data/data/com.termux/files/home/markoss/.buildozer/android/platform/build-arm64-v8a_armeabi-v7a/build/other_builds/hostpython3/desktop/hostpython3/Python/hashtable.c
[1m[90m[DEBUG][39m[0m:   	gcc -c -fno-strict-overflow -Wsign-compare -Wunreachable-code -DNDEBUG -g -O3 -Wall    -std=c11 -Wextra -Wno-unused-parameter -Wno-missing-field-initializers -Wstrict-prototypes -Werror=implicit-function-declaration -fvisibility=hidden  -I/data/data/com.termux/files/home/markoss/.buildozer/android/platform/build-arm64-v8a_armeabi-v7a/build/other_builds/hostpython3/desktop/hostpython3/Include/internal -I/data/data/com.termux/files/home/markoss/.buildozer/android/platform/build-arm64-v8a_armeabi-v7a/build/other_builds/hostpython3/desktop/hostpython3/Include/internal/mimalloc -IObjects -IInclude -IPython -I. -I/data/data/com.termux/files/home/markoss/.buildozer/android/platform/build-arm64-v8a_armeabi-v7a/build/other_builds/hostpython3/desktop/hostpython3/Include    -DPy_BUILD_CORE -o Python/import.o /data/data/com.termux/files/home/markoss/.buildozer/android/platform/build-arm64-v8a_armeabi-v7a/build/other_builds/hostpython3/desktop/hostpython3/Python/import.c
[1m[90m[DEBUG][39m[0m:   	gcc -c -fno-strict-overflow -Wsign-compare -Wunreachable-code -DNDEBUG -g -O3 -Wall    -std=c11 -Wextra -Wno-unused-parameter -Wno-missing-field-initializers -Wstrict-prototypes -Werror=implicit-function-declaration -fvisibility=hidden  -I/data/data/com.termux/files/home/markoss/.buildozer/android/platform/build-arm64-v8a_armeabi-v7a/build/other_builds/hostpython3/desktop/hostpython3/Include/internal -I/data/data/com.termux/files/home/markoss/.buildozer/android/platform/build-arm64-v8a_armeabi-v7a/build/other_builds/hostpython3/desktop/hostpython3/Include/internal/mimalloc -IObjects -IInclude -IPython -I. -I/data/data/com.termux/files/home/markoss/.buildozer/android/platform/build-arm64-v8a_armeabi-v7a/build/other_builds/hostpython3/desktop/hostpython3/Include    -DPy_BUILD_CORE -I. -o Python/importdl.o /data/data/com.termux/files/home/markoss/.buildozer/android/platform/build-arm64-v8a_armeabi-v7a/build/other_builds/hostpython3/desktop/hostpython3/Python/importdl.c
[1m[90m[DEBUG][39m[0m:   	gcc -c -fno-strict-overflow -Wsign-compare -Wunreachable-code -DNDEBUG -g -O3 -Wall    -std=c11 -Wextra -Wno-unused-parameter -Wno-missing-field-initializers -Wstrict-prototypes -Werror=implicit-function-declaration -fvisibility=hidden  -I/data/data/com.termux/files/home/markoss/.buildozer/android/platform/build-arm64-v8a_armeabi-v7a/build/other_builds/hostpython3/desktop/hostpython3/Include/internal -I/data/data/com.termux/files/home/markoss/.buildozer/android/platform/build-arm64-v8a_armeabi-v7a/build/other_builds/hostpython3/desktop/hostpython3/Include/internal/mimalloc -IObjects -IInclude -IPython -I. -I/data/data/com.termux/files/home/markoss/.buildozer/android/platform/build-arm64-v8a_armeabi-v7a/build/other_builds/hostpython3/desktop/hostpython3/Include    -DPy_BUILD_CORE -o Python/index_pool.o /data/data/com.termux/files/home/markoss/.buildozer/android/platform/build-arm64-v8a_armeabi-v7a/build/other_builds/hostpython3/desktop/hostpython3/Python/index_pool.c
[1m[90m[DEBUG][39m[0m:   	gcc -c -fno-strict-overflow -Wsign-compare -Wunreachable-code -DNDEBUG -g -O3 -Wall    -std=c11 -Wextra -Wno-unused-parameter -Wno-missing-field-initializers -Wstrict-prototypes -Werror=implicit-function-declaration -fvisibility=hidden  -I/data/data/com.termux/files/home/markoss/.buildozer/android/platform/build-arm64-v8a_armeabi-v7a/build/other_builds/hostpython3/desktop/hostpython3/Include/internal -I/data/data/com.termux/files/home/markoss/.buildozer/android/platform/build-arm64-v8a_armeabi-v7a/build/other_builds/hostpython3/desktop/hostpython3/Include/internal/mimalloc -IObjects -IInclude -IPython -I. -I/data/data/com.termux/files/home/markoss/.buildozer/android/platform/build-arm64-v8a_armeabi-v7a/build/other_builds/hostpython3/desktop/hostpython3/Include    -DPy_BUILD_CORE -o Python/initconfig.o /data/data/com.termux/files/home/markoss/.buildozer/android/platform/build-arm64-v8a_armeabi-v7a/build/other_builds/hostpython3/desktop/hostpython3/Python/initconfig.c
[1m[90m[DEBUG][39m[0m:   	gcc -c -fno-strict-overflow -Wsign-compare -Wunreachable-code -DNDEBUG -g -O3 -Wall    -std=c11 -Wextra -Wno-unused-parameter -Wno-missing-field-initializers -Wstrict-prototypes -Werror=implicit-function-declaration -fvisibility=hidden  -I/data/data/com.termux/files/home/markoss/.buildozer/android/platform/build-arm64-v8a_armeabi-v7a/build/other_builds/hostpython3/desktop/hostpython3/Include/internal -I/data/data/com.termux/files/home/markoss/.buildozer/android/platform/build-arm64-v8a_armeabi-v7a/build/other_builds/hostpython3/desktop/hostpython3/Include/internal/mimalloc -IObjects -IInclude -IPython -I. -I/data/data/com.termux/files/home/markoss/.buildozer/android/platform/build-arm64-v8a_armeabi-v7a/build/other_builds/hostpython3/desktop/hostpython3/Include    -DPy_BUILD_CORE -o Python/interpconfig.o /data/data/com.termux/files/home/markoss/.buildozer/android/platform/build-arm64-v8a_armeabi-v7a/build/other_builds/hostpython3/desktop/hostpython3/Python/interpconfig.c
[1m[90m[DEBUG][39m[0m:   	gcc -c -fno-strict-overflow -Wsign-compare -Wunreachable-code -DNDEBUG -g -O3 -Wall    -std=c11 -Wextra -Wno-unused-parameter -Wno-missing-field-initializers -Wstrict-prototypes -Werror=implicit-function-declaration -fvisibility=hidden  -I/data/data/com.termux/files/home/markoss/.buildozer/android/platform/build-arm64-v8a_armeabi-v7a/build/other_builds/hostpython3/desktop/hostpython3/Include/internal -I/data/data/com.termux/files/home/markoss/.buildozer/android/platform/build-arm64-v8a_armeabi-v7a/build/other_builds/hostpython3/desktop/hostpython3/Include/internal/mimalloc -IObjects -IInclude -IPython -I. -I/data/data/com.termux/files/home/markoss/.buildozer/android/platform/build-arm64-v8a_armeabi-v7a/build/other_builds/hostpython3/desktop/hostpython3/Include    -DPy_BUILD_CORE -o Python/instrumentation.o /data/data/com.termux/files/home/markoss/.buildozer/android/platform/build-arm64-v8a_armeabi-v7a/build/other_builds/hostpython3/desktop/hostpython3/Python/instrumentation.c
[1m[90m[DEBUG][39m[0m:   	gcc -c -fno-strict-overflow -Wsign-compare -Wunreachable-code -DNDEBUG -g -O3 -Wall    -std=c11 -Wextra -Wno-unused-parameter -Wno-missing-field-initializers -Wstrict-prototypes -Werror=implicit-function-declaration -fvisibility=hidden  -I/data/data/com.termux/files/home/markoss/.buildozer/android/platform/build-arm64-v8a_armeabi-v7a/build/other_builds/hostpython3/desktop/hostpython3/Include/internal -I/data/data/com.termux/files/home/markoss/.buildozer/android/platform/build-arm64-v8a_armeabi-v7a/build/other_builds/hostpython3/desktop/hostpython3/Include/internal/mimalloc -IObjects -IInclude -IPython -I. -I/data/data/com.termux/files/home/markoss/.buildozer/android/platform/build-arm64-v8a_armeabi-v7a/build/other_builds/hostpython3/desktop/hostpython3/Include    -DPy_BUILD_CORE -o Python/instruction_sequence.o /data/data/com.termux/files/home/markoss/.buildozer/android/platform/build-arm64-v8a_armeabi-v7a/build/other_builds/hostpython3/desktop/hostpython3/Python/instruction_sequence.c
[1m[90m[DEBUG][39m[0m:   	gcc -c -fno-strict-overflow -Wsign-compare -Wunreachable-code -DNDEBUG -g -O3 -Wall    -std=c11 -Wextra -Wno-unused-parameter -Wno-missing-field-initializers -Wstrict-prototypes -Werror=implicit-function-declaration -fvisibility=hidden  -I/data/data/com.termux/files/home/markoss/.buildozer/android/platform/build-arm64-v8a_armeabi-v7a/build/other_builds/hostpython3/desktop/hostpython3/Include/internal -I/data/data/com.termux/files/home/markoss/.buildozer/android/platform/build-arm64-v8a_armeabi-v7a/build/other_builds/hostpython3/desktop/hostpython3/Include/internal/mimalloc -IObjects -IInclude -IPython -I. -I/data/data/com.termux/files/home/markoss/.buildozer/android/platform/build-arm64-v8a_armeabi-v7a/build/other_builds/hostpython3/desktop/hostpython3/Include    -DPy_BUILD_CORE -o Python/intrinsics.o /data/data/com.termux/files/home/markoss/.buildozer/android/platform/build-arm64-v8a_armeabi-v7a/build/other_builds/hostpython3/desktop/hostpython3/Python/intrinsics.c
[1m[90m[DEBUG][39m[0m:   	gcc -c -fno-strict-overflow -Wsign-compare -Wunreachable-code -DNDEBUG -g -O3 -Wall    -std=c11 -Wextra -Wno-unused-parameter -Wno-missing-field-initializers -Wstrict-prototypes -Werror=implicit-function-declaration -fvisibility=hidden  -I/data/data/com.termux/files/home/markoss/.buildozer/android/platform/build-arm64-v8a_armeabi-v7a/build/other_builds/hostpython3/desktop/hostpython3/Include/internal -I/data/data/com.termux/files/home/markoss/.buildozer/android/platform/build-arm64-v8a_armeabi-v7a/build/other_builds/hostpython3/desktop/hostpython3/Include/internal/mimalloc -IObjects -IInclude -IPython -I. -I/data/data/com.termux/files/home/markoss/.buildozer/android/platform/build-arm64-v8a_armeabi-v7a/build/other_builds/hostpython3/desktop/hostpython3/Include    -DPy_BUILD_CORE -o Python/jit.o /data/data/com.termux/files/home/markoss/.buildozer/android/platform/build-arm64-v8a_armeabi-v7a/build/other_builds/hostpython3/desktop/hostpython3/Python/jit.c
[1m[90m[DEBUG][39m[0m:   	gcc -c -fno-strict-overflow -Wsign-compare -Wunreachable-code -DNDEBUG -g -O3 -Wall    -std=c11 -Wextra -Wno-unused-parameter -Wno-missing-field-initializers -Wstrict-prototypes -Werror=implicit-function-declaration -fvisibility=hidden  -I/data/data/com.termux/files/home/markoss/.buildozer/android/platform/build-arm64-v8a_armeabi-v7a/build/other_builds/hostpython3/desktop/hostpython3/Include/internal -I/data/data/com.termux/files/home/markoss/.buildozer/android/platform/build-arm64-v8a_armeabi-v7a/build/other_builds/hostpython3/desktop/hostpython3/Include/internal/mimalloc -IObjects -IInclude -IPython -I. -I/data/data/com.termux/files/home/markoss/.buildozer/android/platform/build-arm64-v8a_armeabi-v7a/build/other_builds/hostpython3/desktop/hostpython3/Include    -DPy_BUILD_CORE -o Python/legacy_tracing.o /data/data/com.termux/files/home/markoss/.buildozer/android/platform/build-arm64-v8a_armeabi-v7a/build/other_builds/hostpython3/desktop/hostpython3/Python/legacy_tracing.c
[1m[90m[DEBUG][39m[0m:   	gcc -c -fno-strict-overflow -Wsign-compare -Wunreachable-code -DNDEBUG -g -O3 -Wall    -std=c11 -Wextra -Wno-unused-parameter -Wno-missing-field-initializers -Wstrict-prototypes -Werror=implicit-function-declaration -fvisibility=hidden  -I/data/data/com.termux/files/home/markoss/.buildozer/android/platform/build-arm64-v8a_armeabi-v7a/build/other_builds/hostpython3/desktop/hostpython3/Include/internal -I/data/data/com.termux/files/home/markoss/.buildozer/android/platform/build-arm64-v8a_armeabi-v7a/build/other_builds/hostpython3/desktop/hostpython3/Include/internal/mimalloc -IObjects -IInclude -IPython -I. -I/data/data/com.termux/files/home/markoss/.buildozer/android/platform/build-arm64-v8a_armeabi-v7a/build/other_builds/hostpython3/desktop/hostpython3/Include    -DPy_BUILD_CORE -o Python/lock.o /data/data/com.termux/files/home/markoss/.buildozer/android/platform/build-arm64-v8a_armeabi-v7a/build/other_builds/hostpython3/desktop/hostpython3/Python/lock.c
[1m[90m[DEBUG][39m[0m:   	gcc -c -fno-strict-overflow -Wsign-compare -Wunreachable-code -DNDEBUG -g -O3 -Wall    -std=c11 -Wextra -Wno-unused-parameter -Wno-missing-field-initializers -Wstrict-prototypes -Werror=implicit-function-declaration -fvisibility=hidden  -I/data/data/com.termux/files/home/markoss/.buildozer/android/platform/build-arm64-v8a_armeabi-v7a/build/other_builds/hostpython3/desktop/hostpython3/Include/internal -I/data/data/com.termux/files/home/markoss/.buildozer/android/platform/build-arm64-v8a_armeabi-v7a/build/other_builds/hostpython3/desktop/hostpython3/Include/internal/mimalloc -IObjects -IInclude -IPython -I. -I/data/data/com.termux/files/home/markoss/.buildozer/android/platform/build-arm64-v8a_armeabi-v7a/build/other_builds/hostpython3/desktop/hostpython3/Include    -DPy_BUILD_CORE -o Python/marshal.o /data/data/com.termux/files/home/markoss/.buildozer/android/platform/build-arm64-v8a_armeabi-v7a/build/other_builds/hostpython3/desktop/hostpython3/Python/marshal.c
[1m[90m[DEBUG][39m[0m:   	gcc -c -fno-strict-overflow -Wsign-compare -Wunreachable-code -DNDEBUG -g -O3 -Wall    -std=c11 -Wextra -Wno-unused-parameter -Wno-missing-field-initializers -Wstrict-prototypes -Werror=implicit-function-declaration -fvisibility=hidden  -I/data/data/com.termux/files/home/markoss/.buildozer/android/platform/build-arm64-v8a_armeabi-v7a/build/other_builds/hostpython3/desktop/hostpython3/Include/internal -I/data/data/com.termux/files/home/markoss/.buildozer/android/platform/build-arm64-v8a_armeabi-v7a/build/other_builds/hostpython3/desktop/hostpython3/Include/internal/mimalloc -IObjects -IInclude -IPython -I. -I/data/data/com.termux/files/home/markoss/.buildozer/android/platform/build-arm64-v8a_armeabi-v7a/build/other_builds/hostpython3/desktop/hostpython3/Include    -DPy_BUILD_CORE -o Python/modsupport.o /data/data/com.termux/files/home/markoss/.buildozer/android/platform/build-arm64-v8a_armeabi-v7a/build/other_builds/hostpython3/desktop/hostpython3/Python/modsupport.c
[1m[90m[DEBUG][39m[0m:   	gcc -c -fno-strict-overflow -Wsign-compare -Wunreachable-code -DNDEBUG -g -O3 -Wall    -std=c11 -Wextra -Wno-unused-parameter -Wno-missing-field-initializers -Wstrict-prototypes -Werror=implicit-function-declaration -fvisibility=hidden  -I/data/data/com.termux/files/home/markoss/.buildozer/android/platform/build-arm64-v8a_armeabi-v7a/build/other_builds/hostpython3/desktop/hostpython3/Include/internal -I/data/data/com.termux/files/home/markoss/.buildozer/android/platform/build-arm64-v8a_armeabi-v7a/build/other_builds/hostpython3/desktop/hostpython3/Include/internal/mimalloc -IObjects -IInclude -IPython -I. -I/data/data/com.termux/files/home/markoss/.buildozer/android/platform/build-arm64-v8a_armeabi-v7a/build/other_builds/hostpython3/desktop/hostpython3/Include    -DPy_BUILD_CORE -o Python/mysnprintf.o /data/data/com.termux/files/home/markoss/.buildozer/android/platform/build-arm64-v8a_armeabi-v7a/build/other_builds/hostpython3/desktop/hostpython3/Python/mysnprintf.c
[1m[90m[DEBUG][39m[0m:   	gcc -c -fno-strict-overflow -Wsign-compare -Wunreachable-code -DNDEBUG -g -O3 -Wall    -std=c11 -Wextra -Wno-unused-parameter -Wno-missing-field-initializers -Wstrict-prototypes -Werror=implicit-function-declaration -fvisibility=hidden  -I/data/data/com.termux/files/home/markoss/.buildozer/android/platform/build-arm64-v8a_armeabi-v7a/build/other_builds/hostpython3/desktop/hostpython3/Include/internal -I/data/data/com.termux/files/home/markoss/.buildozer/android/platform/build-arm64-v8a_armeabi-v7a/build/other_builds/hostpython3/desktop/hostpython3/Include/internal/mimalloc -IObjects -IInclude -IPython -I. -I/data/data/com.termux/files/home/markoss/.buildozer/android/platform/build-arm64-v8a_armeabi-v7a/build/other_builds/hostpython3/desktop/hostpython3/Include    -DPy_BUILD_CORE -o Python/mystrtoul.o /data/data/com.termux/files/home/markoss/.buildozer/android/platform/build-arm64-v8a_armeabi-v7a/build/other_builds/hostpython3/desktop/hostpython3/Python/mystrtoul.c
[1m[90m[DEBUG][39m[0m:   	gcc -c -fno-strict-overflow -Wsign-compare -Wunreachable-code -DNDEBUG -g -O3 -Wall    -std=c11 -Wextra -Wno-unused-parameter -Wno-missing-field-initializers -Wstrict-prototypes -Werror=implicit-function-declaration -fvisibility=hidden  -I/data/data/com.termux/files/home/markoss/.buildozer/android/platform/build-arm64-v8a_armeabi-v7a/build/other_builds/hostpython3/desktop/hostpython3/Include/internal -I/data/data/com.termux/files/home/markoss/.buildozer/android/platform/build-arm64-v8a_armeabi-v7a/build/other_builds/hostpython3/desktop/hostpython3/Include/internal/mimalloc -IObjects -IInclude -IPython -I. -I/data/data/com.termux/files/home/markoss/.buildozer/android/platform/build-arm64-v8a_armeabi-v7a/build/other_builds/hostpython3/desktop/hostpython3/Include    -DPy_BUILD_CORE -o Python/object_stack.o /data/data/com.termux/files/home/markoss/.buildozer/android/platform/build-arm64-v8a_armeabi-v7a/build/other_builds/hostpython3/desktop/hostpython3/Python/object_stack.c
[1m[90m[DEBUG][39m[0m:   	gcc -c -fno-strict-overflow -Wsign-compare -Wunreachable-code -DNDEBUG -g -O3 -Wall    -std=c11 -Wextra -Wno-unused-parameter -Wno-missing-field-initializers -Wstrict-prototypes -Werror=implicit-function-declaration -fvisibility=hidden  -I/data/data/com.termux/files/home/markoss/.buildozer/android/platform/build-arm64-v8a_armeabi-v7a/build/other_builds/hostpython3/desktop/hostpython3/Include/internal -I/data/data/com.termux/files/home/markoss/.buildozer/android/platform/build-arm64-v8a_armeabi-v7a/build/other_builds/hostpython3/desktop/hostpython3/Include/internal/mimalloc -IObjects -IInclude -IPython -I. -I/data/data/com.termux/files/home/markoss/.buildozer/android/platform/build-arm64-v8a_armeabi-v7a/build/other_builds/hostpython3/desktop/hostpython3/Include    -DPy_BUILD_CORE -o Python/optimizer.o /data/data/com.termux/files/home/markoss/.buildozer/android/platform/build-arm64-v8a_armeabi-v7a/build/other_builds/hostpython3/desktop/hostpython3/Python/optimizer.c
[1m[90m[DEBUG][39m[0m:   	gcc -c -fno-strict-overflow -Wsign-compare -Wunreachable-code -DNDEBUG -g -O3 -Wall    -std=c11 -Wextra -Wno-unused-parameter -Wno-missing-field-initializers -Wstrict-prototypes -Werror=implicit-function-declaration -fvisibility=hidden  -I/data/data/com.termux/files/home/markoss/.buildozer/android/platform/build-arm64-v8a_armeabi-v7a/build/other_builds/hostpython3/desktop/hostpython3/Include/internal -I/data/data/com.termux/files/home/markoss/.buildozer/android/platform/build-arm64-v8a_armeabi-v7a/build/other_builds/hostpython3/desktop/hostpython3/Include/internal/mimalloc -IObjects -IInclude -IPython -I. -I/data/data/com.termux/files/home/markoss/.buildozer/android/platform/build-arm64-v8a_armeabi-v7a/build/other_builds/hostpython3/desktop/hostpython3/Include    -DPy_BUILD_CORE -o Python/optimizer_analysis.o /data/data/com.termux/files/home/markoss/.buildozer/android/platform/build-arm64-v8a_armeabi-v7a/build/other_builds/hostpython3/desktop/hostpython3/Python/optimizer_analysis.c
[1m[90m[DEBUG][39m[0m:   	gcc -c -fno-strict-overflow -Wsign-compare -Wunreachable-code -DNDEBUG -g -O3 -Wall    -std=c11 -Wextra -Wno-unused-parameter -Wno-missing-field-initializers -Wstrict-prototypes -Werror=implicit-function-declaration -fvisibility=hidden  -I/data/data/com.termux/files/home/markoss/.buildozer/android/platform/build-arm64-v8a_armeabi-v7a/build/other_builds/hostpython3/desktop/hostpython3/Include/internal -I/data/data/com.termux/files/home/markoss/.buildozer/android/platform/build-arm64-v8a_armeabi-v7a/build/other_builds/hostpython3/desktop/hostpython3/Include/internal/mimalloc -IObjects -IInclude -IPython -I. -I/data/data/com.termux/files/home/markoss/.buildozer/android/platform/build-arm64-v8a_armeabi-v7a/build/other_builds/hostpython3/desktop/hostpython3/Include    -DPy_BUILD_CORE -o Python/optimizer_symbols.o /data/data/com.termux/files/home/markoss/.buildozer/android/platform/build-arm64-v8a_armeabi-v7a/build/other_builds/hostpython3/desktop/hostpython3/Python/optimizer_symbols.c
[1m[90m[DEBUG][39m[0m:   	gcc -c -fno-strict-overflow -Wsign-compare -Wunreachable-code -DNDEBUG -g -O3 -Wall    -std=c11 -Wextra -Wno-unused-parameter -Wno-missing-field-initializers -Wstrict-prototypes -Werror=implicit-function-declaration -fvisibility=hidden  -I/data/data/com.termux/files/home/markoss/.buildozer/android/platform/build-arm64-v8a_armeabi-v7a/build/other_builds/hostpython3/desktop/hostpython3/Include/internal -I/data/data/com.termux/files/home/markoss/.buildozer/android/platform/build-arm64-v8a_armeabi-v7a/build/other_builds/hostpython3/desktop/hostpython3/Include/internal/mimalloc -IObjects -IInclude -IPython -I. -I/data/data/com.termux/files/home/markoss/.buildozer/android/platform/build-arm64-v8a_armeabi-v7a/build/other_builds/hostpython3/desktop/hostpython3/Include    -DPy_BUILD_CORE -o Python/parking_lot.o /data/data/com.termux/files/home/markoss/.buildozer/android/platform/build-arm64-v8a_armeabi-v7a/build/other_builds/hostpython3/desktop/hostpython3/Python/parking_lot.c
[1m[90m[DEBUG][39m[0m:   	gcc -c -fno-strict-overflow -Wsign-compare -Wunreachable-code -DNDEBUG -g -O3 -Wall    -std=c11 -Wextra -Wno-unused-parameter -Wno-missing-field-initializers -Wstrict-prototypes -Werror=implicit-function-declaration -fvisibility=hidden  -I/data/data/com.termux/files/home/markoss/.buildozer/android/platform/build-arm64-v8a_armeabi-v7a/build/other_builds/hostpython3/desktop/hostpython3/Include/internal -I/data/data/com.termux/files/home/markoss/.buildozer/android/platform/build-arm64-v8a_armeabi-v7a/build/other_builds/hostpython3/desktop/hostpython3/Include/internal/mimalloc -IObjects -IInclude -IPython -I. -I/data/data/com.termux/files/home/markoss/.buildozer/android/platform/build-arm64-v8a_armeabi-v7a/build/other_builds/hostpython3/desktop/hostpython3/Include    -DPy_BUILD_CORE -o Python/pathconfig.o /data/data/com.termux/files/home/markoss/.buildozer/android/platform/build-arm64-v8a_armeabi-v7a/build/other_builds/hostpython3/desktop/hostpython3/Python/pathconfig.c
[1m[90m[DEBUG][39m[0m:   	gcc -c -fno-strict-overflow -Wsign-compare -Wunreachable-code -DNDEBUG -g -O3 -Wall    -std=c11 -Wextra -Wno-unused-parameter -Wno-missing-field-initializers -Wstrict-prototypes -Werror=implicit-function-declaration -fvisibility=hidden  -I/data/data/com.termux/files/home/markoss/.buildozer/android/platform/build-arm64-v8a_armeabi-v7a/build/other_builds/hostpython3/desktop/hostpython3/Include/internal -I/data/data/com.termux/files/home/markoss/.buildozer/android/platform/build-arm64-v8a_armeabi-v7a/build/other_builds/hostpython3/desktop/hostpython3/Include/internal/mimalloc -IObjects -IInclude -IPython -I. -I/data/data/com.termux/files/home/markoss/.buildozer/android/platform/build-arm64-v8a_armeabi-v7a/build/other_builds/hostpython3/desktop/hostpython3/Include    -DPy_BUILD_CORE -o Python/preconfig.o /data/data/com.termux/files/home/markoss/.buildozer/android/platform/build-arm64-v8a_armeabi-v7a/build/other_builds/hostpython3/desktop/hostpython3/Python/preconfig.c
[1m[90m[DEBUG][39m[0m:   	gcc -c -fno-strict-overflow -Wsign-compare -Wunreachable-code -DNDEBUG -g -O3 -Wall    -std=c11 -Wextra -Wno-unused-parameter -Wno-missing-field-initializers -Wstrict-prototypes -Werror=implicit-function-declaration -fvisibility=hidden  -I/data/data/com.termux/files/home/markoss/.buildozer/android/platform/build-arm64-v8a_armeabi-v7a/build/other_builds/hostpython3/desktop/hostpython3/Include/internal -I/data/data/com.termux/files/home/markoss/.buildozer/android/platform/build-arm64-v8a_armeabi-v7a/build/other_builds/hostpython3/desktop/hostpython3/Include/internal/mimalloc -IObjects -IInclude -IPython -I. -I/data/data/com.termux/files/home/markoss/.buildozer/android/platform/build-arm64-v8a_armeabi-v7a/build/other_builds/hostpython3/desktop/hostpython3/Include    -DPy_BUILD_CORE -o Python/pyarena.o /data/data/com.termux/files/home/markoss/.buildozer/android/platform/build-arm64-v8a_armeabi-v7a/build/other_builds/hostpython3/desktop/hostpython3/Python/pyarena.c
[1m[90m[DEBUG][39m[0m:   	gcc -c -fno-strict-overflow -Wsign-compare -Wunreachable-code -DNDEBUG -g -O3 -Wall    -std=c11 -Wextra -Wno-unused-parameter -Wno-missing-field-initializers -Wstrict-prototypes -Werror=implicit-function-declaration -fvisibility=hidden  -I/data/data/com.termux/files/home/markoss/.buildozer/android/platform/build-arm64-v8a_armeabi-v7a/build/other_builds/hostpython3/desktop/hostpython3/Include/internal -I/data/data/com.termux/files/home/markoss/.buildozer/android/platform/build-arm64-v8a_armeabi-v7a/build/other_builds/hostpython3/desktop/hostpython3/Include/internal/mimalloc -IObjects -IInclude -IPython -I. -I/data/data/com.termux/files/home/markoss/.buildozer/android/platform/build-arm64-v8a_armeabi-v7a/build/other_builds/hostpython3/desktop/hostpython3/Include    -DPy_BUILD_CORE -o Python/pyctype.o /data/data/com.termux/files/home/markoss/.buildozer/android/platform/build-arm64-v8a_armeabi-v7a/build/other_builds/hostpython3/desktop/hostpython3/Python/pyctype.c
[1m[90m[DEBUG][39m[0m:   	[1m/data/data/com.termux/files/home/markoss/.buildozer/android/platform/build-arm64-v8a_armeabi-v7a/build/other_builds/hostpython3/desktop/hostpython3/Python/parking_lot.c:159:15: [0m[0;1;31merror: [0m[1m
[1m[90m[DEBUG][39m[0m:   	      call to undeclared function 'sem_clockwait'; ISO C99 and later do not
[1m[90m[DEBUG][39m[0m:   	      support implicit function declarations [-Wimplicit-function-declaration][0m
[1m[90m[DEBUG][39m[0m:   	  159 |         err = sem_clockwait(&sema->platform_sem, CLOCK_MONOTONIC, &ts);[0m
[1m[90m[DEBUG][39m[0m:   	      | [0;1;32m              ^
[1m[90m[DEBUG][39m[0m:   	[0m1 error generated.
[1m[90m[DEBUG][39m[0m:   	make: *** [Makefile:3297: Python/parking_lot.o] Error 1
[1m[90m[DEBUG][39m[0m:   	make: *** Waiting for unfinished jobs....
[1m[90m[DEBUG][39m[0m:   	make: Leaving directory '/data/data/com.termux/files/home/markoss/.buildozer/android/platform/build-arm64-v8a_armeabi-v7a/build/other_builds/hostpython3/desktop/hostpython3/native-build'
Exception in thread background thread for pid 336:
Traceback (most recent call last):
  File "/data/data/com.termux/files/usr/lib/python3.10/threading.py", line 1016, in _bootstrap_inner
    self.run()
  File "/data/data/com.termux/files/usr/lib/python3.10/threading.py", line 953, in run
    self._target(*self._args, **self._kwargs)
  File "/data/data/com.termux/files/home/.local/lib/python3.10/site-packages/sh/__init__.py", line 1709, in wrap
    fn(*rgs, **kwargs)
  File "/data/data/com.termux/files/home/.local/lib/python3.10/site-packages/sh/__init__.py", line 2720, in background_thread
    handle_exit_code(exit_code)
  File "/data/data/com.termux/files/home/.local/lib/python3.10/site-packages/sh/__init__.py", line 2411, in fn
    return self.command.handle_command_exit_code(exit_code)
  File "/data/data/com.termux/files/home/.local/lib/python3.10/site-packages/sh/__init__.py", line 820, in handle_command_exit_code
    raise exc
sh.ErrorReturnCode_2: 

  RAN: /data/data/com.termux/files/usr/bin/make -j 8 -C /data/data/com.termux/files/home/markoss/.buildozer/android/platform/build-arm64-v8a_armeabi-v7a/build/other_builds/hostpython3/desktop/hostpython3/native-build

  STDOUT:
make: Entering directory '/data/data/com.termux/files/home/markoss/.buildozer/android/platform/build-arm64-v8a_armeabi-v7a/build/other_builds/hostpython3/desktop/hostpython3/native-build'
gcc -c -fno-strict-overflow -Wsign-compare -Wunreachable-code -DNDEBUG -g -O3 -Wall    -std=c11 -Wextra -Wno-unused-parameter -Wno-missing-field-initializers -Wstrict-prototypes -Werror=implicit-function-declaration -fvisibility=hidden  -I/data/data/com.termux/files/home/markoss/.buildozer/android/platform/build-arm64-v8a_armeabi-v7a/build/other_builds/hostpython3/desktop/hostpython3/Include/internal -I/data/data/com.termux/files/home/markoss/.buildozer/android/platform/build-arm64-v8a_armeabi-v7a/build/other_builds/hostpython3/desktop/hostpython3/Include/internal/mimalloc -IObjects -IInclude -IPython -I. -I/data/data/com.termux/files/home/markoss/.buildozer/android/platform/build-arm64-v8a_armeabi-v7a/build/other_builds/hostpython3/desktop/hostpython3/Include    -DPy_BUILD_CORE -o Programs/python.o /data/data/com.termux/files/home/markoss/.buildozer/android/platform/build-arm64-v8a_armeabi-v7a/build/other_builds/hostpython3/desktop/hostpython3/Programs/python.c
gcc -c -fno-strict-overflow -Wsign-compare -Wunreachable-code -DNDEBUG -g -O3 -Wall    -std=c11 -Wextra -Wno-unused-parameter -Wno-missing-field-initializers -Wstrict-prototypes -Werror=implicit-function-declaration -fvisibility=hidden  -I/data/data/com.termux/files/home/markoss/.buildozer/android/platform/build-arm64-v8a_armeabi-v7a/build/other_builds/hostpython3/desktop/hostpython3/Include/internal -I/data/data/com.termux/files/home/markoss/.buildozer/android/platform/build-arm64-v8a_armeabi-v7a/build/other_builds/hostpython3/desktop/hostpython3/Include/internal/mimalloc -IObjects -IInclude -IPython -I. -I/data/data/com.termux/files/home/markoss/.buildozer/android/platform/build-arm64-v8a_armeabi-v7a/build/other_builds/hostpython3/desktop/hostpython3/Include    -DPy_BUILD_CORE -o Parser/token.o /data/data/com.termux/files/home/markoss/.buildozer/android/platform/build-arm64-v8a_armeabi-v7a/build/other_builds/hostpython3/desktop/hostpython3/Parser/token.c
gcc -c -fno-strict-overflow -Wsign-compare -Wunreachable-code -DNDEBUG -g -O3 -Wall    -std=c11 -Wextra -Wno-unused-parameter -Wno-missing-field-initializers -Wstrict-prototypes -Werror=implicit-function-declaration -fvisibility=hidden  -I/data/data/com.termux/files/home/markoss/.buildozer/android/platform/build-arm64-v8a_armeabi-v7a/build/other_builds/hostpython3/desktop/hostpython3/Include/internal -I/data/data/com.termux/files/home/markoss/.buildozer/android/platform/build-arm64-v8a_armeabi-v7a/build/other_builds/hostpython3/desktop/hostpython3/Include/internal/mimalloc -IObjects -IInclude -IPython -I. -I/data/data/com.termux/files/home/markoss/.buildozer/android/platform/build-arm64-v8a_armeabi-v7a/build/other_builds/hostpython3/desktop/hostpython3/Include    -DPy_BUILD_CORE -o Parser/pegen.o /data/data/com.termux/files/home/markoss/.buildozer/android/platform/build-arm64-v8a_armeabi-v7a/build/other_builds/hostpython3/desktop/hostpython3/Parser/pegen.c
gcc -c -fno-strict-overflow -Wsign-compare -Wunreachable-code -DNDEBUG -g -O3 -Wall    -std=c11 -Wextra -Wno-unused-parameter -Wno-missing-field-initializers -Wstrict-prototypes -Werror=implicit-function-declaration -fvisibility=hidden  -I/data/data/com.termux/files/home/markoss/.buildozer/android/platform/build-arm64-v8a_armeabi-v7a/build/other_builds/hostpython3/desktop/hostpython3/Include/internal -I/data/data/com.termux/files/home/markoss/.buildozer/android/platform/build-arm64-v8a_armeabi-v7a/build/other_builds/hostpython3/desktop/hostpython3/Include/internal/mimalloc -IObjects -IInclude -IPython -I. -I/data/data/com.termux/files/home/markoss/.buildozer/android/platform/build-arm64-v8a_armeabi-v7a/build/other_builds/hostpython3/desktop/hostpython3/Include    -DPy_BUILD_CORE -o Parser/pegen_errors.o /data/data/com.termux/files/home/markoss/.buildozer/android/platform/build-arm64-v8a_armeabi-v7a/build/other_builds/hostpython3/desktop/hostpython3/Parser/pegen_errors.c
gcc -c -fno-strict-overflow -Wsign-compare -Wunreachable-code -DNDEBUG -g -O3 -Wall    -std=c11 -Wextra -Wno-unused-parameter -Wno-missing-field-initializers -Wstrict-prototypes -Werror=implicit-function-declaration -fvisibility=hidden  -I/data/data/com.termux/files/home/markoss/.buildozer/android/platform/build-arm64-v8a_armeabi-v7a/build/other_builds/hostpython3/desktop/hostpython3/Include/internal -I/data/data/com.termux/files/home/markoss/.buildozer/android/platform/build-arm64-v8a_armeabi-v7a/build/other_builds/hostpython3/desktop/hostpython3/Include/internal/mimalloc -IObjects -IInclude -IPython -I. -I/data/data/com.termux/files/home/markoss/.buildozer/android/platform/build-arm64-v8a_armeabi-v7a/build/other_builds/hostpython3/desktop/hostpython3/Include    -DPy_BUILD_CORE -o Parser/action_helpers.o /data/data/com.termux/files/home/markoss/.buildozer/android/platform/build-arm64-v8a_armeabi-v7a/build/other_builds/hostpython3/desktop/hostpython3/Parser/action_helpers.c
gcc -c -fno-strict-overflow -Wsign-compare -Wunreachable-code -DNDEBUG -g -O3 -Wall    -std=c11 -Wextra -Wno-unused-parameter -Wno-missing-field-initializers -Wstrict-prototypes -Werror=implicit-function-declaration -fvisibility=hidden  -I/data/data/com.termux/files/home/markoss/.buildozer/android/platform/build-arm64-v8a_armeabi-v7a/build/other_builds/hostpython3/desktop/hostpython3/Include/internal -I/data/data/com.termux/files/home/markoss/.buildozer/android/platform/build-arm64-v8a_armeabi-v7a/build/other_builds/hostpython3/desktop/hostpython3/Include/internal/mimalloc -IObjects -IInclude -IPython -I. -I/data/data/com.termux/files/home/markoss/.buildozer/android/platform/build-arm64-v8a_armeabi-v7a/build/other_builds/hostpython3/desktop/hostpython3/Include    -DPy_BUILD_CORE -o Parser/parser.o /data/data/com.termux/files/home/markoss/.buildozer/android/platform/build-arm64-v8a_armeabi-v7a/build/other_builds/hostpython3/desktop/hostpython3/Parser/parser.c
gcc -c -fno-strict-overflow -Wsign-compare -Wunreachable-code -DNDEBUG -g -O3 -Wall    -std=c11 -Wextra -Wno-unused-parameter -Wno-missing-field-initializers -Wstrict-prototypes -Werror=implicit-function-declaration -fvisibility=hidden  -I/data/data/com.termux/files/home/markoss/.buildozer/android/platform/build-arm64-v8a_armeabi-v7a/build/other_builds/hostpython3/desktop/hostpython3/Include/internal -I/data/data/com.termux/files/home/markoss/.buildozer/android/platform/build-arm64-v8a_armeabi-v7a/build/other_builds/hostpython3/desktop/hostpython3/Include/internal/mimalloc -IObjects -IInclude -IPython -I. -I/data/data/com.termux/files/home/markoss/.buildozer/android/platform/build-arm64-v8a_armeabi-v7a/build/other_builds/hostpython3/desktop/hostpython3/Include    -DPy_BUILD_CORE -o Parser/string_parser.o /data/data/com.termux/files/home/markoss/.buildozer/android/platform/build-arm64-v8a_armeabi-v7a/build/other_builds/hostpython3/desktop/hostpython3/Parser/string_parser.c
gcc -c -fno-strict-overflow -Wsign-compare -Wunreachable-code -DNDEBUG -g -O3 -Wall    -std=c11 -Wextra -Wno-unused-parameter -Wno-missing-field-initializers -Wstrict-prototypes -Werror=implicit-function-declaration -fvisibility=hidden  -I/data/data/com.termux/files/home/markoss/.buildozer/android/platform/build-arm64-v8a_armeabi-v7a/build/other_builds/hostpython3/desktop/hostpython3/Include/internal -I/data/data/com.termux/files/home/markoss/.buildozer/android/platform/build-arm64-v8a_armeabi-v7a/build/other_builds/hostpython3/desktop/hostpython3/Include/internal/mimalloc -IObjects -IInclude -IPython -I. -I/data/data/com.termux/files/home/markoss/.buildozer/android/platform/build-arm64-v8a_armeabi-v7a/build/other_builds/hostpython3/desktop/hostpython3/Include    -DPy_BUILD_CORE -o Parser/peg_api.o /data/data/com.termux/files/home/markoss/.buildozer/android/platform/build-arm64-v8a_armeabi-v7a/build/other_builds/hostpython3/desktop/hostpython3/Parser/peg_api.c
gcc -c -fno-strict-overflow -Wsign-compare -Wunreachable-code -DNDEBUG -g -O3 -Wall    -std=c11 -Wextra -Wno-unused-parameter -Wno-missing-field-initializers -Wstrict-prototypes -Werror=implicit-function-declaration -fvisibility=hidden  -I/data/data/com.termux/files/home/markoss/.buildozer/android/platform/build-arm64-v8a_armeabi-v7a/build/other_builds/hostpython3/desktop/hostpython3/Include/internal -I/data/data/com.termux/files/home/markoss/.buildozer/android/platform/build-arm64-v8a_armeabi-v7a/build/other_builds/hostpython3/desktop/hostpython3/Include/internal/mimalloc -IObjects -IInclude -IPython -I. -I/data/data/com.termux/files/home/markoss/.buildozer/android/platform/build-arm64-v8a_armeabi-v7a/build/other_builds/hostpython3/desktop/hostpython3/Include    -DPy_BUILD_CORE -o Parser/lexer/buffer.o /data/data/com.termux/files/home/markoss/.buildozer/android/platform/build-arm64-v8a_armeabi-v7a/build/other_builds/hostpython3/desktop/hostpython3/Parser/lexer/buffer.c
gcc -c -fno-strict-overflow -Wsign-compare -Wunreachable-code -DNDEBUG -g -O3 -Wall    -std=c11 -Wextra -Wno-unused-parameter -Wno-missing-field-initializers -Wstrict-prototypes -Werror=implicit-function-declaration -fvisibility=hidden  -I/data/data/com.termux/files/home/markoss/.buildozer/android/platform/build-arm64-v8a_armeabi-v7a/build/other_builds/hostpython3/desktop/hostpython3/Include/internal -I/data/data/com.termux/files/home/markoss/.buildozer/android/platform/build-arm64-v8a_armeabi-v7a/build/other_builds/hostpython3/desktop/hostpython3/Include/internal/mimalloc -IObjects -IInclude -IPython -I. -I/data/data/com.termux/files/home/markoss/.buildozer/android/platform/build-arm64-v8a_armeabi-v7a/build/other_builds/hostpython3/desktop/hostpython3/Include    -DPy_BUILD_CORE -o Parser/lexer/lexer.o /data/data/com.termux/files/home/markoss/.buildozer/android/platform/build-arm64-v8a_armeabi-v7a/build/other_builds/hostpython3/desktop/hostpython3/Parser/lexer/lexer.c
gcc -c -fno-strict-overflow -Wsign-compare -Wunreachable-code -DNDEBUG -g -O3 -Wall    -std=c11 -Wextra -Wno-unused-parameter -Wno-missing-field-initializers -Wstrict-prototypes -Werror=implicit-function-declaration -fvisibility=hidden  -I/data/data/com.termux/files/home/markoss/.buildozer/android/platform/build-arm64-v8a_armeabi-v7a/build/other_builds/hostpython3/desktop/hostpython3/Include/internal -I/data/data/com.termux/files/home/markoss/.buildozer/android/platform/build-arm64-v8a_armeabi-v7a/build/other_builds/hostpython3/desktop/hostpython3/Include/internal/mimalloc -IObjects -IInclude -IPython -I. -I/data/data/com.termux/files/home/markoss/.buildozer/android/platform/build-arm64-v8a_armeabi-v7a/build/other_builds/hostpython3/desktop/hostpython3/Include    -DPy_BUILD_CORE -o Parser/lexer/state.o /data/data/com.termux/files/home/markoss/.buildozer/android/platform/build-arm64-v8a_armeabi-v7a/build/other_builds/hostpython3/desktop/hostpython3/Parser/lexer/state.c
gcc -c -fno-strict-overflow -Wsign-compare -Wunreachable-code -DNDEBUG -g -O3 -Wall    -std=c11 -Wextra -Wno-unused-parameter -Wno-missing-field-initializers -Wstrict-prototypes -Werror=implicit-function-declaration -fvisibility=hidden  -I/data/data/com.termux/files/home/markoss/.buildozer/android/platform/build-arm64-v8a_armeabi-v7a/build/other_builds/hostpython3/desktop/hostpython3/Include/internal -I/data/data/com.termux/files/home/markoss/.buildozer/android/platform/build-arm64-v8a_armeabi-v7a/build/other_builds/hostpython3/desktop/hostpython3/Include/internal/mimalloc -IObjects -IInclude -IPython -I. -I/data/data/com.termux/files/home/markoss/.buildozer/android/platform/build-arm64-v8a_armeabi-v7a/build/other_builds/hostpython3/desktop/hostpython3/Include    -DPy_BUILD_CORE -o Parser/tokenizer/file_tokenizer.o /data/data/com.termux/files/home/markoss/.buildozer/android/platform/build-arm64-v8a_armeabi-v7a/build/other_builds/hostpython3/desktop/hostpython3/Parser/tokenizer/file_tokenizer.c
gcc -c -fno-strict-overflow -Wsign-compare -Wunreachable-code -DNDEBUG -g -O3 -Wall    -std=c11 -Wextra -Wno-unused-parameter -Wno-missing-field-initializers -Wstrict-prototypes -Werror=implicit-function-declaration -fvisibility=hidden  -I/data/data/com.termux/files/home/markoss/.buildozer/android/platform/build-arm64-v8a_armeabi-v7a/build/other_builds/hostpython3/desktop/hostpython3/Include/internal -I/data/data/com.termux/files/home/markoss/.buildozer/android/platform/build-arm64-v8a_armeabi-v7a/build/other_builds/hostpython3/desktop/hostpython3/Include/internal/mimalloc -IObjects -IInclude -IPython -I. -I/data/data/com.termux/files/home/markoss/.buildozer/android/platform/build-arm64-v8a_armeabi-v7a/build/other_builds/hostpython3/desktop/hostpython3/Include    -DPy_BUILD_CORE -o Parser/tokenizer/readline_tokenizer.o /data/data/com.termux/files/home/markoss/.buildozer/android/platform/build-arm64-v8a_armeabi-v7a/build/other_builds/hostpython3/desktop/hostpython3/Parser/tokenizer/readline_tokenizer.c
gcc -c -fno-strict-overflow -Wsign-compare -Wunreachable-code -DNDEBUG -g -O3 -Wall    -std=c11 -Wextra -Wno-unused-parameter -Wno-missing-field-initializers -Wstrict-prototypes -Werror=implicit-function-declaration -fvisibility=hidden  -I/data/data/com.termux/files/home/markoss/.buildozer/android/platform/build-arm64-v8a_armeabi-v7a/build/other_builds/hostpython3/desktop/hostpython3/Include/internal -I/data/data/com.termux/files/home/markoss/.buildozer/android/platform/build-arm64-v8a_armeabi-v7a/build/other_builds/hostpython3/desktop/hostpython3/Include/internal/mimalloc -IObjects -IInclude -IPython -I. -I/data/data/com.termux/files/home/markoss/.buildozer/android/platform/build-arm64-v8a_armeabi-v7a/build/other_builds/hostpython3/desktop/hostpython3/Include    -DPy_BUILD_CORE -o Parser/tokenizer/string_tokenizer.o /data/data/com.termux/files/home/markoss/.buildozer/android/platform/build-arm64-v8a_armeabi-v7a/build/other_builds/hostpython3/desktop/hostpython3/Parser/tokenizer/string_tokenizer.c
gcc -c -fno-strict-overflow -Wsign-compare -Wunreachable-code -DNDEBUG -g -O3 -Wall    -std=c11 -Wextra -Wno-unused-parameter -Wno-missing-field-initializers -Wstrict-prototypes -Werror=implicit-function-declaration -fvisibility=hidden  -I/data/data/com.termux/files/home/markoss/.buildozer/android/platform/build-arm64-v8a_armeabi-v7a/build/other_builds/hostpython3/desktop/hostpython3/Include/internal -I/data/data/com.termux/files/home/markoss/.buildozer/android/platform/build-arm64-v8a_armeabi-v7a/build/other_builds/hostpython3/desktop/hostpython3/Include/internal/mimalloc -IObjects -IInclude -IPython -I. -I/data/data/com.termux/files/home/markoss/.buildozer/android/platform/build-arm64-v8a_armeabi-v7a/build/other_builds/hostpython3/desktop/hostpython3/Include    -DPy_BUILD_CORE -o Parser/tokenizer/utf8_tokenizer.o /data/data/com.termux/files/home/markoss/.buildozer/android/platform/build-arm64-v8a_armeabi-v7a/build/other_builds/hostpython3/desktop/hostpython3/Parser/tokenizer/utf8_tokenizer.c
gcc -c -fno-strict-overflow -Wsign-compare -Wunreachable-code -DNDEBUG -g -O3 -Wall    -std=c11 -Wextra -Wno-unused-parameter -Wno-missing-field-initializers -Wstrict-prototypes -Werror=implicit-function-declaration -fvisibility=hidden  -I/data/data/com.termux/files/home/markoss/.buildozer/android/platform/build-arm64-v8a_armeabi-v7a/build/other_builds/hostpython3/desktop/hostpython3/Include/internal -I/data/data/com.termux/files/home/markoss/.buildozer/android/platform/build-arm64-v8a_armeabi-v7a/build/other_builds/hostpython3/desktop/hostpython3/Include/internal/mimalloc -IObjects -IInclude -IPython -I. -I/data/data/com.termux/files/home/markoss/.buildozer/android/platform/build-arm64-v8a_armeabi-v7a/build/other_builds/hostpython3/desktop/hostpython3/Include    -DPy_BUILD_CORE -o Parser/tokenizer/helpers.o /data/data/com.termux/files/home/markoss/.buildozer/android/platform/build-arm64-v8a_armeabi-v7a/build/other_builds/hostpython3/desktop/hostpython3/Parser/tokenizer/helpers.c
gcc -c -fno-strict-overflow -Wsign-compare -Wunreachable-code -DNDEBUG -g -O3 -Wall    -std=c11 -Wextra -Wno-unused-parameter -Wno-missing-field-initializers -Wstrict-prototypes -Werror=implicit-function-declaration -fvisibility=hidden  -I/data/data/com.termux/files/home/markoss/.buildozer/android/platform/build-arm64-v8a_armeabi-v7a/build/other_builds/hostpython3/desktop/hostpython3/Include/internal -I/data/data/com.termux/files/home/markoss/.buildozer/android/platform/build-arm64-v8a_armeabi-v7a/build/other_builds/hostpython3/desktop/hostpython3/Include/internal/mimalloc -IObjects -IInclude -IPython -I. -I/data/data/com.termux/files/home/markoss/.buildozer/android/platform/build-arm64-v8a_armeabi-v7a/build/other_builds/hostpython3/desktop/hostpython3/Include    -DPy_BUILD_CORE -o Parser/myreadline.o /data/data/com.termux/files/home/markoss/.buildozer/android/platform/build-arm64-v8a_armeabi-v7a/build/other_builds/hostpython3/desktop/hostpython3/Parser/myreadline.c
gcc -c -fno-strict-overflow -Wsign-compare -Wunreachable-code -DNDEBUG -g -O3 -Wall    -std=c11 -Wextra -Wno-unused-parameter -Wno-missing-field-initializers -Wstrict-prototypes -Werror=implicit-function-declaration -fvisibility=hidden  -I/data/data/com.termux/files/home/markoss/.buildozer/android/platform/build-arm64-v8a_armeabi-v7a/build/other_builds/hostpython3/desktop/hostpython3/Include/internal -I/data/data/com.termux/files/home/markoss/.buildozer/android/platform/build-arm64-v8a_armeabi-v7a/build/other_builds/hostpython3/desktop/hostpython3/Include/internal/mimalloc -IObjects -IInclude -IPython -I. -I/data/data/com.termux/files/home/markoss/.buildozer/android/platform/build-arm64-v8a_armeabi-v7a/build/other_builds/hostpython3/desktop/hostpython3/Include    -DPy_BUILD_CORE -o Objects/abstract.o /data/data/com.termux/files/home/markoss/.buildozer/android/platform/build-arm64-v8a_armeabi-v7a/build/other_builds/hostpython3/desktop/hostpython3/Objects/abstract.c
gcc -c -fno-strict-overflow -Wsign-compare -Wunreachable-code -DNDEBUG -g -O3 -Wall    -std=c11 -Wextra -Wno-unused-parameter -Wno-missing-field-initializers -Wstrict-prototypes -Werror=implicit-function-declaration -fvisibility=hidden  -I/data/data/com.termux/files/home/markoss/.buildozer/android/platform/build-arm64-v8a_armeabi-v7a/build/other_builds/hostpython3/desktop/hostpython3/Include/internal -I/data/data/com.termux/files/home/markoss/.buildozer/android/platform/build-arm64-v8a_armeabi-v7a/build/other_builds/hostpython3/desktop/hostpython3/Include/internal/mimalloc -IObjects -IInclude -IPython -I. -I/data/data/com.termux/files/home/markoss/.buildozer/android/platform/build-arm64-v8a_armeabi-v7a/build/other_builds/hostpython3/desktop/hostpython3/Include    -DPy_BUILD_CORE -o Objects/boolobject.o /data/data/com.termux/files/home/markoss/.buildozer/android/platform/build-arm64-v8a_armeabi-v7a/build/other_builds/hostpython3/desktop/hostpython3/Objects/boolobject.c
gcc -c -fno-strict-overflow -Wsign-compare -Wunreachable-code -DNDEBUG -g -O3 -Wall    -std=c11 -Wextra -Wno-unused-parameter -Wno-missing-field-initializers -Wstrict-prototypes -Werror=implicit-function-declaration -fvisibility=hidden  -I/data/data/com.termux/files/home/markoss/.buildozer/android/platform/build-arm64-v8a_armeabi-v7a/build/other_builds/hostpython3/desktop/hostpython3/Include/internal -I/data/data/com.termux/files/home/markoss/.buildozer/android/platform/build-arm64-v8a_armeabi-v7a/build/other_builds/hostpython3/desktop/hostpython3/Include/internal/mimalloc -IObjects -IInclude -IPython -I. -I/data/data/com.termux/files/home/markoss/.buildozer/android/platform/build-arm64-v8a_armeabi-v7a/build/other_builds/hostpython3/desktop/hostpython3/Include    -DPy_BUILD_CORE -o Objects/bytes_methods.o /data/data/com.termux/files/home/markoss/.buildozer/android/platform/build-arm64-v8a_armeabi-v7a/build/other_builds/hostpython3/desktop/hostpython3/Objects/bytes_methods.c
gcc -c -fno-strict-overflow -Wsign-compare -Wunreachable-code -DNDEBUG -g -O3 -Wall    -std=c11 -Wextra -Wno-unused-parameter -Wno-missing-field-initializers -Wstrict-prototypes -Werror=implicit-function-declaration -fvisibility=hidden  -I/data/data/com.termux/files/home/markoss/.buildozer/android/platform/build-arm64-v8a_armeabi-v7a/build/other_builds/hostpython3/desktop/hostpython3/Include/internal -I/data/data/com.termux/files/home/markoss/.buildozer/android/platform/build-arm64-v8a_armeabi-v7a/build/other_builds/hostpython3/desktop/hostpython3/Include/internal/mimalloc -IObjects -IInclude -IPython -I. -I/data/data/com.termux/files/home/markoss/.buildozer/android/platform/build-arm64-v8a_armeabi-v7a/build/other_builds/hostpython3/desktop/hostpython3/Include    -DPy_BUILD_CORE -o Objects/bytearrayobject.o /data/data/com.termux/files/home/markoss/.buildozer/android/platform/build-arm64-v8a_armeabi-v7a/build/other_builds/hostpython3/desktop/hostpython3/Objects/bytearrayobject.c
gcc -c -fno-strict-overflow -Wsign-compare -Wunreachable-code -DNDEBUG -g -O3 -Wall    -std=c11 -Wextra -Wno-unused-parameter -Wno-missing-field-initializers -Wstrict-prototypes -Werror=implicit-function-declaration -fvisibility=hidden  -I/data/data/com.termux/files/home/markoss/.buildozer/android/platform/build-arm64-v8a_armeabi-v7a/build/other_builds/hostpython3/desktop/hostpython3/Include/internal -I/data/data/com.termux/files/home/markoss/.buildozer/android/platform/build-arm64-v8a_armeabi-v7a/build/other_builds/hostpython3/desktop/hostpython3/Include/internal/mimalloc -IObjects -IInclude -IPython -I. -I/data/data/com.termux/files/home/markoss/.buildozer/android/platform/build-arm64-v8a_armeabi-v7a/build/other_builds/hostpython3/desktop/hostpython3/Include    -DPy_BUILD_CORE -o Objects/bytesobject.o /data/data/com.termux/files/home/markoss/.buildozer/android/platform/build-arm64-v8a_armeabi-v7a/build/other_builds/hostpython3/desktop/hostpython3/Objects/bytesobject.c
gcc -c -fno-strict-overflow -Wsign-compare -Wunreachable-code -DNDEBUG -g -O3 -Wall    -std=c11 -Wextra -Wno-unused-parameter -Wno-missing-field-initializers -Wstrict-prototypes -Werror=implicit-function-declaration -fvisibility=hidden  -I/data/data/com.termux/files/home/markoss/.buildozer/android/platform/build-arm64-v8a_armeabi-v7a/build/other_builds/hostpython3/desktop/hostpython3/Include/internal -I/data/data/com.termux/files/home/markoss/.buildozer/android/platform/build-arm64-v8a_armeabi-v7a/build/other_builds/hostpython3/desktop/hostpython3/Include/internal/mimalloc -IObjects -IInclude -IPython -I. -I/data/data/com.termux/files/home/markoss/.buildozer/android/platform/build-arm64-v8a_armeabi-v7a/build/other_builds/hostpython3/desktop/hostpython3/Include    -DPy_BUILD_CORE -o Objects/call.o /data/data/com.termux/files/home/markoss/.buildozer/android/platform/build-arm64-v8a_armeabi-v7a/build/other_builds/hostpython3/desktop/hostpython3/Objects/call.c
gcc -c -fno-strict-overflow -Wsign-compare -Wunreachable-code -DNDEBUG -g -O3 -Wall    -std=c11 -Wextra -Wno-unused-parameter -Wno-missing-field-initializers -Wstrict-prototypes -Werror=implicit-function-declaration -fvisibility=hidden  -I/data/data/com.termux/files/home/markoss/.buildozer/android/platform/build-arm64-v8a_armeabi-v7a/build/other_builds/hostpython3/desktop/hostpython3/Include/internal -I/data/data/com.termux/files/home/markoss/.buildozer/android/platform/build-arm64-v8a_armeabi-v7a/build/other_builds/hostpython3/desktop/hostpython3/Include/internal/mimalloc -IObjects -IInclude -IPython -I. -I/data/data/com.termux/files/home/markoss/.buildozer/android/platform/build-arm64-v8a_armeabi-v7a/build/other_builds/hostpython3/desktop/hostpython3/Include    -DPy_BUILD_CORE -o Objects/capsule.o /data/data/com.termux/files/home/markoss/.buildozer/android/platform/build-arm64-v8a_armeabi-v7a/build/other_builds/hostpython3/desktop/hostpython3/Objects/capsule.c
gcc -c -fno-strict-overflow -Wsign-compare -Wunreachable-code -DNDEBUG -g -O3 -Wall    -std=c11 -Wextra -Wno-unused-parameter -Wno-missing-field-initializers -Wstrict-prototypes -Werror=implicit-function-declaration -fvisibility=hidden  -I/data/data/com.termux/files/home/markoss/.buildozer/android/platform/build-arm64-v8a_armeabi-v7a/build/other_builds/hostpython3/desktop/hostpython3/Include/internal -I/data/data/com.termux/files/home/markoss/.buildozer/android/platform/build-arm64-v8a_armeabi-v7a/build/other_builds/hostpython3/desktop/hostpython3/Include/internal/mimalloc -IObjects -IInclude -IPython -I. -I/data/data/com.termux/files/home/markoss/.buildozer/android/platform/build-arm64-v8a_armeabi-v7a/build/other_builds/hostpython3/desktop/hostpython3/Include    -DPy_BUILD_CORE -o Objects/cellobject.o /data/data/com.termux/files/home/markoss/.buildozer/android/platform/build-arm64-v8a_armeabi-v7a/build/other_builds/hostpython3/desktop/hostpython3/Objects/cellobject.c
gcc -c -fno-strict-overflow -Wsign-compare -Wunreachable-code -DNDEBUG -g -O3 -Wall    -std=c11 -Wextra -Wno-unused-parameter -Wno-missing-field-initializers -Wstrict-prototypes -Werror=implicit-function-declaration -fvisibility=hidden  -I/data/data/com.termux/files/home/markoss/.buildozer/android/platform/build-arm64-v8a_armeabi-v7a/build/other_builds/hostpython3/desktop/hostpython3/Include/internal -I/data/data/com.termux/files/home/markoss/.buildozer/android/platform/build-arm64-v8a_armeabi-v7a/build/other_builds/hostpython3/desktop/hostpython3/Include/internal/mimalloc -IObjects -IInclude -IPython -I. -I/data/data/com.termux/files/home/markoss/.buildozer/android/platform/build-arm64-v8a_armeabi-v7a/build/other_builds/hostpython3/desktop/hostpython3/Include    -DPy_BUILD_CORE -o Objects/classobject.o /data/data/com.termux/files/home/markoss/.buildozer/android/platform/build-arm64-v8a_armeabi-v7a/build/other_builds/hostpython3/desktop/hostpython3/Objects/classobject.c
gcc -c -fno-strict-overflow -Wsign-compare -Wunreachable-code -DNDEBUG -g -O3 -Wall    -std=c11 -Wextra -Wno-unused-parameter -Wno-missing-field-initializers -Wstrict-prototypes -Werror=implicit-function-declaration -fvisibility=hidden  -I/data/data/com.termux/files/home/markoss/.buildozer/android/platform/build-arm64-v8a_armeabi-v7a/build/other_builds/hostpython3/desktop/hostpython3/Include/internal -I/data/data/com.termux/files/home/markoss/.buildozer/android/platform/build-arm64-v8a_armeabi-v7a/build/other_builds/hostpython3/desktop/hostpython3/Include/internal/mimalloc -IObjects -IInclude -IPython -I. -I/data/data/com.termux/files/home/markoss/.buildozer/android/platform/build-arm64-v8a_armeabi-v7a/build/other_builds/hostpython3/desktop/hostpython3/Include    -DPy_BUILD_CORE -o Objects/codeobject.o /data/data/com.termux/files/home/markoss/.buildozer/android/platform/build-arm64-v8a_armeabi-v7a/build/other_builds/hostpython3/desktop/hostpython3/Objects/codeobject.c
gcc -c -fno-strict-overflow -Wsign-compare -Wunreachable-code -DNDEBUG -g -O3 -Wall    -std=c11 -Wextra -Wno-unused-parameter -Wno-missing-field-initializers -Wstrict-prototypes -Werror=implicit-function-declaration -fvisibility=hidden  -I/data/data/com.termux/files/home/markoss/.buildozer/android/platform/build-arm64-v8a_armeabi-v7a/build/other_builds/hostpython3/desktop/hostpython3/Include/internal -I/data/data/com.termux/files/home/markoss/.buildozer/android/platform/build-arm64-v8a_armeabi-v7a/build/other_builds/hostpython3/desktop/hostpython3/Include/internal/mimalloc -IObjects -IInclude -IPython -I. -I/data/data/com.termux/files/home/markoss/.buildozer/android/platform/build-arm64-v8a_armeabi-v7a/build/other_builds/hostpython3/desktop/hostpython3/Include    -DPy_BUILD_CORE -o Objects/complexobject.o /data/data/com.termux/files/home/markoss/.buildozer/android/platform/build-arm64-v8a_armeabi-v7a/build/other_builds/hostpython3/desktop/hostpython3/Objects/complexobject.c
gcc -c -fno-strict-overflow -Wsign-compare -Wunreachable-code -DNDEBUG -g -O3 -Wall    -std=c11 -Wextra -Wno-unused-parameter -Wno-missing-field-initializers -Wstrict-prototypes -Werror=implicit-function-declaration -fvisibility=hidden  -I/data/data/com.termux/files/home/markoss/.buildozer/android/platform/build-arm64-v8a_armeabi-v7a/build/other_builds/hostpython3/desktop/hostpython3/Include/internal -I/data/data/com.termux/files/home/markoss/.buildozer/android/platform/build-arm64-v8a_armeabi-v7a/build/other_builds/hostpython3/desktop/hostpython3/Include/internal/mimalloc -IObjects -IInclude -IPython -I. -I/data/data/com.termux/files/home/markoss/.buildozer/android/platform/build-arm64-v8a_armeabi-v7a/build/other_builds/hostpython3/desktop/hostpython3/Include    -DPy_BUILD_CORE -o Objects/descrobject.o /data/data/com.termux/files/home/markoss/.buildozer/android/platform/build-arm64-v8a_armeabi-v7a/build/other_builds/hostpython3/desktop/hostpython3/Objects/descrobject.c
gcc -c -fno-strict-overflow -Wsign-compare -Wunreachable-code -DNDEBUG -g -O3 -Wall    -std=c11 -Wextra -Wno-unused-parameter -Wno-missing-field-initializers -Wstrict-prototypes -Werror=implicit-function-declaration -fvisibility=hidden  -I/data/data/com.termux/files/home/markoss/.buildozer/android/platform/build-arm64-v8a_armeabi-v7a/build/other_builds/hostpython3/desktop/hostpython3/Include/internal -I/data/data/com.termux/files/home/markoss/.buildozer/android/platform/build-arm64-v8a_armeabi-v7a/build/other_builds/hostpython3/desktop/hostpython3/Include/internal/mimalloc -IObjects -IInclude -IPython -I. -I/data/data/com.termux/files/home/markoss/.buildozer/android/platform/build-arm64-v8a_armeabi-v7a/build/other_builds/hostpython3/desktop/hostpython3/Include    -DPy_BUILD_CORE -o Objects/enumobject.o /data/data/com.termux/files/home/markoss/.buildozer/android/platform/build-arm64-v8a_armeabi-v7a/build/other_builds/hostpython3/desktop/hostpython3/Objects/enumobject.c
gcc -c -fno-strict-overflow -Wsign-compare -Wunreachable-code -DNDEBUG -g -O3 -Wall    -std=c11 -Wextra -Wno-unused-parameter -Wno-missing-field-initializers -Wstrict-prototypes -Werror=implicit-function-declaration -fvisibility=hidden  -I/data/data/com.termux/files/home/markoss/.buildozer/android/platform/build-arm64-v8a_armeabi-v7a/build/other_builds/hostpython3/desktop/hostpython3/Include/internal -I/data/data/com.termux/files/home/markoss/.buildozer/android/platform/build-arm64-v8a_armeabi-v7a/build/other_builds/hostpython3/desktop/hostpython3/Include/internal/mimalloc -IObjects -IInclude -IPython -I. -I/data/data/com.termux/files/home/markoss/.buildozer/android/platform/build-arm64-v8a_armeabi-v7a/build/other_builds/hostpython3/desktop/hostpython3/Include    -DPy_BUILD_CORE -o Objects/exceptions.o /data/data/com.termux/files/home/markoss/.buildozer/android/platform/build-arm64-v8a_armeabi-v7a/build/other_builds/hostpython3/desktop/hostpython3/Objects/exceptions.c
gcc -c -fno-strict-overflow -Wsign-compare -Wunreachable-code -DNDEBUG -g -O3 -Wall    -std=c11 -Wextra -Wno-unused-parameter -Wno-missing-field-initializers -Wstrict-prototypes -Werror=implicit-function-declaration -fvisibility=hidden  -I/data/data/com.termux/files/home/markoss/.buildozer/android/platform/build-arm64-v8a_armeabi-v7a/build/other_builds/hostpython3/desktop/hostpython3/Include/internal -I/data/data/com.termux/files/home/markoss/.buildozer/android/platform/build-arm64-v8a_armeabi-v7a/build/other_builds/hostpython3/desktop/hostpython3/Include/internal/mimalloc -IObjects -IInclude -IPython -I. -I/data/data/com.termux/files/home/markoss/.buildozer/android/platform/build-arm64-v8a_armeabi-v7a/build/other_builds/hostpython3/desktop/hostpython3/Include    -DPy_BUILD_CORE -o Objects/genericaliasobject.o /data/data/com.termux/files/home/markoss/.buildozer/android/platform/build-arm64-v8a_armeabi-v7a/build/other_builds/hostpython3/desktop/hostpython3/Objects/genericaliasobject.c
gcc -c -fno-strict-overflow -Wsign-compare -Wunreachable-code -DNDEBUG -g -O3 -Wall    -std=c11 -Wextra -Wno-unused-parameter -Wno-missing-field-initializers -Wstrict-prototypes -Werror=implicit-function-declaration -fvisibility=hidden  -I/data/data/com.termux/files/home/markoss/.buildozer/android/platform/build-arm64-v8a_armeabi-v7a/build/other_builds/hostpython3/desktop/hostpython3/Include/internal -I/data/data/com.termux/files/home/markoss/.buildozer/android/platform/build-arm64-v8a_armeabi-v7a/build/other_builds/hostpython3/desktop/hostpython3/Include/internal/mimalloc -IObjects -IInclude -IPython -I. -I/data/data/com.termux/files/home/markoss/.buildozer/android/platform/build-arm64-v8a_armeabi-v7a/build/other_builds/hostpython3/desktop/hostpython3/Include    -DPy_BUILD_CORE -o Objects/genobject.o /data/data/com.termux/files/home/markoss/.buildozer/android/platform/build-arm64-v8a_armeabi-v7a/build/other_builds/hostpython3/desktop/hostpython3/Objects/genobject.c
gcc -c -fno-strict-overflow -Wsign-compare -Wunreachable-code -DNDEBUG -g -O3 -Wall    -std=c11 -Wextra -Wno-unused-parameter -Wno-missing-field-initializers -Wstrict-prototypes -Werror=implicit-function-declaration -fvisibility=hidden  -I/data/data/com.termux/files/home/markoss/.buildozer/android/platform/build-arm64-v8a_armeabi-v7a/build/other_builds/hostpython3/desktop/hostpython3/Include/internal -I/data/data/com.termux/files/home/markoss/.buildozer/android/platform/build-arm64-v8a_armeabi-v7a/build/other_builds/hostpython3/desktop/hostpython3/Include/internal/mimalloc -IObjects -IInclude -IPython -I. -I/data/data/com.termux/files/home/markoss/.buildozer/android/platform/build-arm64-v8a_armeabi-v7a/build/other_builds/hostpython3/desktop/hostpython3/Include    -DPy_BUILD_CORE -o Objects/fileobject.o /data/data/com.termux/files/home/markoss/.buildozer/android/platform/build-arm64-v8a_armeabi-v7a/build/other_builds/hostpython3/desktop/hostpython3/Objects/fileobject.c
gcc -c -fno-strict-overflow -Wsign-compare -Wunreachable-code -DNDEBUG -g -O3 -Wall    -std=c11 -Wextra -Wno-unused-parameter -Wno-missing-field-initializers -Wstrict-prototypes -Werror=implicit-function-declaration -fvisibility=hidden  -I/data/data/com.termux/files/home/markoss/.buildozer/android/platform/build-arm64-v8a_armeabi-v7a/build/other_builds/hostpython3/desktop/hostpython3/Include/internal -I/data/data/com.termux/files/home/markoss/.buildozer/android/platform/build-arm64-v8a_armeabi-v7a/build/other_builds/hostpython3/desktop/hostpython3/Include/internal/mimalloc -IObjects -IInclude -IPython -I. -I/data/data/com.termux/files/home/markoss/.buildozer/android/platform/build-arm64-v8a_armeabi-v7a/build/other_builds/hostpython3/desktop/hostpython3/Include    -DPy_BUILD_CORE -o Objects/floatobject.o /data/data/com.termux/files/home/markoss/.buildozer/android/platform/build-arm64-v8a_armeabi-v7a/build/other_builds/hostpython3/desktop/hostpython3/Objects/floatobject.c
gcc -c -fno-strict-overflow -Wsign-compare -Wunreachable-code -DNDEBUG -g -O3 -Wall    -std=c11 -Wextra -Wno-unused-parameter -Wno-missing-field-initializers -Wstrict-prototypes -Werror=implicit-function-declaration -fvisibility=hidden  -I/data/data/com.termux/files/home/markoss/.buildozer/android/platform/build-arm64-v8a_armeabi-v7a/build/other_builds/hostpython3/desktop/hostpython3/Include/internal -I/data/data/com.termux/files/home/markoss/.buildozer/android/platform/build-arm64-v8a_armeabi-v7a/build/other_builds/hostpython3/desktop/hostpython3/Include/internal/mimalloc -IObjects -IInclude -IPython -I. -I/data/data/com.termux/files/home/markoss/.buildozer/android/platform/build-arm64-v8a_armeabi-v7a/build/other_builds/hostpython3/desktop/hostpython3/Include    -DPy_BUILD_CORE -o Objects/frameobject.o /data/data/com.termux/files/home/markoss/.buildozer/android/platform/build-arm64-v8a_armeabi-v7a/build/other_builds/hostpython3/desktop/hostpython3/Objects/frameobject.c
gcc -c -fno-strict-overflow -Wsign-compare -Wunreachable-code -DNDEBUG -g -O3 -Wall    -std=c11 -Wextra -Wno-unused-parameter -Wno-missing-field-initializers -Wstrict-prototypes -Werror=implicit-function-declaration -fvisibility=hidden  -I/data/data/com.termux/files/home/markoss/.buildozer/android/platform/build-arm64-v8a_armeabi-v7a/build/other_builds/hostpython3/desktop/hostpython3/Include/internal -I/data/data/com.termux/files/home/markoss/.buildozer/android/platform/build-arm64-v8a_armeabi-v7a/build/other_builds/hostpython3/desktop/hostpython3/Include/internal/mimalloc -IObjects -IInclude -IPython -I. -I/data/data/com.termux/files/home/markoss/.buildozer/android/platform/build-arm64-v8a_armeabi-v7a/build/other_builds/hostpython3/desktop/hostpython3/Include    -DPy_BUILD_CORE -o Objects/funcobject.o /data/data/com.termux/files/home/markoss/.buildozer/android/platform/build-arm64-v8a_armeabi-v7a/build/other_builds/hostpython3/desktop/hostpython3/Objects/funcobject.c
gcc -c -fno-strict-overflow -Wsign-compare -Wunreachable-code -DNDEBUG -g -O3 -Wall    -std=c11 -Wextra -Wno-unused-parameter -Wno-missing-field-initializers -Wstrict-prototypes -Werror=implicit-function-declaration -fvisibility=hidden  -I/data/data/com.termux/files/home/markoss/.buildozer/android/platform/build-arm64-v8a_armeabi-v7a/build/other_builds/hostpython3/desktop/hostpython3/Include/internal -I/data/data/com.termux/files/home/markoss/.buildozer/android/platform/build-arm64-v8a_armeabi-v7a/build/other_builds/hostpython3/desktop/hostpython3/Include/internal/mimalloc -IObjects -IInclude -IPython -I. -I/data/data/com.termux/files/home/markoss/.buildozer/android/platform/build-arm64-v8a_armeabi-v7a/build/other_builds/hostpython3/desktop/hostpython3/Include    -DPy_BUILD_CORE -o Objects/interpolationobject.o /data/data/com.termux/files/home/markoss/.buildozer/android/platform/build-arm64-v8a_armeabi-v7a/build/other_builds/hostpython3/desktop/hostpython3/Objects/interpolationobject.c
gcc -c -fno-strict-overflow -Wsign-compare -Wunreachable-code -DNDEBUG -g -O3 -Wall    -std=c11 -Wextra -Wno-unused-parameter -Wno-missing-field-initializers -Wstrict-prototypes -Werror=implicit-function-declaration -fvisibility=hidden  -I/data/data/com.termux/files/home/markoss/.buildozer/android/platform/build-arm64-v8a_armeabi-v7a/build/other_builds/hostpython3/desktop/hostpython3/Include/internal -I/data/data/com.termux/files/home/markoss/.buildozer/android/platform/build-arm64-v8a_armeabi-v7a/build/other_builds/hostpython3/desktop/hostpython3/Include/internal/mimalloc -IObjects -IInclude -IPython -I. -I/data/data/com.termux/files/home/markoss/.buildozer/android/platform/build-arm64-v8a_armeabi-v7a/build/other_builds/hostpython3/desktop/hostpython3/Include    -DPy_BUILD_CORE -o Objects/iterobject.o /data/data/com.termux/files/home/markoss/.buildozer/android/platform/build-arm64-v8a_armeabi-v7a/build/other_builds/hostpython3/desktop/hostpython3/Objects/iterobject.c
gcc -c -fno-strict-overflow -Wsign-compare -Wunreachable-code -DNDEBUG -g -O3 -Wall    -std=c11 -Wextra -Wno-unused-parameter -Wno-missing-field-initializers -Wstrict-prototypes -Werror=implicit-function-declaration -fvisibility=hidden  -I/data/data/com.termux/files/home/markoss/.buildozer/android/platform/build-arm64-v8a_armeabi-v7a/build/other_builds/hostpython3/desktop/hostpython3/Include/internal -I/data/data/com.termux/files/home/markoss/.buildozer/android/platform/build-arm64-v8a_armeabi-v7a/build/other_builds/hostpython3/desktop/hostpython3/Include/internal/mimalloc -IObjects -IInclude -IPython -I. -I/data/data/com.termux/files/home/markoss/.buildozer/android/platform/build-arm64-v8a_armeabi-v7a/build/other_builds/hostpython3/desktop/hostpython3/Include    -DPy_BUILD_CORE -o Objects/listobject.o /data/data/com.termux/files/home/markoss/.buildozer/android/platform/build-arm64-v8a_armeabi-v7a/build/other_builds/hostpython3/desktop/hostpython3/Objects/listobject.c
gcc -c -fno-strict-overflow -Wsign-compare -Wunreachable-code -DNDEBUG -g -O3 -Wall    -std=c11 -Wextra -Wno-unused-parameter -Wno-missing-field-initializers -Wstrict-prototypes -Werror=implicit-function-declaration -fvisibility=hidden  -I/data/data/com.termux/files/home/markoss/.buildozer/android/platform/build-arm64-v8a_armeabi-v7a/build/other_builds/hostpython3/desktop/hostpython3/Include/internal -I/data/data/com.termux/files/home/markoss/.buildozer/android/platform/build-arm64-v8a_armeabi-v7a/build/other_builds/hostpython3/desktop/hostpython3/Include/internal/mimalloc -IObjects -IInclude -IPython -I. -I/data/data/com.termux/files/home/markoss/.buildozer/android/platform/build-arm64-v8a_armeabi-v7a/build/other_builds/hostpython3/desktop/hostpython3/Include    -DPy_BUILD_CORE -o Objects/longobject.o /data/data/com.termux/files/home/markoss/.buildozer/android/platform/build-arm64-v8a_armeabi-v7a/build/other_builds/hostpython3/desktop/hostpython3/Objects/longobject.c
gcc -c -fno-strict-overflow -Wsign-compare -Wunreachable-code -DNDEBUG -g -O3 -Wall    -std=c11 -Wextra -Wno-unused-parameter -Wno-missing-field-initializers -Wstrict-prototypes -Werror=implicit-function-declaration -fvisibility=hidden  -I/data/data/com.termux/files/home/markoss/.buildozer/android/platform/build-arm64-v8a_armeabi-v7a/build/other_builds/hostpython3/desktop/hostpython3/Include/internal -I/data/data/com.termux/files/home/markoss/.buildozer/android/platform/build-arm64-v8a_armeabi-v7a/build/other_builds/hostpython3/desktop/hostpython3/Include/internal/mimalloc -IObjects -IInclude -IPython -I. -I/data/data/com.termux/files/home/markoss/.buildozer/android/platform/build-arm64-v8a_armeabi-v7a/build/other_builds/hostpython3/desktop/hostpython3/Include    -DPy_BUILD_CORE -o Objects/dictobject.o /data/data/com.termux/files/home/markoss/.buildozer/android/platform/build-arm64-v8a_armeabi-v7a/build/other_builds/hostpython3/desktop/hostpython3/Objects/dictobject.c
gcc -c -fno-strict-overflow -Wsign-compare -Wunreachable-code -DNDEBUG -g -O3 -Wall    -std=c11 -Wextra -Wno-unused-parameter -Wno-missing-field-initializers -Wstrict-prototypes -Werror=implicit-function-declaration -fvisibility=hidden  -I/data/data/com.termux/files/home/markoss/.buildozer/android/platform/build-arm64-v8a_armeabi-v7a/build/other_builds/hostpython3/desktop/hostpython3/Include/internal -I/data/data/com.termux/files/home/markoss/.buildozer/android/platform/build-arm64-v8a_armeabi-v7a/build/other_builds/hostpython3/desktop/hostpython3/Include/internal/mimalloc -IObjects -IInclude -IPython -I. -I/data/data/com.termux/files/home/markoss/.buildozer/android/platform/build-arm64-v8a_armeabi-v7a/build/other_builds/hostpython3/desktop/hostpython3/Include    -DPy_BUILD_CORE -o Objects/odictobject.o /data/data/com.termux/files/home/markoss/.buildozer/android/platform/build-arm64-v8a_armeabi-v7a/build/other_builds/hostpython3/desktop/hostpython3/Objects/odictobject.c
gcc -c -fno-strict-overflow -Wsign-compare -Wunreachable-code -DNDEBUG -g -O3 -Wall    -std=c11 -Wextra -Wno-unused-parameter -Wno-missing-field-initializers -Wstrict-prototypes -Werror=implicit-function-declaration -fvisibility=hidden  -I/data/data/com.termux/files/home/markoss/.buildozer/android/platform/build-arm64-v8a_armeabi-v7a/build/other_builds/hostpython3/desktop/hostpython3/Include/internal -I/data/data/com.termux/files/home/markoss/.buildozer/android/platform/build-arm64-v8a_armeabi-v7a/build/other_builds/hostpython3/desktop/hostpython3/Include/internal/mimalloc -IObjects -IInclude -IPython -I. -I/data/data/com.termux/files/home/markoss/.buildozer/android/platform/build-arm64-v8a_armeabi-v7a/build/other_builds/hostpython3/desktop/hostpython3/Include    -DPy_BUILD_CORE -o Objects/memoryobject.o /data/data/com.termux/files/home/markoss/.buildozer/android/platform/build-arm64-v8a_armeabi-v7a/build/other_builds/hostpython3/desktop/hostpython3/Objects/memoryobject.c
gcc -c -fno-strict-overflow -Wsign-compare -Wunreachable-code -DNDEBUG -g -O3 -Wall    -std=c11 -Wextra -Wno-unused-parameter -Wno-missing-field-initializers -Wstrict-prototypes -Werror=implicit-function-declaration -fvisibility=hidden  -I/data/data/com.termux/files/home/markoss/.buildozer/android/platform/build-arm64-v8a_armeabi-v7a/build/other_builds/hostpython3/desktop/hostpython3/Include/internal -I/data/data/com.termux/files/home/markoss/.buildozer/android/platform/build-arm64-v8a_armeabi-v7a/build/other_builds/hostpython3/desktop/hostpython3/Include/internal/mimalloc -IObjects -IInclude -IPython -I. -I/data/data/com.termux/files/home/markoss/.buildozer/android/platform/build-arm64-v8a_armeabi-v7a/build/other_builds/hostpython3/desktop/hostpython3/Include    -DPy_BUILD_CORE -o Objects/methodobject.o /data/data/com.termux/files/home/markoss/.buildozer/android/platform/build-arm64-v8a_armeabi-v7a/build/other_builds/hostpython3/desktop/hostpython3/Objects/methodobject.c
gcc -c -fno-strict-overflow -Wsign-compare -Wunreachable-code -DNDEBUG -g -O3 -Wall    -std=c11 -Wextra -Wno-unused-parameter -Wno-missing-field-initializers -Wstrict-prototypes -Werror=implicit-function-declaration -fvisibility=hidden  -I/data/data/com.termux/files/home/markoss/.buildozer/android/platform/build-arm64-v8a_armeabi-v7a/build/other_builds/hostpython3/desktop/hostpython3/Include/internal -I/data/data/com.termux/files/home/markoss/.buildozer/android/platform/build-arm64-v8a_armeabi-v7a/build/other_builds/hostpython3/desktop/hostpython3/Include/internal/mimalloc -IObjects -IInclude -IPython -I. -I/data/data/com.termux/files/home/markoss/.buildozer/android/platform/build-arm64-v8a_armeabi-v7a/build/other_builds/hostpython3/desktop/hostpython3/Include    -DPy_BUILD_CORE -o Objects/moduleobject.o /data/data/com.termux/files/home/markoss/.buildozer/android/platform/build-arm64-v8a_armeabi-v7a/build/other_builds/hostpython3/desktop/hostpython3/Objects/moduleobject.c
gcc -c -fno-strict-overflow -Wsign-compare -Wunreachable-code -DNDEBUG -g -O3 -Wall    -std=c11 -Wextra -Wno-unused-parameter -Wno-missing-field-initializers -Wstrict-prototypes -Werror=implicit-function-declaration -fvisibility=hidden  -I/data/data/com.termux/files/home/markoss/.buildozer/android/platform/build-arm64-v8a_armeabi-v7a/build/other_builds/hostpython3/desktop/hostpython3/Include/internal -I/data/data/com.termux/files/home/markoss/.buildozer/android/platform/build-arm64-v8a_armeabi-v7a/build/other_builds/hostpython3/desktop/hostpython3/Include/internal/mimalloc -IObjects -IInclude -IPython -I. -I/data/data/com.termux/files/home/markoss/.buildozer/android/platform/build-arm64-v8a_armeabi-v7a/build/other_builds/hostpython3/desktop/hostpython3/Include    -DPy_BUILD_CORE -o Objects/namespaceobject.o /data/data/com.termux/files/home/markoss/.buildozer/android/platform/build-arm64-v8a_armeabi-v7a/build/other_builds/hostpython3/desktop/hostpython3/Objects/namespaceobject.c
gcc -c -fno-strict-overflow -Wsign-compare -Wunreachable-code -DNDEBUG -g -O3 -Wall    -std=c11 -Wextra -Wno-unused-parameter -Wno-missing-field-initializers -Wstrict-prototypes -Werror=implicit-function-declaration -fvisibility=hidden  -I/data/data/com.termux/files/home/markoss/.buildozer/android/platform/build-arm64-v8a_armeabi-v7a/build/other_builds/hostpython3/desktop/hostpython3/Include/internal -I/data/data/com.termux/files/home/markoss/.buildozer/android/platform/build-arm64-v8a_armeabi-v7a/build/other_builds/hostpython3/desktop/hostpython3/Include/internal/mimalloc -IObjects -IInclude -IPython -I. -I/data/data/com.termux/files/home/markoss/.buildozer/android/platform/build-arm64-v8a_armeabi-v7a/build/other_builds/hostpython3/desktop/hostpython3/Include    -DPy_BUILD_CORE -o Objects/object.o /data/data/com.termux/files/home/markoss/.buildozer/android/platform/build-arm64-v8a_armeabi-v7a/build/other_builds/hostpython3/desktop/hostpython3/Objects/object.c
gcc -c -fno-strict-overflow -Wsign-compare -Wunreachable-code -DNDEBUG -g -O3 -Wall    -std=c11 -Wextra -Wno-unused-parameter -Wno-missing-field-initializers -Wstrict-prototypes -Werror=implicit-function-declaration -fvisibility=hidden  -I/data/data/com.termux/files/home/markoss/.buildozer/android/platform/build-arm64-v8a_armeabi-v7a/build/other_builds/hostpython3/desktop/hostpython3/Include/internal -I/data/data/com.termux/files/home/markoss/.buildozer/android/platform/build-arm64-v8a_armeabi-v7a/build/other_builds/hostpython3/desktop/hostpython3/Include/internal/mimalloc -IObjects -IInclude -IPython -I. -I/data/data/com.termux/files/home/markoss/.buildozer/android/platform/build-arm64-v8a_armeabi-v7a/build/other_builds/hostpython3/desktop/hostpython3/Include    -DPy_BUILD_CORE -o Objects/obmalloc.o /data/data/com.termux/files/home/markoss/.buildozer/android/platform/build-arm64-v8a_armeabi-v7a/build/other_builds/hostpython3/desktop/hostpython3/Objects/obmalloc.c
gcc -c -fno-strict-overflow -Wsign-compare -Wunreachable-code -DNDEBUG -g -O3 -Wall    -std=c11 -Wextra -Wno-unused-parameter -Wno-missing-field-initializers -Wstrict-prototypes -Werror=implicit-function-declaration -fvisibility=hidden  -I/data/data/com.termux/files/home/markoss/.buildozer/android/platform/build-arm64-v8a_armeabi-v7a/build/other_builds/hostpython3/desktop/hostpython3/Include/internal -I/data/data/com.termux/files/home/markoss/.buildozer/android/platform/build-arm64-v8a_armeabi-v7a/build/other_builds/hostpython3/desktop/hostpython3/Include/internal/mimalloc -IObjects -IInclude -IPython -I. -I/data/data/com.termux/files/home/markoss/.buildozer/android/platform/build-arm64-v8a_armeabi-v7a/build/other_builds/hostpython3/desktop/hostpython3/Include    -DPy_BUILD_CORE -o Objects/picklebufobject.o /data/data/com.termux/files/home/markoss/.buildozer/android/platform/build-arm64-v8a_armeabi-v7a/build/other_builds/hostpython3/desktop/hostpython3/Objects/picklebufobject.c
gcc -c -fno-strict-overflow -Wsign-compare -Wunreachable-code -DNDEBUG -g -O3 -Wall    -std=c11 -Wextra -Wno-unused-parameter -Wno-missing-field-initializers -Wstrict-prototypes -Werror=implicit-function-declaration -fvisibility=hidden  -I/data/data/com.termux/files/home/markoss/.buildozer/android/platform/build-arm64-v8a_armeabi-v7a/build/other_builds/hostpython3/desktop/hostpython3/Include/internal -I/data/data/com.termux/files/home/markoss/.buildozer/android/platform/build-arm64-v8a_armeabi-v7a/build/other_builds/hostpython3/desktop/hostpython3/Include/internal/mimalloc -IObjects -IInclude -IPython -I. -I/data/data/com.termux/files/home/markoss/.buildozer/android/platform/build-arm64-v8a_armeabi-v7a/build/other_builds/hostpython3/desktop/hostpython3/Include    -DPy_BUILD_CORE -o Objects/rangeobject.o /data/data/com.termux/files/home/markoss/.buildozer/android/platform/build-arm64-v8a_armeabi-v7a/build/other_builds/hostpython3/desktop/hostpython3/Objects/rangeobject.c
gcc -c -fno-strict-overflow -Wsign-compare -Wunreachable-code -DNDEBUG -g -O3 -Wall    -std=c11 -Wextra -Wno-unused-parameter -Wno-missing-field-initializers -Wstrict-prototypes -Werror=implicit-function-declaration -fvisibility=hidden  -I/data/data/com.termux/files/home/markoss/.buildozer/android/platform/build-arm64-v8a_armeabi-v7a/build/other_builds/hostpython3/desktop/hostpython3/Include/internal -I/data/data/com.termux/files/home/markoss/.buildozer/android/platform/build-arm64-v8a_armeabi-v7a/build/other_builds/hostpython3/desktop/hostpython3/Include/internal/mimalloc -IObjects -IInclude -IPython -I. -I/data/data/com.termux/files/home/markoss/.buildozer/android/platform/build-arm64-v8a_armeabi-v7a/build/other_builds/hostpython3/desktop/hostpython3/Include    -DPy_BUILD_CORE -o Objects/setobject.o /data/data/com.termux/files/home/markoss/.buildozer/android/platform/build-arm64-v8a_armeabi-v7a/build/other_builds/hostpython3/desktop/hostpython3/Objects/setobject.c
gcc -c -fno-strict-overflow -Wsign-compare -Wunreachable-code -DNDEBUG -g -O3 -Wall    -std=c11 -Wextra -Wno-unused-parameter -Wno-missing-field-initializers -Wstrict-prototypes -Werror=implicit-function-declaration -fvisibility=hidden  -I/data/data/com.termux/files/home/markoss/.buildozer/android/platform/build-arm64-v8a_armeabi-v7a/build/other_builds/hostpython3/desktop/hostpython3/Include/internal -I/data/data/com.termux/files/home/markoss/.buildozer/android/platform/build-arm64-v8a_armeabi-v7a/build/other_builds/hostpython3/desktop/hostpython3/Include/internal/mimalloc -IObjects -IInclude -IPython -I. -I/data/data/com.termux/files/home/markoss/.buildozer/android/platform/build-arm64-v8a_armeabi-v7a/build/other_builds/hostpython3/desktop/hostpython3/Include    -DPy_BUILD_CORE -o Objects/sliceobject.o /data/data/com.termux/files/home/markoss/.buildozer/android/platform/build-arm64-v8a_armeabi-v7a/build/other_builds/hostpython3/desktop/hostpython3/Objects/sliceobject.c
gcc -c -fno-strict-overflow -Wsign-compare -Wunreachable-code -DNDEBUG -g -O3 -Wall    -std=c11 -Wextra -Wno-unused-parameter -Wno-missing-field-initializers -Wstrict-prototypes -Werror=implicit-function-declaration -fvisibility=hidden  -I/data/data/com.termux/files/home/markoss/.buildozer/android/platform/build-arm64-v8a_armeabi-v7a/build/other_builds/hostpython3/desktop/hostpython3/Include/internal -I/data/data/com.termux/files/home/markoss/.buildozer/android/platform/build-arm64-v8a_armeabi-v7a/build/other_builds/hostpython3/desktop/hostpython3/Include/internal/mimalloc -IObjects -IInclude -IPython -I. -I/data/data/com.termux/files/home/markoss/.buildozer/android/platform/build-arm64-v8a_armeabi-v7a/build/other_builds/hostpython3/desktop/hostpython3/Include    -DPy_BUILD_CORE -o Objects/structseq.o /data/data/com.termux/files/home/markoss/.buildozer/android/platform/build-arm64-v8a_armeabi-v7a/build/other_builds/hostpython3/desktop/hostpython3/Objects/structseq.c
gcc -c -fno-strict-overflow -Wsign-compare -Wunreachable-code -DNDEBUG -g -O3 -Wall    -std=c11 -Wextra -Wno-unused-parameter -Wno-missing-field-initializers -Wstrict-prototypes -Werror=implicit-function-declaration -fvisibility=hidden  -I/data/data/com.termux/files/home/markoss/.buildozer/android/platform/build-arm64-v8a_armeabi-v7a/build/other_builds/hostpython3/desktop/hostpython3/Include/internal -I/data/data/com.termux/files/home/markoss/.buildozer/android/platform/build-arm64-v8a_armeabi-v7a/build/other_builds/hostpython3/desktop/hostpython3/Include/internal/mimalloc -IObjects -IInclude -IPython -I. -I/data/data/com.termux/files/home/markoss/.buildozer/android/platform/build-arm64-v8a_armeabi-v7a/build/other_builds/hostpython3/desktop/hostpython3/Include    -DPy_BUILD_CORE -o Objects/templateobject.o /data/data/com.termux/files/home/markoss/.buildozer/android/platform/build-arm64-v8a_armeabi-v7a/build/other_builds/hostpython3/desktop/hostpython3/Objects/templateobject.c
gcc -c -fno-strict-overflow -Wsign-compare -Wunreachable-code -DNDEBUG -g -O3 -Wall    -std=c11 -Wextra -Wno-unused-parameter -Wno-missing-field-initializers -Wstrict-prototypes -Werror=implicit-function-declaration -fvisibility=hidden  -I/data/data/com.termux/files/home/markoss/.buildozer/android/platform/build-arm64-v8a_armeabi-v7a/build/other_builds/hostpython3/desktop/hostpython3/Include/internal -I/data/data/com.termux/files/home/markoss/.buildozer/android/platform/build-arm64-v8a_armeabi-v7a/build/other_builds/hostpython3/desktop/hostpython3/Include/internal/mimalloc -IObjects -IInclude -IPython -I. -I/data/data/com.termux/files/home/markoss/.buildozer/android/platform/build-arm64-v8a_armeabi-v7a/build/other_builds/hostpython3/desktop/hostpython3/Include    -DPy_BUILD_CORE -o Objects/tupleobject.o /data/data/com.termux/files/home/markoss/.buildozer/android/platform/build-arm64-v8a_armeabi-v7a/build/other_builds/hostpython3/desktop/hostpython3/Objects/tupleobject.c
gcc -c -fno-strict-overflow -Wsign-compare -Wunreachable-code -DNDEBUG -g -O3 -Wall    -std=c11 -Wextra -Wno-unused-parameter -Wno-missing-field-initializers -Wstrict-prototypes -Werror=implicit-function-declaration -fvisibility=hidden  -I/data/data/com.termux/files/home/markoss/.buildozer/android/platform/build-arm64-v8a_armeabi-v7a/build/other_builds/hostpython3/desktop/hostpython3/Include/internal -I/data/data/com.termux/files/home/markoss/.buildozer/android/platform/build-arm64-v8a_armeabi-v7a/build/other_builds/hostpython3/desktop/hostpython3/Include/internal/mimalloc -IObjects -IInclude -IPython -I. -I/data/data/com.termux/files/home/markoss/.buildozer/android/platform/build-arm64-v8a_armeabi-v7a/build/other_builds/hostpython3/desktop/hostpython3/Include    -DPy_BUILD_CORE -o Objects/typeobject.o /data/data/com.termux/files/home/markoss/.buildozer/android/platform/build-arm64-v8a_armeabi-v7a/build/other_builds/hostpython3/desktop/hostpython3/Objects/typeobject.c
gcc -c -fno-strict-overflow -Wsign-compare -Wunreachable-code -DNDEBUG -g -O3 -Wall    -std=c11 -Wextra -Wno-unused-parameter -Wno-missing-field-initializers -Wstrict-prototypes -Werror=implicit-function-declaration -fvisibility=hidden  -I/data/data/com.termux/files/home/markoss/.buildozer/android/platform/build-arm64-v8a_armeabi-v7a/build/other_builds/hostpython3/desktop/hostpython3/Include/internal -I/data/data/com.termux/files/home/markoss/.buildozer/android/platform/build-arm64-v8a_armeabi-v7a/build/other_builds/hostpython3/desktop/hostpython3/Include/internal/mimalloc -IObjects -IInclude -IPython -I. -I/data/data/com.termux/files/home/markoss/.buildozer/android/platform/build-arm64-v8a_armeabi-v7a/build/other_builds/hostpython3/desktop/hostpython3/Include    -DPy_BUILD_CORE -o Objects/typevarobject.o /data/data/com.termux/files/home/markoss/.buildozer/android/platform/build-arm64-v8a_armeabi-v7a/build/other_builds/hostpython3/desktop/hostpython3/Objects/typevarobject.c
gcc -c -fno-strict-overflow -Wsign-compare -Wunreachable-code -DNDEBUG -g -O3 -Wall    -std=c11 -Wextra -Wno-unused-parameter -Wno-missing-field-initializers -Wstrict-prototypes -Werror=implicit-function-declaration -fvisibility=hidden  -I/data/data/com.termux/files/home/markoss/.buildozer/android/platform/build-arm64-v8a_armeabi-v7a/build/other_builds/hostpython3/desktop/hostpython3/Include/internal -I/data/data/com.termux/files/home/markoss/.buildozer/android/platform/build-arm64-v8a_armeabi-v7a/build/other_builds/hostpython3/desktop/hostpython3/Include/internal/mimalloc -IObjects -IInclude -IPython -I. -I/data/data/com.termux/files/home/markoss/.buildozer/android/platform/build-arm64-v8a_armeabi-v7a/build/other_builds/hostpython3/desktop/hostpython3/Include    -DPy_BUILD_CORE -o Objects/unicodeobject.o /data/data/com.termux/files/home/markoss/.buildozer/android/platform/build-arm64-v8a_armeabi-v7a/build/other_builds/hostpython3/desktop/hostpython3/Objects/unicodeobject.c
gcc -c -fno-strict-overflow -Wsign-compare -Wunreachable-code -DNDEBUG -g -O3 -Wall    -std=c11 -Wextra -Wno-unused-parameter -Wno-missing-field-initializers -Wstrict-prototypes -Werror=implicit-function-declaration -fvisibility=hidden  -I/data/data/com.termux/files/home/markoss/.buildozer/android/platform/build-arm64-v8a_armeabi-v7a/build/other_builds/hostpython3/desktop/hostpython3/Include/internal -I/data/data/com.termux/files/home/markoss/.buildozer/android/platform/build-arm64-v8a_armeabi-v7a/build/other_builds/hostpython3/desktop/hostpython3/Include/internal/mimalloc -IObjects -IInclude -IPython -I. -I/data/data/com.termux/files/home/markoss/.buildozer/android/platform/build-arm64-v8a_armeabi-v7a/build/other_builds/hostpython3/desktop/hostpython3/Include    -DPy_BUILD_CORE -o Objects/unicodectype.o /data/data/com.termux/files/home/markoss/.buildozer/android/platform/build-arm64-v8a_armeabi-v7a/build/other_builds/hostpython3/desktop/hostpython3/Objects/unicodectype.c
gcc -c -fno-strict-overflow -Wsign-compare -Wunreachable-code -DNDEBUG -g -O3 -Wall    -std=c11 -Wextra -Wno-unused-parameter -Wno-missing-field-initializers -Wstrict-prototypes -Werror=implicit-function-declaration -fvisibility=hidden  -I/data/data/com.termux/files/home/markoss/.buildozer/android/platform/build-arm64-v8a_armeabi-v7a/build/other_builds/hostpython3/desktop/hostpython3/Include/internal -I/data/data/com.termux/files/home/markoss/.buildozer/android/platform/build-arm64-v8a_armeabi-v7a/build/other_builds/hostpython3/desktop/hostpython3/Include/internal/mimalloc -IObjects -IInclude -IPython -I. -I/data/data/com.termux/files/home/markoss/.buildozer/android/platform/build-arm64-v8a_armeabi-v7a/build/other_builds/hostpython3/desktop/hostpython3/Include    -DPy_BUILD_CORE -o Objects/unionobject.o /data/data/com.termux/files/home/markoss/.buildozer/android/platform/build-arm64-v8a_armeabi-v7a/build/other_builds/hostpython3/desktop/hostpython3/Objects/unionobject.c
gcc -c -fno-strict-overflow -Wsign-compare -Wunreachable-code -DNDEBUG -g -O3 -Wall    -std=c11 -Wextra -Wno-unused-parameter -Wno-missing-field-initializers -Wstrict-prototypes -Werror=implicit-function-declaration -fvisibility=hidden  -I/data/data/com.termux/files/home/markoss/.buildozer/android/platform/build-arm64-v8a_armeabi-v7a/build/other_builds/hostpython3/desktop/hostpython3/Include/internal -I/data/data/com.termux/files/home/markoss/.buildozer/android/platform/build-arm64-v8a_armeabi-v7a/build/other_builds/hostpython3/desktop/hostpython3/Include/internal/mimalloc -IObjects -IInclude -IPython -I. -I/data/data/com.termux/files/home/markoss/.buildozer/android/platform/build-arm64-v8a_armeabi-v7a/build/other_builds/hostpython3/desktop/hostpython3/Include    -DPy_BUILD_CORE -o Objects/weakrefobject.o /data/data/com.termux/files/home/markoss/.buildozer/android/platform/build-arm64-v8a_armeabi-v7a/build/other_builds/hostpython3/desktop/hostpython3/Objects/weakrefobject.c
gcc -c -fno-strict-overflow -Wsign-compare -Wunreachable-code -DNDEBUG -g -O3 -Wall    -std=c11 -Wextra -Wno-unused-parameter -Wno-missing-field-initializers -Wstrict-prototypes -Werror=implicit-function-declaration -fvisibility=hidden  -I/data/data/com.termux/files/home/markoss/.buildozer/android/platform/build-arm64-v8a_armeabi-v7a/build/other_builds/hostpython3/desktop/hostpython3/Include/internal -I/data/data/com.termux/files/home/markoss/.buildozer/android/platform/build-arm64-v8a_armeabi-v7a/build/other_builds/hostpython3/desktop/hostpython3/Include/internal/mimalloc -IObjects -IInclude -IPython -I. -I/data/data/com.termux/files/home/markoss/.buildozer/android/platform/build-arm64-v8a_armeabi-v7a/build/other_builds/hostpython3/desktop/hostpython3/Include    -DPy_BUILD_CORE -o Python/_contextvars.o /data/data/com.termux/files/home/markoss/.buildozer/android/platform/build-arm64-v8a_armeabi-v7a/build/other_builds/hostpython3/desktop/hostpython3/Python/_contextvars.c
gcc -c -fno-strict-overflow -Wsign-compare -Wunreachable-code -DNDEBUG -g -O3 -Wall    -std=c11 -Wextra -Wno-unused-parameter -Wno-missing-field-initializers -Wstrict-prototypes -Werror=implicit-function-declaration -fvisibility=hidden  -I/data/data/com.termux/files/home/markoss/.buildozer/android/platform/build-arm64-v8a_armeabi-v7a/build/other_builds/hostpython3/desktop/hostpython3/Include/internal -I/data/data/com.termux/files/home/markoss/.buildozer/android/platform/build-arm64-v8a_armeabi-v7a/build/other_builds/hostpython3/desktop/hostpython3/Include/internal/mimalloc -IObjects -IInclude -IPython -I. -I/data/data/com.termux/files/home/markoss/.buildozer/android/platform/build-arm64-v8a_armeabi-v7a/build/other_builds/hostpython3/desktop/hostpython3/Include    -DPy_BUILD_CORE -o Python/_warnings.o /data/data/com.termux/files/home/markoss/.buildozer/android/platform/build-arm64-v8a_armeabi-v7a/build/other_builds/hostpython3/desktop/hostpython3/Python/_warnings.c
gcc -c -fno-strict-overflow -Wsign-compare -Wunreachable-code -DNDEBUG -g -O3 -Wall    -std=c11 -Wextra -Wno-unused-parameter -Wno-missing-field-initializers -Wstrict-prototypes -Werror=implicit-function-declaration -fvisibility=hidden  -I/data/data/com.termux/files/home/markoss/.buildozer/android/platform/build-arm64-v8a_armeabi-v7a/build/other_builds/hostpython3/desktop/hostpython3/Include/internal -I/data/data/com.termux/files/home/markoss/.buildozer/android/platform/build-arm64-v8a_armeabi-v7a/build/other_builds/hostpython3/desktop/hostpython3/Include/internal/mimalloc -IObjects -IInclude -IPython -I. -I/data/data/com.termux/files/home/markoss/.buildozer/android/platform/build-arm64-v8a_armeabi-v7a/build/other_builds/hostpython3/desktop/hostpython3/Include    -DPy_BUILD_CORE -o Python/Python-ast.o /data/data/com.termux/files/home/markoss/.buildozer/android/platform/build-arm64-v8a_armeabi-v7a/build/other_builds/hostpython3/desktop/hostpython3/Python/Python-ast.c
gcc -c -fno-strict-overflow -Wsign-compare -Wunreachable-code -DNDEBUG -g -O3 -Wall    -std=c11 -Wextra -Wno-unused-parameter -Wno-missing-field-initializers -Wstrict-prototypes -Werror=implicit-function-declaration -fvisibility=hidden  -I/data/data/com.termux/files/home/markoss/.buildozer/android/platform/build-arm64-v8a_armeabi-v7a/build/other_builds/hostpython3/desktop/hostpython3/Include/internal -I/data/data/com.termux/files/home/markoss/.buildozer/android/platform/build-arm64-v8a_armeabi-v7a/build/other_builds/hostpython3/desktop/hostpython3/Include/internal/mimalloc -IObjects -IInclude -IPython -I. -I/data/data/com.termux/files/home/markoss/.buildozer/android/platform/build-arm64-v8a_armeabi-v7a/build/other_builds/hostpython3/desktop/hostpython3/Include    -DPy_BUILD_CORE -o Python/Python-tokenize.o /data/data/com.termux/files/home/markoss/.buildozer/android/platform/build-arm64-v8a_armeabi-v7a/build/other_builds/hostpython3/desktop/hostpython3/Python/Python-tokenize.c
gcc -c -fno-strict-overflow -Wsign-compare -Wunreachable-code -DNDEBUG -g -O3 -Wall    -std=c11 -Wextra -Wno-unused-parameter -Wno-missing-field-initializers -Wstrict-prototypes -Werror=implicit-function-declaration -fvisibility=hidden  -I/data/data/com.termux/files/home/markoss/.buildozer/android/platform/build-arm64-v8a_armeabi-v7a/build/other_builds/hostpython3/desktop/hostpython3/Include/internal -I/data/data/com.termux/files/home/markoss/.buildozer/android/platform/build-arm64-v8a_armeabi-v7a/build/other_builds/hostpython3/desktop/hostpython3/Include/internal/mimalloc -IObjects -IInclude -IPython -I. -I/data/data/com.termux/files/home/markoss/.buildozer/android/platform/build-arm64-v8a_armeabi-v7a/build/other_builds/hostpython3/desktop/hostpython3/Include    -DPy_BUILD_CORE -o Python/asdl.o /data/data/com.termux/files/home/markoss/.buildozer/android/platform/build-arm64-v8a_armeabi-v7a/build/other_builds/hostpython3/desktop/hostpython3/Python/asdl.c
gcc -c -fno-strict-overflow -Wsign-compare -Wunreachable-code -DNDEBUG -g -O3 -Wall    -std=c11 -Wextra -Wno-unused-parameter -Wno-missing-field-initializers -Wstrict-prototypes -Werror=implicit-function-declaration -fvisibility=hidden  -I/data/data/com.termux/files/home/markoss/.buildozer/android/platform/build-arm64-v8a_armeabi-v7a/build/other_builds/hostpython3/desktop/hostpython3/Include/internal -I/data/data/com.termux/files/home/markoss/.buildozer/android/platform/build-arm64-v8a_armeabi-v7a/build/other_builds/hostpython3/desktop/hostpython3/Include/internal/mimalloc -IObjects -IInclude -IPython -I. -I/data/data/com.termux/files/home/markoss/.buildozer/android/platform/build-arm64-v8a_armeabi-v7a/build/other_builds/hostpython3/desktop/hostpython3/Include    -DPy_BUILD_CORE -o Python/assemble.o /data/data/com.termux/files/home/markoss/.buildozer/android/platform/build-arm64-v8a_armeabi-v7a/build/other_builds/hostpython3/desktop/hostpython3/Python/assemble.c
gcc -c -fno-strict-overflow -Wsign-compare -Wunreachable-code -DNDEBUG -g -O3 -Wall    -std=c11 -Wextra -Wno-unused-parameter -Wno-missing-field-initializers -Wstrict-prototypes -Werror=implicit-function-declaration -fvisibility=hidden  -I/data/data/com.termux/files/home/markoss/.buildozer/android/platform/build-arm64-v8a_armeabi-v7a/build/other_builds/hostpython3/desktop/hostpython3/Include/internal -I/data/data/com.termux/files/home/markoss/.buildozer/android/platform/build-arm64-v8a_armeabi-v7a/build/other_builds/hostpython3/desktop/hostpython3/Include/internal/mimalloc -IObjects -IInclude -IPython -I. -I/data/data/com.termux/files/home/markoss/.buildozer/android/platform/build-arm64-v8a_armeabi-v7a/build/other_builds/hostpython3/desktop/hostpython3/Include    -DPy_BUILD_CORE -o Python/ast.o /data/data/com.termux/files/home/markoss/.buildozer/android/platform/build-arm64-v8a_armeabi-v7a/build/other_builds/hostpython3/desktop/hostpython3/Python/ast.c
gcc -c -fno-strict-overflow -Wsign-compare -Wunreachable-code -DNDEBUG -g -O3 -Wall    -std=c11 -Wextra -Wno-unused-parameter -Wno-missing-field-initializers -Wstrict-prototypes -Werror=implicit-function-declaration -fvisibility=hidden  -I/data/data/com.termux/files/home/markoss/.buildozer/android/platform/build-arm64-v8a_armeabi-v7a/build/other_builds/hostpython3/desktop/hostpython3/Include/internal -I/data/data/com.termux/files/home/markoss/.buildozer/android/platform/build-arm64-v8a_armeabi-v7a/build/other_builds/hostpython3/desktop/hostpython3/Include/internal/mimalloc -IObjects -IInclude -IPython -I. -I/data/data/com.termux/files/home/markoss/.buildozer/android/platform/build-arm64-v8a_armeabi-v7a/build/other_builds/hostpython3/desktop/hostpython3/Include    -DPy_BUILD_CORE -o Python/ast_preprocess.o /data/data/com.termux/files/home/markoss/.buildozer/android/platform/build-arm64-v8a_armeabi-v7a/build/other_builds/hostpython3/desktop/hostpython3/Python/ast_preprocess.c
gcc -c -fno-strict-overflow -Wsign-compare -Wunreachable-code -DNDEBUG -g -O3 -Wall    -std=c11 -Wextra -Wno-unused-parameter -Wno-missing-field-initializers -Wstrict-prototypes -Werror=implicit-function-declaration -fvisibility=hidden  -I/data/data/com.termux/files/home/markoss/.buildozer/android/platform/build-arm64-v8a_armeabi-v7a/build/other_builds/hostpython3/desktop/hostpython3/Include/internal -I/data/data/com.termux/files/home/markoss/.buildozer/android/platform/build-arm64-v8a_armeabi-v7a/build/other_builds/hostpython3/desktop/hostpython3/Include/internal/mimalloc -IObjects -IInclude -IPython -I. -I/data/data/com.termux/files/home/markoss/.buildozer/android/platform/build-arm64-v8a_armeabi-v7a/build/other_builds/hostpython3/desktop/hostpython3/Include    -DPy_BUILD_CORE -o Python/ast_unparse.o /data/data/com.termux/files/home/markoss/.buildozer/android/platform/build-arm64-v8a_armeabi-v7a/build/other_builds/hostpython3/desktop/hostpython3/Python/ast_unparse.c
gcc -c -fno-strict-overflow -Wsign-compare -Wunreachable-code -DNDEBUG -g -O3 -Wall    -std=c11 -Wextra -Wno-unused-parameter -Wno-missing-field-initializers -Wstrict-prototypes -Werror=implicit-function-declaration -fvisibility=hidden  -I/data/data/com.termux/files/home/markoss/.buildozer/android/platform/build-arm64-v8a_armeabi-v7a/build/other_builds/hostpython3/desktop/hostpython3/Include/internal -I/data/data/com.termux/files/home/markoss/.buildozer/android/platform/build-arm64-v8a_armeabi-v7a/build/other_builds/hostpython3/desktop/hostpython3/Include/internal/mimalloc -IObjects -IInclude -IPython -I. -I/data/data/com.termux/files/home/markoss/.buildozer/android/platform/build-arm64-v8a_armeabi-v7a/build/other_builds/hostpython3/desktop/hostpython3/Include    -DPy_BUILD_CORE -o Python/bltinmodule.o /data/data/com.termux/files/home/markoss/.buildozer/android/platform/build-arm64-v8a_armeabi-v7a/build/other_builds/hostpython3/desktop/hostpython3/Python/bltinmodule.c
gcc -c -fno-strict-overflow -Wsign-compare -Wunreachable-code -DNDEBUG -g -O3 -Wall    -std=c11 -Wextra -Wno-unused-parameter -Wno-missing-field-initializers -Wstrict-prototypes -Werror=implicit-function-declaration -fvisibility=hidden  -I/data/data/com.termux/files/home/markoss/.buildozer/android/platform/build-arm64-v8a_armeabi-v7a/build/other_builds/hostpython3/desktop/hostpython3/Include/internal -I/data/data/com.termux/files/home/markoss/.buildozer/android/platform/build-arm64-v8a_armeabi-v7a/build/other_builds/hostpython3/desktop/hostpython3/Include/internal/mimalloc -IObjects -IInclude -IPython -I. -I/data/data/com.termux/files/home/markoss/.buildozer/android/platform/build-arm64-v8a_armeabi-v7a/build/other_builds/hostpython3/desktop/hostpython3/Include    -DPy_BUILD_CORE -o Python/brc.o /data/data/com.termux/files/home/markoss/.buildozer/android/platform/build-arm64-v8a_armeabi-v7a/build/other_builds/hostpython3/desktop/hostpython3/Python/brc.c
gcc -c -fno-strict-overflow -Wsign-compare -Wunreachable-code -DNDEBUG -g -O3 -Wall    -std=c11 -Wextra -Wno-unused-parameter -Wno-missing-field-initializers -Wstrict-prototypes -Werror=implicit-function-declaration -fvisibility=hidden  -I/data/data/com.termux/files/home/markoss/.buildozer/android/platform/build-arm64-v8a_armeabi-v7a/build/other_builds/hostpython3/desktop/hostpython3/Include/internal -I/data/data/com.termux/files/home/markoss/.buildozer/android/platform/build-arm64-v8a_armeabi-v7a/build/other_builds/hostpython3/desktop/hostpython3/Include/internal/mimalloc -IObjects -IInclude -IPython -I. -I/data/data/com.termux/files/home/markoss/.buildozer/android/platform/build-arm64-v8a_armeabi-v7a/build/other_builds/hostpython3/desktop/hostpython3/Include    -DPy_BUILD_CORE -o Python/ceval.o /data/data/com.termux/files/home/markoss/.buildozer/android/platform/build-arm64-v8a_armeabi-v7a/build/other_builds/hostpython3/desktop/hostpython3/Python/ceval.c
gcc -c -fno-strict-overflow -Wsign-compare -Wunreachable-code -DNDEBUG -g -O3 -Wall    -std=c11 -Wextra -Wno-unused-parameter -Wno-missing-field-initializers -Wstrict-prototypes -Werror=implicit-function-declaration -fvisibility=hidden  -I/data/data/com.termux/files/home/markoss/.buildozer/android/platform/build-arm64-v8a_armeabi-v7a/build/other_builds/hostpython3/desktop/hostpython3/Include/internal -I/data/data/com.termux/files/home/markoss/.buildozer/android/platform/build-arm64-v8a_armeabi-v7a/build/other_builds/hostpython3/desktop/hostpython3/Include/internal/mimalloc -IObjects -IInclude -IPython -I. -I/data/data/com.termux/files/home/markoss/.buildozer/android/platform/build-arm64-v8a_armeabi-v7a/build/other_builds/hostpython3/desktop/hostpython3/Include    -DPy_BUILD_CORE -o Python/codecs.o /data/data/com.termux/files/home/markoss/.buildozer/android/platform/build-arm64-v8a_armeabi-v7a/build/other_builds/hostpython3/desktop/hostpython3/Python/codecs.c
gcc -c -fno-strict-overflow -Wsign-compare -Wunreachable-code -DNDEBUG -g -O3 -Wall    -std=c11 -Wextra -Wno-unused-parameter -Wno-missing-field-initializers -Wstrict-prototypes -Werror=implicit-function-declaration -fvisibility=hidden  -I/data/data/com.termux/files/home/markoss/.buildozer/android/platform/build-arm64-v8a_armeabi-v7a/build/other_builds/hostpython3/desktop/hostpython3/Include/internal -I/data/data/com.termux/files/home/markoss/.buildozer/android/platform/build-arm64-v8a_armeabi-v7a/build/other_builds/hostpython3/desktop/hostpython3/Include/internal/mimalloc -IObjects -IInclude -IPython -I. -I/data/data/com.termux/files/home/markoss/.buildozer/android/platform/build-arm64-v8a_armeabi-v7a/build/other_builds/hostpython3/desktop/hostpython3/Include    -DPy_BUILD_CORE -o Python/codegen.o /data/data/com.termux/files/home/markoss/.buildozer/android/platform/build-arm64-v8a_armeabi-v7a/build/other_builds/hostpython3/desktop/hostpython3/Python/codegen.c
gcc -c -fno-strict-overflow -Wsign-compare -Wunreachable-code -DNDEBUG -g -O3 -Wall    -std=c11 -Wextra -Wno-unused-parameter -Wno-missing-field-initializers -Wstrict-prototypes -Werror=implicit-function-declaration -fvisibility=hidden  -I/data/data/com.termux/files/home/markoss/.buildozer/android/platform/build-arm64-v8a_armeabi-v7a/build/other_builds/hostpython3/desktop/hostpython3/Include/internal -I/data/data/com.termux/files/home/markoss/.buildozer/android/platform/build-arm64-v8a_armeabi-v7a/build/other_builds/hostpython3/desktop/hostpython3/Include/internal/mimalloc -IObjects -IInclude -IPython -I. -I/data/data/com.termux/files/home/markoss/.buildozer/android/platform/build-arm64-v8a_armeabi-v7a/build/other_builds/hostpython3/desktop/hostpython3/Include    -DPy_BUILD_CORE -o Python/compile.o /data/data/com.termux/files/home/markoss/.buildozer/android/platform/build-arm64-v8a_armeabi-v7a/build/other_builds/hostpython3/desktop/hostpython3/Python/compile.c
gcc -c -fno-strict-overflow -Wsign-compare -Wunreachable-code -DNDEBUG -g -O3 -Wall    -std=c11 -Wextra -Wno-unused-parameter -Wno-missing-field-initializers -Wstrict-prototypes -Werror=implicit-function-declaration -fvisibility=hidden  -I/data/data/com.termux/files/home/markoss/.buildozer/android/platform/build-arm64-v8a_armeabi-v7a/build/other_builds/hostpython3/desktop/hostpython3/Include/internal -I/data/data/com.termux/files/home/markoss/.buildozer/android/platform/build-arm64-v8a_armeabi-v7a/build/other_builds/hostpython3/desktop/hostpython3/Include/internal/mimalloc -IObjects -IInclude -IPython -I. -I/data/data/com.termux/files/home/markoss/.buildozer/android/platform/build-arm64-v8a_armeabi-v7a/build/other_builds/hostpython3/desktop/hostpython3/Include    -DPy_BUILD_CORE -o Python/context.o /data/data/com.termux/files/home/markoss/.buildozer/android/platform/build-arm64-v8a_armeabi-v7a/build/other_builds/hostpython3/desktop/hostpython3/Python/context.c
gcc -c -fno-strict-overflow -Wsign-compare -Wunreachable-code -DNDEBUG -g -O3 -Wall    -std=c11 -Wextra -Wno-unused-parameter -Wno-missing-field-initializers -Wstrict-prototypes -Werror=implicit-function-declaration -fvisibility=hidden  -I/data/data/com.termux/files/home/markoss/.buildozer/android/platform/build-arm64-v8a_armeabi-v7a/build/other_builds/hostpython3/desktop/hostpython3/Include/internal -I/data/data/com.termux/files/home/markoss/.buildozer/android/platform/build-arm64-v8a_armeabi-v7a/build/other_builds/hostpython3/desktop/hostpython3/Include/internal/mimalloc -IObjects -IInclude -IPython -I. -I/data/data/com.termux/files/home/markoss/.buildozer/android/platform/build-arm64-v8a_armeabi-v7a/build/other_builds/hostpython3/desktop/hostpython3/Include    -DPy_BUILD_CORE -o Python/critical_section.o /data/data/com.termux/files/home/markoss/.buildozer/android/platform/build-arm64-v8a_armeabi-v7a/build/other_builds/hostpython3/desktop/hostpython3/Python/critical_section.c
gcc -c -fno-strict-overflow -Wsign-compare -Wunreachable-code -DNDEBUG -g -O3 -Wall    -std=c11 -Wextra -Wno-unused-parameter -Wno-missing-field-initializers -Wstrict-prototypes -Werror=implicit-function-declaration -fvisibility=hidden  -I/data/data/com.termux/files/home/markoss/.buildozer/android/platform/build-arm64-v8a_armeabi-v7a/build/other_builds/hostpython3/desktop/hostpython3/Include/internal -I/data/data/com.termux/files/home/markoss/.buildozer/android/platform/build-arm64-v8a_armeabi-v7a/build/other_builds/hostpython3/desktop/hostpython3/Include/internal/mimalloc -IObjects -IInclude -IPython -I. -I/data/data/com.termux/files/home/markoss/.buildozer/android/platform/build-arm64-v8a_armeabi-v7a/build/other_builds/hostpython3/desktop/hostpython3/Include    -DPy_BUILD_CORE -o Python/crossinterp.o /data/data/com.termux/files/home/markoss/.buildozer/android/platform/build-arm64-v8a_armeabi-v7a/build/other_builds/hostpython3/desktop/hostpython3/Python/crossinterp.c
gcc -c -fno-strict-overflow -Wsign-compare -Wunreachable-code -DNDEBUG -g -O3 -Wall    -std=c11 -Wextra -Wno-unused-parameter -Wno-missing-field-initializers -Wstrict-prototypes -Werror=implicit-function-declaration -fvisibility=hidden  -I/data/data/com.termux/files/home/markoss/.buildozer/android/platform/build-arm64-v8a_armeabi-v7a/build/other_builds/hostpython3/desktop/hostpython3/Include/internal -I/data/data/com.termux/files/home/markoss/.buildozer/android/platform/build-arm64-v8a_armeabi-v7a/build/other_builds/hostpython3/desktop/hostpython3/Include/internal/mimalloc -IObjects -IInclude -IPython -I. -I/data/data/com.termux/files/home/markoss/.buildozer/android/platform/build-arm64-v8a_armeabi-v7a/build/other_builds/hostpython3/desktop/hostpython3/Include    -DPy_BUILD_CORE -o Python/dynamic_annotations.o /data/data/com.termux/files/home/markoss/.buildozer/android/platform/build-arm64-v8a_armeabi-v7a/build/other_builds/hostpython3/desktop/hostpython3/Python/dynamic_annotations.c
gcc -c -fno-strict-overflow -Wsign-compare -Wunreachable-code -DNDEBUG -g -O3 -Wall    -std=c11 -Wextra -Wno-unused-parameter -Wno-missing-field-initializers -Wstrict-prototypes -Werror=implicit-function-declaration -fvisibility=hidden  -I/data/data/com.termux/files/home/markoss/.buildozer/android/platform/build-arm64-v8a_armeabi-v7a/build/other_builds/hostpython3/desktop/hostpython3/Include/internal -I/data/data/com.termux/files/home/markoss/.buildozer/android/platform/build-arm64-v8a_armeabi-v7a/build/other_builds/hostpython3/desktop/hostpython3/Include/internal/mimalloc -IObjects -IInclude -IPython -I. -I/data/data/com.termux/files/home/markoss/.buildozer/android/platform/build-arm64-v8a_armeabi-v7a/build/other_builds/hostpython3/desktop/hostpython3/Include    -DPy_BUILD_CORE -o Python/errors.o /data/data/com.termux/files/home/markoss/.buildozer/android/platform/build-arm64-v8a_armeabi-v7a/build/other_builds/hostpython3/desktop/hostpython3/Python/errors.c
gcc -c -fno-strict-overflow -Wsign-compare -Wunreachable-code -DNDEBUG -g -O3 -Wall    -std=c11 -Wextra -Wno-unused-parameter -Wno-missing-field-initializers -Wstrict-prototypes -Werror=implicit-function-declaration -fvisibility=hidden  -I/data/data/com.termux/files/home/markoss/.buildozer/android/platform/build-arm64-v8a_armeabi-v7a/build/other_builds/hostpython3/desktop/hostpython3/Include/internal -I/data/data/com.termux/files/home/markoss/.buildozer/android/platform/build-arm64-v8a_armeabi-v7a/build/other_builds/hostpython3/desktop/hostpython3/Include/internal/mimalloc -IObjects -IInclude -IPython -I. -I/data/data/com.termux/files/home/markoss/.buildozer/android/platform/build-arm64-v8a_armeabi-v7a/build/other_builds/hostpython3/desktop/hostpython3/Include    -DPy_BUILD_CORE -o Python/flowgraph.o /data/data/com.termux/files/home/markoss/.buildozer/android/platform/build-arm64-v8a_armeabi-v7a/build/other_builds/hostpython3/desktop/hostpython3/Python/flowgraph.c
gcc -c -fno-strict-overflow -Wsign-compare -Wunreachable-code -DNDEBUG -g -O3 -Wall    -std=c11 -Wextra -Wno-unused-parameter -Wno-missing-field-initializers -Wstrict-prototypes -Werror=implicit-function-declaration -fvisibility=hidden  -I/data/data/com.termux/files/home/markoss/.buildozer/android/platform/build-arm64-v8a_armeabi-v7a/build/other_builds/hostpython3/desktop/hostpython3/Include/internal -I/data/data/com.termux/files/home/markoss/.buildozer/android/platform/build-arm64-v8a_armeabi-v7a/build/other_builds/hostpython3/desktop/hostpython3/Include/internal/mimalloc -IObjects -IInclude -IPython -I. -I/data/data/com.termux/files/home/markoss/.buildozer/android/platform/build-arm64-v8a_armeabi-v7a/build/other_builds/hostpython3/desktop/hostpython3/Include    -DPy_BUILD_CORE -o Python/frame.o /data/data/com.termux/files/home/markoss/.buildozer/android/platform/build-arm64-v8a_armeabi-v7a/build/other_builds/hostpython3/desktop/hostpython3/Python/frame.c
gcc -c -fno-strict-overflow -Wsign-compare -Wunreachable-code -DNDEBUG -g -O3 -Wall    -std=c11 -Wextra -Wno-unused-parameter -Wno-missing-field-initializers -Wstrict-prototypes -Werror=implicit-function-declaration -fvisibility=hidden  -I/data/data/com.termux/files/home/markoss/.buildozer/android/platform/build-arm64-v8a_armeabi-v7a/build/other_builds/hostpython3/desktop/hostpython3/Include/internal -I/data/data/com.termux/files/home/markoss/.buildozer/android/platform/build-arm64-v8a_armeabi-v7a/build/other_builds/hostpython3/desktop/hostpython3/Include/internal/mimalloc -IObjects -IInclude -IPython -I. -I/data/data/com.termux/files/home/markoss/.buildozer/android/platform/build-arm64-v8a_armeabi-v7a/build/other_builds/hostpython3/desktop/hostpython3/Include    -DPy_BUILD_CORE -o Python/frozenmain.o /data/data/com.termux/files/home/markoss/.buildozer/android/platform/build-arm64-v8a_armeabi-v7a/build/other_builds/hostpython3/desktop/hostpython3/Python/frozenmain.c
gcc -c -fno-strict-overflow -Wsign-compare -Wunreachable-code -DNDEBUG -g -O3 -Wall    -std=c11 -Wextra -Wno-unused-parameter -Wno-missing-field-initializers -Wstrict-prototypes -Werror=implicit-function-declaration -fvisibility=hidden  -I/data/data/com.termux/files/home/markoss/.buildozer/android/platform/build-arm64-v8a_armeabi-v7a/build/other_builds/hostpython3/desktop/hostpython3/Include/internal -I/data/data/com.termux/files/home/markoss/.buildozer/android/platform/build-arm64-v8a_armeabi-v7a/build/other_builds/hostpython3/desktop/hostpython3/Include/internal/mimalloc -IObjects -IInclude -IPython -I. -I/data/data/com.termux/files/home/markoss/.buildozer/android/platform/build-arm64-v8a_armeabi-v7a/build/other_builds/hostpython3/desktop/hostpython3/Include    -DPy_BUILD_CORE -o Python/future.o /data/data/com.termux/files/home/markoss/.buildozer/android/platform/build-arm64-v8a_armeabi-v7a/build/other_builds/hostpython3/desktop/hostpython3/Python/future.c
gcc -c -fno-strict-overflow -Wsign-compare -Wunreachable-code -DNDEBUG -g -O3 -Wall    -std=c11 -Wextra -Wno-unused-parameter -Wno-missing-field-initializers -Wstrict-prototypes -Werror=implicit-function-declaration -fvisibility=hidden  -I/data/data/com.termux/files/home/markoss/.buildozer/android/platform/build-arm64-v8a_armeabi-v7a/build/other_builds/hostpython3/desktop/hostpython3/Include/internal -I/data/data/com.termux/files/home/markoss/.buildozer/android/platform/build-arm64-v8a_armeabi-v7a/build/other_builds/hostpython3/desktop/hostpython3/Include/internal/mimalloc -IObjects -IInclude -IPython -I. -I/data/data/com.termux/files/home/markoss/.buildozer/android/platform/build-arm64-v8a_armeabi-v7a/build/other_builds/hostpython3/desktop/hostpython3/Include    -DPy_BUILD_CORE -o Python/gc.o /data/data/com.termux/files/home/markoss/.buildozer/android/platform/build-arm64-v8a_armeabi-v7a/build/other_builds/hostpython3/desktop/hostpython3/Python/gc.c
gcc -c -fno-strict-overflow -Wsign-compare -Wunreachable-code -DNDEBUG -g -O3 -Wall    -std=c11 -Wextra -Wno-unused-parameter -Wno-missing-field-initializers -Wstrict-prototypes -Werror=implicit-function-declaration -fvisibility=hidden  -I/data/data/com.termux/files/home/markoss/.buildozer/android/platform/build-arm64-v8a_armeabi-v7a/build/other_builds/hostpython3/desktop/hostpython3/Include/internal -I/data/data/com.termux/files/home/markoss/.buildozer/android/platform/build-arm64-v8a_armeabi-v7a/build/other_builds/hostpython3/desktop/hostpython3/Include/internal/mimalloc -IObjects -IInclude -IPython -I. -I/data/data/com.termux/files/home/markoss/.buildozer/android/platform/build-arm64-v8a_armeabi-v7a/build/other_builds/hostpython3/desktop/hostpython3/Include    -DPy_BUILD_CORE -o Python/gc_free_threading.o /data/data/com.termux/files/home/markoss/.buildozer/android/platform/build-arm64-v8a_armeabi-v7a/build/other_builds/hostpython3/desktop/hostpython3/Python/gc_free_threading.c
gcc -c -fno-strict-overflow -Wsign-compare -Wunreachable-code -DNDEBUG -g -O3 -Wall    -std=c11 -Wextra -Wno-unused-parameter -Wno-missing-field-initializers -Wstrict-prototypes -Werror=implicit-function-declaration -fvisibility=hidden  -I/data/data/com.termux/files/home/markoss/.buildozer/android/platform/build-arm64-v8a_armeabi-v7a/build/other_builds/hostpython3/desktop/hostpython3/Include/internal -I/data/data/com.termux/files/home/markoss/.buildozer/android/platform/build-arm64-v8a_armeabi-v7a/build/other_builds/hostpython3/desktop/hostpython3/Include/internal/mimalloc -IObjects -IInclude -IPython -I. -I/data/data/com.termux/files/home/markoss/.buildozer/android/platform/build-arm64-v8a_armeabi-v7a/build/other_builds/hostpython3/desktop/hostpython3/Include    -DPy_BUILD_CORE -o Python/gc_gil.o /data/data/com.termux/files/home/markoss/.buildozer/android/platform/build-arm64-v8a_armeabi-v7a/build/other_builds/hostpython3/desktop/hostpython3/Python/gc_gil.c
gcc -c -fno-strict-overflow -Wsign-compare -Wunreachable-code -DNDEBUG -g -O3 -Wall    -std=c11 -Wextra -Wno-unused-parameter -Wno-missing-field-initializers -Wstrict-prototypes -Werror=implicit-function-declaration -fvisibility=hidden  -I/data/data/com.termux/files/home/markoss/.buildozer/android/platform/build-arm64-v8a_armeabi-v7a/build/other_builds/hostpython3/desktop/hostpython3/Include/internal -I/data/data/com.termux/files/home/markoss/.buildozer/android/platform/build-arm64-v8a_armeabi-v7a/build/other_builds/hostpython3/desktop/hostpython3/Include/internal/mimalloc -IObjects -IInclude -IPython -I. -I/data/data/com.termux/files/home/markoss/.buildozer/android/platform/build-arm64-v8a_armeabi-v7a/build/other_builds/hostpython3/desktop/hostpython3/Include    -DPy_BUILD_CORE -o Python/getargs.o /data/data/com.termux/files/home/markoss/.buildozer/android/platform/build-arm64-v8a_armeabi-v7a/build/other_builds/hostpython3/desktop/hostpython3/Python/getargs.c
gcc -c -fno-strict-overflow -Wsign-compare -Wunreachable-code -DNDEBUG -g -O3 -Wall    -std=c11 -Wextra -Wno-unused-parameter -Wno-missing-field-initializers -Wstrict-prototypes -Werror=implicit-function-declaration -fvisibility=hidden  -I/data/data/com.termux/files/home/markoss/.buildozer/android/platform/build-arm64-v8a_armeabi-v7a/build/other_builds/hostpython3/desktop/hostpython3/Include/internal -I/data/data/com.termux/files/home/markoss/.buildozer/android/platform/build-arm64-v8a_armeabi-v7a/build/other_builds/hostpython3/desktop/hostpython3/Include/internal/mimalloc -IObjects -IInclude -IPython -I. -I/data/data/com.termux/files/home/markoss/.buildozer/android/platform/build-arm64-v8a_armeabi-v7a/build/other_builds/hostpython3/desktop/hostpython3/Include    -DPy_BUILD_CORE -o Python/getcompiler.o /data/data/com.termux/files/home/markoss/.buildozer/android/platform/build-arm64-v8a_armeabi-v7a/build/other_builds/hostpython3/desktop/hostpython3/Python/getcompiler.c
gcc -c -fno-strict-overflow -Wsign-compare -Wunreachable-code -DNDEBUG -g -O3 -Wall    -std=c11 -Wextra -Wno-unused-parameter -Wno-missing-field-initializers -Wstrict-prototypes -Werror=implicit-function-declaration -fvisibility=hidden  -I/data/data/com.termux/files/home/markoss/.buildozer/android/platform/build-arm64-v8a_armeabi-v7a/build/other_builds/hostpython3/desktop/hostpython3/Include/internal -I/data/data/com.termux/files/home/markoss/.buildozer/android/platform/build-arm64-v8a_armeabi-v7a/build/other_builds/hostpython3/desktop/hostpython3/Include/internal/mimalloc -IObjects -IInclude -IPython -I. -I/data/data/com.termux/files/home/markoss/.buildozer/android/platform/build-arm64-v8a_armeabi-v7a/build/other_builds/hostpython3/desktop/hostpython3/Include    -DPy_BUILD_CORE -o Python/getcopyright.o /data/data/com.termux/files/home/markoss/.buildozer/android/platform/build-arm64-v8a_armeabi-v7a/build/other_builds/hostpython3/desktop/hostpython3/Python/getcopyright.c
gcc -c -fno-strict-overflow -Wsign-compare -Wunreachable-code -DNDEBUG -g -O3 -Wall    -std=c11 -Wextra -Wno-unused-parameter -Wno-missing-field-initializers -Wstrict-prototypes -Werror=implicit-function-declaration -fvisibility=hidden  -I/data/data/com.termux/files/home/markoss/.buildozer/android/platform/build-arm64-v8a_armeabi-v7a/build/other_builds/hostpython3/desktop/hostpython3/Include/internal -I/data/data/com.termux/files/home/markoss/.buildozer/android/platform/build-arm64-v8a_armeabi-v7a/build/other_builds/hostpython3/desktop/hostpython3/Include/internal/mimalloc -IObjects -IInclude -IPython -I. -I/data/data/com.termux/files/home/markoss/.buildozer/android/platform/build-arm64-v8a_armeabi-v7a/build/other_builds/hostpython3/desktop/hostpython3/Include    -DPy_BUILD_CORE -DPLATFORM='"linux"' -o Python/getplatform.o /data/data/com.termux/files/home/markoss/.buildozer/android/platform/build-arm64-v8a_armeabi-v7a/build/other_builds/hostpython3/desktop/hostpython3/Python/getplatform.c
gcc -c -fno-strict-overflow -Wsign-compare -Wunreachable-code -DNDEBUG -g -O3 -Wall    -std=c11 -Wextra -Wno-unused-parameter -Wno-missing-field-initializers -Wstrict-prototypes -Werror=implicit-function-declaration -fvisibility=hidden  -I/data/data/com.termux/files/home/markoss/.buildozer/android/platform/build-arm64-v8a_armeabi-v7a/build/other_builds/hostpython3/desktop/hostpython3/Include/internal -I/data/data/com.termux/files/home/markoss/.buildozer/android/platform/build-arm64-v8a_armeabi-v7a/build/other_builds/hostpython3/desktop/hostpython3/Include/internal/mimalloc -IObjects -IInclude -IPython -I. -I/data/data/com.termux/files/home/markoss/.buildozer/android/platform/build-arm64-v8a_armeabi-v7a/build/other_builds/hostpython3/desktop/hostpython3/Include    -DPy_BUILD_CORE -o Python/getversion.o /data/data/com.termux/files/home/markoss/.buildozer/android/platform/build-arm64-v8a_armeabi-v7a/build/other_builds/hostpython3/desktop/hostpython3/Python/getversion.c
gcc -c -fno-strict-overflow -Wsign-compare -Wunreachable-code -DNDEBUG -g -O3 -Wall    -std=c11 -Wextra -Wno-unused-parameter -Wno-missing-field-initializers -Wstrict-prototypes -Werror=implicit-function-declaration -fvisibility=hidden  -I/data/data/com.termux/files/home/markoss/.buildozer/android/platform/build-arm64-v8a_armeabi-v7a/build/other_builds/hostpython3/desktop/hostpython3/Include/internal -I/data/data/com.termux/files/home/markoss/.buildozer/android/platform/build-arm64-v8a_armeabi-v7a/build/other_builds/hostpython3/desktop/hostpython3/Include/internal/mimalloc -IObjects -IInclude -IPython -I. -I/data/data/com.termux/files/home/markoss/.buildozer/android/platform/build-arm64-v8a_armeabi-v7a/build/other_builds/hostpython3/desktop/hostpython3/Include    -DPy_BUILD_CORE -o Python/ceval_gil.o /data/data/com.termux/files/home/markoss/.buildozer/android/platform/build-arm64-v8a_armeabi-v7a/build/other_builds/hostpython3/desktop/hostpython3/Python/ceval_gil.c
gcc -c -fno-strict-overflow -Wsign-compare -Wunreachable-code -DNDEBUG -g -O3 -Wall    -std=c11 -Wextra -Wno-unused-parameter -Wno-missing-field-initializers -Wstrict-prototypes -Werror=implicit-function-declaration -fvisibility=hidden  -I/data/data/com.termux/files/home/markoss/.buildozer/android/platform/build-arm64-v8a_armeabi-v7a/build/other_builds/hostpython3/desktop/hostpython3/Include/internal -I/data/data/com.termux/files/home/markoss/.buildozer/android/platform/build-arm64-v8a_armeabi-v7a/build/other_builds/hostpython3/desktop/hostpython3/Include/internal/mimalloc -IObjects -IInclude -IPython -I. -I/data/data/com.termux/files/home/markoss/.buildozer/android/platform/build-arm64-v8a_armeabi-v7a/build/other_builds/hostpython3/desktop/hostpython3/Include    -DPy_BUILD_CORE -o Python/hamt.o /data/data/com.termux/files/home/markoss/.buildozer/android/platform/build-arm64-v8a_armeabi-v7a/build/other_builds/hostpython3/desktop/hostpython3/Python/hamt.c
gcc -c -fno-strict-overflow -Wsign-compare -Wunreachable-code -DNDEBUG -g -O3 -Wall    -std=c11 -Wextra -Wno-unused-parameter -Wno-missing-field-initializers -Wstrict-prototypes -Werror=implicit-function-declaration -fvisibility=hidden  -I/data/data/com.termux/files/home/markoss/.buildozer/android/platform/build-arm64-v8a_armeabi-v7a/build/other_builds/hostpython3/desktop/hostpython3/Include/internal -I/data/data/com.termux/files/home/markoss/.buildozer/android/platform/build-arm64-v8a_armeabi-v7a/build/other_builds/hostpython3/desktop/hostpython3/Include/internal/mimalloc -IObjects -IInclude -IPython -I. -I/data/data/com.termux/files/home/markoss/.buildozer/android/platform/build-arm64-v8a_armeabi-v7a/build/other_builds/hostpython3/desktop/hostpython3/Include    -DPy_BUILD_CORE -o Python/hashtable.o /data/data/com.termux/files/home/markoss/.buildozer/android/platform/build-arm64-v8a_armeabi-v7a/build/other_builds/hostpython3/desktop/hostpython3/Python/hashtable.c
gcc -c -fno-strict-overflow -Wsign-compare -Wunreachable-code -DNDEBUG -g -O3 -Wall    -std=c11 -Wextra -Wno-unused-parameter -Wno-missing-field-initializers -Wstrict-prototypes -Werror=implicit-function-declaration -fvisibility=hidden  -I/data/data/com.termux/files/home/markoss/.buildozer/android/platform/build-arm64-v8a_armeabi-v7a/build/other_builds/hostpython3/desktop/hostpython3/Include/internal -I/data/data/com.termux/files/home/markoss/.buildozer/android/platform/build-arm64-v8a_armeabi-v7a/build/other_builds/hostpython3/desktop/hostpython3/Include/internal/mimalloc -IObjects -IInclude -IPython -I. -I/data/data/com.termux/files/home/markoss/.buildozer/android/platform/build-arm64-v8a_armeabi-v7a/build/other_builds/hostpython3/desktop/hostpython3/Include    -DPy_BUILD_CORE -o Python/import.o /data/data/com.termux/files/home/markoss/.buildozer/android/platform/build-arm64-v8a_armeabi-v7a/build/other_builds/hostpython3/desktop/hostpython3/Python/import.c
gcc -c -fno-strict-overflow -Wsign-compare -Wunreachable-code -DNDEBUG -g -O3 -Wall    -std=c11 -Wextra -Wno-unused-parameter -Wno-missing-field-initializers -Wstrict-prototypes -Werror=implicit-function-declaration -fvisibility=hidden  -I/data/data/com.termux/files/home/markoss/.buildozer/android/platform/build-arm64-v8a_armeabi-v7a/build/other_builds/hostpython3/desktop/hostpython3/Include/internal -I/data/data/com.termux/files/home/markoss/.buildozer/android/platform/build-arm64-v8a_armeabi-v7a/build/other_builds/hostpython3/desktop/hostpython3/Include/internal/mimalloc -IObjects -IInclude -IPython -I. -I/data/data/com.termux/files/home/markoss/.buildozer/android/platform/build-arm64-v8a_armeabi-v7a/build/other_builds/hostpython3/desktop/hostpython3/Include    -DPy_BUILD_CORE -I. -o Python/importdl.o /data/data/com.termux/files/home/markoss/.buildozer/android/platform/build-arm64-v8a_armeabi-v7a/build/other_builds/hostpython3/desktop/hostpython3/Python/importdl.c
gcc -c -fno-strict-overflow -Wsign-compare -Wunreachable-code -DNDEBUG -g -O3 -Wall    -std=c11 -Wextra -Wno-unused-parameter -Wno-missing-field-initializers -Wstrict-prototypes -Werror=implicit-function-declaration -fvisibility=hidden  -I/data/data/com.termux/files/home/markoss/.buildozer/android/platform/build-arm64-v8a_armeabi-v7a/build/other_builds/hostpython3/desktop/hostpython3/Include/internal -I/data/data/com.termux/files/home/markoss/.buildozer/android/platform/build-arm64-v8a_armeabi-v7a/build/other_builds/hostpython3/desktop/hostpython3/Include/internal/mimalloc -IObjects -IInclude -IPython -I. -I/data/data/com.termux/files/home/markoss/.buildozer/android/platform/build-arm64-v8a_armeabi-v7a/build/other_builds/hostpython3/desktop/hostpython3/Include    -DPy_BUILD_CORE -o Python/index_pool.o /data/data/com.termux/files/home/markoss/.buildozer/android/platform/build-arm64-v8a_armeabi-v7a/build/other_builds/hostpython3/desktop/hostpython3/Python/index_pool.c
gcc -c -fno-strict-overflow -Wsign-compare -Wunreachable-code -DNDEBUG -g -O3 -Wall    -std=c11 -Wextra -Wno-unused-parameter -Wno-missing-field-initializers -Wstrict-prototypes -Werror=implicit-function-declaration -fvisibility=hidden  -I/data/data/com.termux/files/home/markoss/.buildozer/android/platform/build-arm64-v8a_armeabi-v7a/build/other_builds/hostpython3/desktop/hostpython3/Include/internal -I/data/data/com.termux/files/home/markoss/.buildozer/android/platform/build-arm64-v8a_armeabi-v7a/build/other_builds/hostpython3/desktop/hostpython3/Include/internal/mimalloc -IObjects -IInclude -IPython -I. -I/data/data/com.termux/files/home/markoss/.buildozer/android/platform/build-arm64-v8a_armeabi-v7a/build/other_builds/hostpython3/desktop/hostpython3/Include    -DPy_BUILD_CORE -o Python/initconfig.o /data/data/com.termux/files/home/markoss/.buildozer/android/platform/build-arm64-v8a_armeabi-v7a/build/other_builds/hostpython3/desktop/hostpython3/Python/initconfig.c
gcc -c -fno-strict-overflow -Wsign-compare -Wunreachable-code -DNDEBUG -g -O3 -Wall    -std=c11 -Wextra -Wno-unused-parameter -Wno-missing-field-initializers -Wstrict-prototypes -Werror=implicit-function-declaration -fvisibility=hidden  -I/data/data/com.termux/files/home/markoss/.buildozer/android/platform/build-arm64-v8a_armeabi-v7a/build/other_builds/hostpython3/desktop/hostpython3/Include/internal -I/data/data/com.termux/files/home/markoss/.buildozer/android/platform/build-arm64-v8a_armeabi-v7a/build/other_builds/hostpython3/desktop/hostpython3/Include/internal/mimalloc -IObjects -IInclude -IPython -I. -I/data/data/com.termux/files/home/markoss/.buildozer/android/platform/build-arm64-v8a_armeabi-v7a/build/other_builds/hostpython3/desktop/hostpython3/Include    -DPy_BUILD_CORE -o Python/interpconfig.o /data/data/com.termux/files/home/markoss/.buildozer/android/platform/build-arm64-v8a_armeabi-v7a/build/other_builds/hostpython3/desktop/hostpython3/Python/interpconfig.c
gcc -c -fno-strict-overflow -Wsign-compare -Wunreachable-code -DNDEBUG -g -O3 -Wall    -std=c11 -Wextra -Wno-unused-parameter -Wno-missing-field-initializers -Wstrict-prototypes -Werror=implicit-function-declaration -fvisibility=hidden  -I/data/data/com.termux/files/home/markoss/.buildozer/android/platform/build-arm64-v8a_armeabi-v7a/build/other_builds/hostpython3/desktop/hostpython3/Include/internal -I/data/data/com.termux/files/home/markoss/.buildozer/android/platform/build-arm64-v8a_armeabi-v7a/build/other_builds/hostpython3/desktop/hostpython3/Include/internal/mimalloc -IObjects -IInclude -IPython -I. -I/data/data/com.termux/files/home/markoss/.buildozer/android/platform/build-arm64-v8a_armeabi-v7a/build/other_builds/hostpython3/desktop/hostpython3/Include    -DPy_BUILD_CORE -o Python/instrumentation.o /data/data/com.termux/files/home/markoss/.buildozer/android/platform/build-arm64-v8a_armeabi-v7a/build/other_builds/hostpython3/desktop/hostpython3/Python/instrumentation.c
gcc -c -fno-strict-overflow -Wsign-compare -Wunreachable-code -DNDEBUG -g -O3 -Wall    -std=c11 -Wextra -Wno-unused-parameter -Wno-missing-field-initializers -Wstrict-prototypes -Werror=implicit-function-declaration -fvisibility=hidden  -I/data/data/com.termux/files/home/markoss/.buildozer/android/platform/build-arm64-v8a_armeabi-v7a/build/other_builds/hostpython3/desktop/hostpython3/Include/internal -I/data/data/com.termux/files/home/markoss/.buildozer/android/platform/build-arm64-v8a_armeabi-v7a/build/other_builds/hostpython3/desktop/hostpython3/Include/internal/mimalloc -IObjects -IInclude -IPython -I. -I/data/data/com.termux/files/home/markoss/.buildozer/android/platform/build-arm64-v8a_armeabi-v7a/build/other_builds/hostpython3/desktop/hostpython3/Include    -DPy_BUILD_CORE -o Python/instruction_sequence.o /data/data/com.termux/files/home/markoss/.buildozer/android/platform/build-arm64-v8a_armeabi-v7a/build/other_builds/hostpython3/desktop/hostpython3/Python/instruction_sequence.c
gcc -c -fno-strict-overflow -Wsign-compare -Wunreachable-code -DNDEBUG -g -O3 -Wall    -std=c11 -Wextra -Wno-unused-parameter -Wno-missing-field-initializers -Wstrict-prototypes -Werror=implicit-function-declaration -fvisibility=hidden  -I/data/data/com.termux/files/home/markoss/.buildozer/android/platform/build-arm64-v8a_armeabi-v7a/build/other_builds/hostpython3/desktop/hostpython3/Include/internal -I/data/data/com.termux/files/home/markoss/.buildozer/android/platform/build-arm64-v8a_armeabi-v7a/build/other_builds/hostpython3/desktop/hostpython3/Include/internal/mimalloc -IObjects -IInclude -IPython -I. -I/data/data/com.termux/files/home/markoss/.buildozer/android/platform/build-arm64-v8a_armeabi-v7a/build/other_builds/hostpython3/desktop/hostpython3/Include    -DPy_BUILD_CORE -o Python/intrinsics.o /data/data/com.termux/files/home/markoss/.buildozer/android/platform/build-arm64-v8a_armeabi-v7a/build/other_builds/hostpython3/desktop/hostpython3/Python/intrinsics.c
gcc -c -fno-strict-overflow -Wsign-compare -Wunreachable-code -DNDEBUG -g -O3 -Wall    -std=c11 -Wextra -Wno-unused-parameter -Wno-missing-field-initializers -Wstrict-prototypes -Werror=implicit-function-declaration -fvisibility=hidden  -I/data/data/com.termux/files/home/markoss/.buildozer/android/platform/build-arm64-v8a_armeabi-v7a/build/other_builds/hostpython3/desktop/hostpython3/Include/internal -I/data/data/com.termux/files/home/markoss/.buildozer/android/platform/build-arm64-v8a_armeabi-v7a/build/other_builds/hostpython3/desktop/hostpython3/Include/internal/mimalloc -IObjects -IInclude -IPython -I. -I/data/data/com.termux/files/home/markoss/.buildozer/android/platform/build-arm64-v8a_armeabi-v7a/build/other_builds/hostpython3/desktop/hostpython3/Include    -DPy_BUILD_CORE -o Python/jit.o /data/data/com.termux/files/home/markoss/.buildozer/android/platform/build-arm64-v8a_armeabi-v7a/build/other_builds/hostpython3/desktop/hostpython3/Python/jit.c
gcc -c -fno-strict-overflow -Wsign-compare -Wunreachable-code -DNDEBUG -g -O3 -Wall    -std=c11 -Wextra -Wno-unused-parameter -Wno-missing-field-initializers -Wstrict-prototypes -Werror=implicit-function-declaration -fvisibility=hidden  -I/data/data/com.termux/files/home/markoss/.buildozer/android/platform/build-arm64-v8a_armeabi-v7a/build/other_builds/hostpython3/desktop/hostpython3/Include/internal -I/data/data/com.termux/files/home/markoss/.buildozer/android/platform/build-arm64-v8a_armeabi-v7a/build/other_builds/hostpython3/desktop/hostpython3/Include/internal/mimalloc -IObjects -IInclude -IPython -I. -I/data/data/com.termux/files/home/markoss/.buildozer/android/platform/build-arm64-v8a_armeabi-v7a/build/other_builds/hostpython3/desktop/hostpython3/Include    -DPy_BUILD_CORE -o Python/legacy_tracing.o /data/data/com.termux/files/home/markoss/.buildozer/android/platform/build-arm64-v8a_armeabi-v7a/build/other_builds/hostpython3/desktop/hostpython3/Python/legacy_tracing.c
gcc -c -fno-strict-overflow -Wsign-compare -Wunreachable-code -DNDEBUG -g -O3 -Wall    -std=c11 -Wextra -Wno-unused-parameter -Wno-missing-field-initializers -Wstrict-prototypes -Werror=implicit-function-declaration -fvisibility=hidden  -I/data/data/com.termux/files/home/markoss/.buildozer/android/platform/build-arm64-v8a_armeabi-v7a/build/other_builds/hostpython3/desktop/hostpython3/Include/internal -I/data/data/com.termux/files/home/markoss/.buildozer/android/platform/build-arm64-v8a_armeabi-v7a/build/other_builds/hostpython3/desktop/hostpython3/Include/internal/mimalloc -IObjects -IInclude -IPython -I. -I/data/data/com.termux/files/home/markoss/.buildozer/android/platform/build-arm64-v8a_armeabi-v7a/build/other_builds/hostpython3/desktop/hostpython3/Include    -DPy_BUILD_CORE -o Python/lock.o /data/data/com.termux/files/home/markoss/.buildozer/android/platform/build-arm64-v8a_armeabi-v7a/build/other_builds/hostpython3/desktop/hostpython3/Python/lock.c
gcc -c -fno-strict-overflow -Wsign-compare -Wunreachable-code -DNDEBUG -g -O3 -Wall    -std=c11 -Wextra -Wno-unused-parameter -Wno-missing-field-initializers -Wstrict-prototypes -Werror=implicit-function-declaration -fvisibility=hidden  -I/data/data/com.termux/files/home/markoss/.buildozer/android/platform/build-arm64-v8a_armeabi-v7a/build/other_builds/hostpython3/desktop/hostpython3/Include/internal -I/data/data/com.termux/files/home/markoss/.buildozer/android/platform/build-arm64-v8a_armeabi-v7a/build/other_builds/hostpython3/desktop/hostpython3/Include/internal/mimalloc -IObjects -IInclude -IPython -I. -I/data/data/com.termux/files/home/markoss/.buildozer/android/platform/build-arm64-v8a_armeabi-v7a/build/other_builds/hostpython3/desktop/hostpython3/Include    -DPy_BUILD_CORE -o Python/marshal.o /data/data/com.termux/files/home/markoss/.buildozer/android/platform/build-arm64-v8a_armeabi-v7a/build/other_builds/hostpython3/desktop/hostpython3/Python/marshal.c
gcc -c -fno-strict-overflow -Wsign-compare -Wunreachable-code -DNDEBUG -g -O3 -Wall    -std=c11 -Wextra -Wno-unused-parameter -Wno-missing-field-initializers -Wstrict-prototypes -Werror=implicit-function-declaration -fvisibility=hidden  -I/data/data/com.termux/files/home/markoss/.buildozer/android/platform/build-arm64-v8a_armeabi-v7a/build/other_builds/hostpython3/desktop/hostpython3/Include/internal -I/data/data/com.termux/files/home/markoss/.buildozer/android/platform/build-arm64-v8a_armeabi-v7a/build/other_builds/hostpython3/desktop/hostpython3/Include/internal/mimalloc -IObjects -IInclude -IPython -I. -I/data/data/com.termux/files/home/markoss/.buildozer/android/platform/build-arm64-v8a_armeabi-v7a/build/other_builds/hostpython3/desktop/hostpython3/Include    -DPy_BUILD_CORE -o Python/modsupport.o /data/data/com.termux/files/home/markoss/.buildozer/android/platform/build-arm64-v8a_armeabi-v7a/build/other_builds/hostpython3/desktop/hostpython3/Python/modsupport.c
gcc -c -fno-strict-overflow -Wsign-compare -Wunreachable-code -DNDEBUG -g -O3 -Wall    -std=c11 -Wextra -Wno-unused-parameter -Wno-missing-field-initializers -Wstrict-prototypes -Werror=implicit-function-declaration -fvisibility=hidden  -I/data/data/com.termux/files/home/markoss/.buildozer/android/platform/build-arm64-v8a_armeabi-v7a/build/other_builds/hostpython3/desktop/hostpython3/Include/internal -I/data/data/com.termux/files/home/markoss/.buildozer/android/platform/build-arm64-v8a_armeabi-v7a/build/other_builds/hostpython3/desktop/hostpython3/Include/internal/mimalloc -IObjects -IInclude -IPython -I. -I/data/data/com.termux/files/home/markoss/.buildozer/android/platform/build-arm64-v8a_armeabi-v7a/build/other_builds/hostpython3/desktop/hostpython3/Include    -DPy_BUILD_CORE -o Python/mysnprintf.o /data/data/com.termux/files/home/markoss/.buildozer/android/platform/build-arm64-v8a_armeabi-v7a/build/other_builds/hostpython3/desktop/hostpython3/Python/mysnprintf.c
gcc -c -fno-strict-overflow -Wsign-compare -Wunreachable-code -DNDEBUG -g -O3 -Wall    -std=c11 -Wextra -Wno-unused-parameter -Wno-missing-field-initializers -Wstrict-prototypes -Werror=implicit-function-declaration -fvisibility=hidden  -I/data/data/com.termux/files/home/markoss/.buildozer/android/platform/build-arm64-v8a_armeabi-v7a/build/other_builds/hostpython3/desktop/hostpython3/Include/internal -I/data/data/com.termux/files/home/markoss/.buildozer/android/platform/build-arm64-v8a_armeabi-v7a/build/other_builds/hostpython3/desktop/hostpython3/Include/internal/mimalloc -IObjects -IInclude -IPython -I. -I/data/data/com.termux/files/home/markoss/.buildozer/android/platform/build-arm64-v8a_armeabi-v7a/build/other_builds/hostpython3/desktop/hostpython3/Include    -DPy_BUILD_CORE -o Python/mystrtoul.o /data/data/com.termux/files/home/markoss/.buildozer/android/platform/build-arm64-v8a_armeabi-v7a/build/other_builds/hostpython3/desktop/hostpython3/Python/mystrtoul.c
gcc -c -fno-strict-overflow -Wsign-compare -Wunreachable-code -DNDEBUG -g -O3 -Wall    -std=c11 -Wextra -Wno-unused-parameter -Wno-missing-field-initializers -Wstrict-prototypes -Werror=implicit-function-declaration -fvisibility=hidden  -I/data/data/com.termux/files/home/markoss/.buildozer/android/platform/build-arm64-v8a_armeabi-v7a/build/other_builds/hostpython3/desktop/hostpython3/Include/internal -I/data/data/com.termux/files/home/markoss/.buildozer/android/platform/build-arm64-v8a_armeabi-v7a/build/other_builds/hostpython3/desktop/hostpython3/Include/internal/mimalloc -IObjects -IInclude -IPython -I. -I/data/data/com.termux/files/home/markoss/.buildozer/android/platform/build-arm64-v8a_armeabi-v7a/build/other_builds/hostpython3/desktop/hostpython3/Include    -DPy_BUILD_CORE -o Python/object_stack.o /data/data/com.termux/files/home/markoss/.buildozer/android/platform/build-arm64-v8a_armeabi-v7a/build/other_builds/hostpython3/desktop/hostpython3/Python/object_stack.c
gcc -c -fno-strict-overflow -Wsign-compare -Wunreachable-code -DNDEBUG -g -O3 -Wall    -std=c11 -Wextra -Wno-unused-parameter -Wno-missing-field-initializers -Wstrict-prototypes -Werror=implicit-function-declaration -fvisibility=hidden  -I/data/data/com.termux/files/home/markoss/.buildozer/android/platform/build-arm64-v8a_armeabi-v7a/build/other_builds/hostpython3/desktop/hostpython3/Include/internal -I/data/data/com.termux/files/home/markoss/.buildozer/android/platform/build-arm64-v8a_armeabi-v7a/build/other_builds/hostpython3/desktop/hostpython3/Include/internal/mimalloc -IObjects -IInclude -IPython -I. -I/data/data/com.termux/files/home/markoss/.buildozer/android/platform/build-arm64-v8a_armeabi-v7a/build/other_builds/hostpython3/desktop/hostpython3/Include    -DPy_BUILD_CORE -o Python/optimizer.o /data/data/com.termux/files/home/markoss/.buildozer/android/platform/build-arm64-v8a_armeabi-v7a/build/other_builds/hostpython3/desktop/hostpython3/Python/optimizer.c
gcc -c -fno-strict-overflow -Wsign-compare -Wunreachable-code -DNDEBUG -g -O3 -Wall    -std=c11 -Wextra -Wno-unused-parameter -Wno-missing-field-initializers -Wstrict-prototypes -Werror=implicit-function-declaration -fvisibility=hidden  -I/data/data/com.termux/files/home/markoss/.buildozer/android/platform/build-arm64-v8a_armeabi-v7a/build/other_builds/hostpython3/desktop/hostpython3/Include/internal -I/data/data/com.termux/files/home/markoss/.buildozer/android/platform/build-arm64-v8a_armeabi-v7a/build/other_builds/hostpython3/desktop/hostpython3/Include/internal/mimalloc -IObjects -IInclude -IPython -I. -I/data/data/com.termux/files/home/markoss/.buildozer/android/platform/build-arm64-v8a_armeabi-v7a/build/other_builds/hostpython3/desktop/hostpython3/Include    -DPy_BUILD_CORE -o Python/optimizer_analysis.o /data/data/com.termux/files/home/markoss/.buildozer/android/platform/build-arm64-v8a_armeabi-v7a/build/other_builds/hostpython3/desktop/hostpython3/Python/optimizer_analysis.c
gcc -c -fno-strict-overflow -Wsign-compare -Wunreachable-code -DNDEBUG -g -O3 -Wall    -std=c11 -Wextra -Wno-unused-parameter -Wno-missing-field-initializers -Wstrict-prototypes -Werror=implicit-function-declaration -fvisibility=hidden  -I/data/data/com.termux/files/home/markoss/.buildozer/android/platform/build-arm64-v8a_armeabi-v7a/build/other_builds/hostpython3/desktop/hostpython3/Include/internal -I/data/data/com.termux/files/home/markoss/.buildozer/android/platform/build-arm64-v8a_armeabi-v7a/build/other_builds/hostpython3/desktop/hostpython3/Include/internal/mimalloc -IObjects -IInclude -IPython -I. -I/data/data/com.termux/files/home/markoss/.buildozer/android/platform/build-arm64-v8a_armeabi-v7a/build/other_builds/hostpython3/desktop/hostpython3/Include    -DPy_BUILD_CORE -o Python/optimizer_symbols.o /data/data/com.termux/files/home/markoss/.buildozer/android/platform/build-arm64-v8a_armeabi-v7a/build/other_builds/hostpython3/desktop/hostpython3/Python/optimizer_symbols.c
gcc -c -fno-strict-overflow -Wsign-compare -Wunreachable-code -DNDEBUG -g -O3 -Wall    -std=c11 -Wextra -Wno-unused-parameter -Wno-missing-field-initializers -Wstrict-prototypes -Werror=implicit-function-declaration -fvisibility=hidden  -I/data/data/com.termux/files/home/markoss/.buildozer/android/platform/build-arm64-v8a_armeabi-v7a/build/other_builds/hostpython3/desktop/hostpython3/Include/internal -I/data/data/com.termux/files/home/markoss/.buildozer/android/platform/build-arm64-v8a_armeabi-v7a/build/other_builds/hostpython3/desktop/hostpython3/Include/internal/mimalloc -IObjects -IInclude -IPython -I. -I/data/data/com.termux/files/home/markoss/.buildozer/android/platform/build-arm64-v8a_armeabi-v7a/build/other_builds/hostpython3/desktop/hostpython3/Include    -DPy_BUILD_CORE -o Python/parking_lot.o /data/data/com.termux/files/home/markoss/.buildozer/android/platform/build-arm64-v8a_armeabi-v7a/build/other_builds/hostpython3/desktop/hostpython3/Python/parking_lot.c
gcc -c -fno-strict-overflow -Wsign-compare -Wunreachable-code -DNDEBUG -g -O3 -Wall    -std=c11 -Wextra -Wno-unused-parameter -Wno-missing-field-initializers -Wstrict-prototypes -Werror=implicit-function-declaration -fvisibility=hidden  -I/data/data/com.termux/files/home/markoss/.buildozer/android/platform/build-arm64-v8a_armeabi-v7a/build/other_builds/hostpython3/desktop/hostpython3/Include/internal -I/data/data/com.termux/files/home/markoss/.buildozer/android/platform/build-arm64-v8a_armeabi-v7a/build/other_builds/hostpython3/desktop/hostpython3/Include/internal/mimalloc -IObjects -IInclude -IPython -I. -I/data/data/com.termux/files/home/markoss/.buildozer/android/platform/build-arm64-v8a_armeabi-v7a/build/other_builds/hostpython3/desktop/hostpython3/Include    -DPy_BUILD_CORE -o Python/pathconfig.o /data/data/com.termux/files/home/markoss/.buildozer/android/platform/build-arm64-v8a_armeabi-v7a/build/other_builds/hostpython3/desktop/hostpython3/Python/pathconfig.c
gcc -c -fno-strict-overflow -Wsign-compare -Wunreachable-code -DNDEBUG -g -O3 -Wall    -std=c11 -Wextra -Wno-unused-parameter -Wno-missing-field-initializers -Wstrict-prototypes -Werror=implicit-function-declaration -fvisibility=hidden  -I/data/data/com.termux/files/home/markoss/.buildozer/android/platform/build-arm64-v8a_armeabi-v7a/build/other_builds/hostpython3/desktop/hostpython3/Include/internal -I/data/data/com.termux/files/home/markoss/.buildozer/android/platform/build-arm64-v8a_armeabi-v7a/build/other_builds/hostpython3/desktop/hostpython3/Include/internal/mimalloc -IObjects -IInclude -IPython -I. -I/data/data/com.termux/files/home/markoss/.buildozer/android/platform/build-arm64-v8a_armeabi-v7a/build/other_builds/hostpython3/desktop/hostpython3/Include    -DPy_BUILD_CORE -o Python/preconfig.o /data/data/com.termux/files/home/markoss/.buildozer/android/platform/build-arm64-v8a_armeabi-v7a/build/other_builds/hostpython3/desktop/hostpython3/Python/preconfig.c
gcc -c -fno-strict-overflow -Wsign-compare -Wunreachable-code -DNDEBUG -g -O3 -Wall    -std=c11 -Wextra -Wno-unused-parameter -Wno-missing-field-initializers -Wstrict-prototypes -Werror=implicit-function-declaration -fvisibility=hidden  -I/data/data/com.termux/files/home/markoss/.buildozer/android/platform/build-arm64-v8a_armeabi-v7a/build/other_builds/hostpython3/desktop/hostpython3/Include/internal -I/data/data/com.termux/files/home/markoss/.buildozer/android/platform/build-arm64-v8a_armeabi-v7a/build/other_builds/hostpython3/desktop/hostpython3/Include/internal/mimalloc -IObjects -IInclude -IPython -I. -I/data/data/com.termux/files/home/markoss/.buildozer/android/platform/build-arm64-v8a_armeabi-v7a/build/other_builds/hostpython3/desktop/hostpython3/Include    -DPy_BUILD_CORE -o Python/pyarena.o /data/data/com.termux/files/home/markoss/.buildozer/android/platform/build-arm64-v8a_armeabi-v7a/build/other_builds/hostpython3/desktop/hostpython3/Python/pyarena.c
gcc -c -fno-strict-overflow -Wsign-compare -Wunreachable-code -DNDEBUG -g -O3 -Wall    -std=c11 -Wextra -Wno-unused-parameter -Wno-missing-field-initializers -Wstrict-prototypes -Werror=implicit-function-declaration -fvisibility=hidden  -I/data/data/com.termux/files/home/markoss/.buildozer/android/platform/build-arm64-v8a_armeabi-v7a/build/other_builds/hostpython3/desktop/hostpython3/Include/internal -I/data/data/com.termux/files/home/markoss/.buildozer/android/platform/build-arm64-v8a_armeabi-v7a/build/other_builds/hostpython3/desktop/hostpython3/Include/internal/mimalloc -IObjects -IInclude -IPython -I. -I/data/data/com.termux/files/home/markoss/.buildozer/android/platform/build-arm64-v8a_armeabi-v7a/build/other_builds/hostpython3/desktop/hostpython3/Include    -DPy_BUILD_CORE -o Python/pyctype.o /data/data/com.termux/files/home/markoss/.buildozer/android/platform/build-arm64-v8a_armeabi-v7a/build/other_builds/hostpython3/desktop/hostpython3/Python/pyctype.c
[1m/data/data/com.termux/files/home/markoss/.buildozer/android/platform/build-arm64-v8a_armeabi-v7a/build/other_builds/hostpython3/desktop/hostpython3/Python/parking_lot.c:159:15: [0m[0;1;31merror: [0m[1m
      call to undeclared function 'sem_clockwait'; ISO C99 and later do not
      support implicit function declarations [-Wimplicit-function-declaration][0m
  159 |         err = sem_clockwait(&sema->platform_sem, CLOCK_MONOTONIC, &ts);[0m
      | [0;1;32m              ^
[0m1 error generated.
make: *** [Makefile:3297: Python/parking_lot.o] Error 1
make: *** Waiting for unfinished jobs....
make: Leaving directory '/data/data/com.termux/files/home/markoss/.buildozer/android/platform/build-arm64-v8a_armeabi-v7a/build/other_builds/hostpython3/desktop/hostpython3/native-build'


  STDERR:

Traceback (most recent call last):
  File "/data/data/com.termux/files/usr/lib/python3.10/runpy.py", line 196, in _run_module_as_main
    return _run_code(code, main_globals, None,
  File "/data/data/com.termux/files/usr/lib/python3.10/runpy.py", line 86, in _run_code
    exec(code, run_globals)
  File "/data/data/com.termux/files/home/markoss/.buildozer/android/platform/python-for-android/pythonforandroid/toolchain.py", line 1290, in <module>
    main()
  File "/data/data/com.termux/files/home/markoss/.buildozer/android/platform/python-for-android/pythonforandroid/entrypoints.py", line 18, in main
    ToolchainCL()
  File "/data/data/com.termux/files/home/markoss/.buildozer/android/platform/python-for-android/pythonforandroid/toolchain.py", line 721, in __init__
    getattr(self, command)(args)
  File "/data/data/com.termux/files/home/markoss/.buildozer/android/platform/python-for-android/pythonforandroid/toolchain.py", line 104, in wrapper_func
    build_dist_from_args(ctx, dist, args)
  File "/data/data/com.termux/files/home/markoss/.buildozer/android/platform/python-for-android/pythonforandroid/toolchain.py", line 163, in build_dist_from_args
    build_recipes(build_order, python_modules, ctx,
  File "/data/data/com.termux/files/home/markoss/.buildozer/android/platform/python-for-android/pythonforandroid/build.py", line 530, in build_recipes
    recipe.build_arch(arch)
  File "/data/data/com.termux/files/home/markoss/.buildozer/android/platform/python-for-android/pythonforandroid/recipes/hostpython3/__init__.py", line 188, in build_arch
    shprint(sh.make, "-j", str(cpu_count()), "-C", build_dir, _env=env)
  File "/data/data/com.termux/files/home/markoss/.buildozer/android/platform/python-for-android/pythonforandroid/logger.py", line 174, in shprint
    for line in output:
  File "/data/data/com.termux/files/home/.local/lib/python3.10/site-packages/sh/__init__.py", line 876, in __next__
    self.wait()
  File "/data/data/com.termux/files/home/.local/lib/python3.10/site-packages/sh/__init__.py", line 793, in wait
    self.handle_command_exit_code(exit_code)
  File "/data/data/com.termux/files/home/.local/lib/python3.10/site-packages/sh/__init__.py", line 820, in handle_command_exit_code
    raise exc
sh.ErrorReturnCode_2: 

  RAN: /data/data/com.termux/files/usr/bin/make -j 8 -C /data/data/com.termux/files/home/markoss/.buildozer/android/platform/build-arm64-v8a_armeabi-v7a/build/other_builds/hostpython3/desktop/hostpython3/native-build

  STDOUT:
make: Entering directory '/data/data/com.termux/files/home/markoss/.buildozer/android/platform/build-arm64-v8a_armeabi-v7a/build/other_builds/hostpython3/desktop/hostpython3/native-build'
gcc -c -fno-strict-overflow -Wsign-compare -Wunreachable-code -DNDEBUG -g -O3 -Wall    -std=c11 -Wextra -Wno-unused-parameter -Wno-missing-field-initializers -Wstrict-prototypes -Werror=implicit-function-declaration -fvisibility=hidden  -I/data/data/com.termux/files/home/markoss/.buildozer/android/platform/build-arm64-v8a_armeabi-v7a/build/other_builds/hostpython3/desktop/hostpython3/Include/internal -I/data/data/com.termux/files/home/markoss/.buildozer/android/platform/build-arm64-v8a_armeabi-v7a/build/other_builds/hostpython3/desktop/hostpython3/Include/internal/mimalloc -IObjects -IInclude -IPython -I. -I/data/data/com.termux/files/home/markoss/.buildozer/android/platform/build-arm64-v8a_armeabi-v7a/build/other_builds/hostpython3/desktop/hostpython3/Include    -DPy_BUILD_CORE -o Programs/python.o /data/data/com.termux/files/home/markoss/.buildozer/android/platform/build-arm64-v8a_armeabi-v7a/build/other_builds/hostpython3/desktop/hostpython3/Programs/python.c
gcc -c -fno-strict-overflow -Wsign-compare -Wunreachable-code -DNDEBUG -g -O3 -Wall    -std=c11 -Wextra -Wno-unused-parameter -Wno-missing-field-initializers -Wstrict-prototypes -Werror=implicit-function-declaration -fvisibility=hidden  -I/data/data/com.termux/files/home/markoss/.buildozer/android/platform/build-arm64-v8a_armeabi-v7a/build/other_builds/hostpython3/desktop/hostpython3/Include/internal -I/data/data/com.termux/files/home/markoss/.buildozer/android/platform/build-arm64-v8a_armeabi-v7a/build/other_builds/hostpython3/desktop/hostpython3/Include/internal/mimalloc -IObjects -IInclude -IPython -I. -I/data/data/com.termux/files/home/markoss/.buildozer/android/platform/build-arm64-v8a_armeabi-v7a/build/other_builds/hostpython3/desktop/hostpython3/Include    -DPy_BUILD_CORE -o Parser/token.o /data/data/com.termux/files/home/markoss/.buildozer/android/platform/build-arm64-v8a_armeabi-v7a/build/other_builds/hostpython3/desktop/hostpython3/Parser/token.c
gcc -c -fno-strict-overflow -Wsign-compare -Wunreachable-code -DNDEBUG -g -O3 -Wall    -std=c11 -Wextra -Wno-unused-parameter -Wno-missing-field-initializers -Wstrict-prototypes -Werror=implicit-function-declaration -fvisibility=hidden  -I/data/data/com.termux/files/home/markoss/.buildozer/android/platform/build-arm64-v8a_armeabi-v7a/build/other_builds/hostpython3/desktop/hostpython3/Include/internal -I/data/data/com.termux/files/home/markoss/.buildozer/android/platform/build-arm64-v8a_armeabi-v7a/build/other_builds/hostpython3/desktop/hostpython3/Include/internal/mimalloc -IObjects -IInclude -IPython -I. -I/data/data/com.termux/files/home/markoss/.buildozer/android/platform/build-arm64-v8a_armeabi-v7a/build/other_builds/hostpython3/desktop/hostpython3/Include    -DPy_BUILD_CORE -o Parser/pegen.o /data/data/com.termux/files/home/markoss/.buildozer/android/platform/build-arm64-v8a_armeabi-v7a/build/other_builds/hostpython3/desktop/hostpython3/Parser/pegen.c
gcc -c -fno-strict-overflow -Wsign-compare -Wunreachable-code -DNDEBUG -g -O3 -Wall    -std=c11 -Wextra -Wno-unused-parameter -Wno-missing-field-initializers -Wstrict-prototypes -Werror=implicit-function-declaration -fvisibility=hidden  -I/data/data/com.termux/files/home/markoss/.buildozer/android/platform/build-arm64-v8a_armeabi-v7a/build/other_builds/hostpython3/desktop/hostpython3/Include/internal -I/data/data/com.termux/files/home/markoss/.buildozer/android/platform/build-arm64-v8a_armeabi-v7a/build/other_builds/hostpython3/desktop/hostpython3/Include/internal/mimalloc -IObjects -IInclude -IPython -I. -I/data/data/com.termux/files/home/markoss/.buildozer/android/platform/build-arm64-v8a_armeabi-v7a/build/other_builds/hostpython3/desktop/hostpython3/Include    -DPy_BUILD_CORE -o Parser/pegen_errors.o /data/data/com.termux/files/home/markoss/.buildozer/android/platform/build-arm64-v8a_armeabi-v7a/build/other_builds/hostpython3/desktop/hostpython3/Parser/pegen_errors.c
gcc -c -fno-strict-overflow -Wsign-compare -Wunreachable-code -DNDEBUG -g -O3 -Wall    -std=c11 -Wextra -Wno-unused-parameter -Wno-missing-field-initializers -Wstrict-prototypes -Werror=implicit-function-declaration -fvisibility=hidden  -I/data/data/com.termux/files/home/markoss/.buildozer/android/platform/build-arm64-v8a_armeabi-v7a/build/other_builds/hostpython3/desktop/hostpython3/Include/internal -I/data/data/com.termux/files/home/markoss/.buildozer/android/platform/build-arm64-v8a_armeabi-v7a/build/other_builds/hostpython3/desktop/hostpython3/Include/internal/mimalloc -IObjects -IInclude -IPython -I. -I/data/data/com.termux/files/home/markoss/.buildozer/android/platform/build-arm64-v8a_armeabi-v7a/build/other_builds/hostpython3/desktop/hostpython3/Include    -DPy_BUILD_CORE -o Parser/action_helpers.o /data/data/com.termux/files/home/markoss/.buildozer/android/platform/build-arm64-v8a_armeabi-v7a/build/other_builds/hostpython3/desktop/hostpython3/Parser/action_helpers.c
gcc -c -fno-strict-overflow -Wsign-compare -Wunreachable-code -DNDEBUG -g -O3 -Wall    -std=c11 -Wextra -Wno-unused-parameter -Wno-missing-field-initializers -Wstrict-prototypes -Werror=implicit-function-declaration -fvisibility=hidden  -I/data/data/com.termux/files/home/markoss/.buildozer/android/platform/build-arm64-v8a_armeabi-v7a/build/other_builds/hostpython3/desktop/hostpython3/Include/internal -I/data/data/com.termux/files/home/markoss/.buildozer/android/platform/build-arm64-v8a_armeabi-v7a/build/other_builds/hostpython3/desktop/hostpython3/Include/internal/mimalloc -IObjects -IInclude -IPython -I. -I/data/data/com.termux/files/home/markoss/.buildozer/android/platform/build-arm64-v8a_armeabi-v7a/build/other_builds/hostpython3/desktop/hostpython3/Include    -DPy_BUILD_CORE -o Parser/parser.o /data/data/com.termux/files/home/markoss/.buildozer/android/platform/build-arm64-v8a_armeabi-v7a/build/other_builds/hostpython3/desktop/hostpython3/Parser/parser.c
gcc -c -fno-strict-overflow -Wsign-compare -Wunreachable-code -DNDEBUG -g -O3 -Wall    -std=c11 -Wextra -Wno-unused-parameter -Wno-missing-field-initializers -Wstrict-prototypes -Werror=implicit-function-declaration -fvisibility=hidden  -I/data/data/com.termux/files/home/markoss/.buildozer/android/platform/build-arm64-v8a_armeabi-v7a/build/other_builds/hostpython3/desktop/hostpython3/Include/internal -I/data/data/com.termux/files/home/markoss/.buildozer/android/platform/build-arm64-v8a_armeabi-v7a/build/other_builds/hostpython3/desktop/hostpython3/Include/internal/mimalloc -IObjects -IInclude -IPython -I. -I/data/data/com.termux/files/home/markoss/.buildozer/android/platform/build-arm64-v8a_armeabi-v7a/build/other_builds/hostpython3/desktop/hostpython3/Include    -DPy_BUILD_CORE -o Parser/string_parser.o /data/data/com.termux/files/home/markoss/.buildozer/android/platform/build-arm64-v8a_armeabi-v7a/build/other_builds/hostpython3/desktop/hostpython3/Parser/string_parser.c
gcc -c -fno-strict-overflow -Wsign-compare -Wunreachable-code -DNDEBUG -g -O3 -Wall    -std=c11 -Wextra -Wno-unused-parameter -Wno-missing-field-initializers -Wstrict-prototypes -Werror=implicit-function-declaration -fvisibility=hidden  -I/data/data/com.termux/files/home/markoss/.buildozer/android/platform/build-arm64-v8a_armeabi-v7a/build/other_builds/hostpython3/desktop/hostpython3/Include/internal -I/data/data/com.termux/files/home/markoss/.buildozer/android/platform/build-arm64-v8a_armeabi-v7a/build/other_builds/hostpython3/desktop/hostpython3/Include/internal/mimalloc -IObjects -IInclude -IPython -I. -I/data/data/com.termux/files/home/markoss/.buildozer/android/platform/build-arm64-v8a_armeabi-v7a/build/other_builds/hostpython3/desktop/hostpython3/Include    -DPy_BUILD_CORE -o Parser/peg_api.o /data/data/com.termux/files/home/markoss/.buildozer/android/platform/build-arm64-v8a_armeabi-v7a/build/other_builds/hostpython3/desktop/hostpython3/Parser/peg_api.c
gcc -c -fno-strict-overflow -Wsign-compare -Wunreachable-code -DNDEBUG -g -O3 -Wall    -std=c11 -Wextra -Wno-unused-parameter -Wno-missing-field-initializers -Wstrict-prototypes -Werror=implicit-function-declaration -fvisibility=hidden  -I/data/data/com.termux/files/home/markoss/.buildozer/android/platform/build-arm64-v8a_armeabi-v7a/build/other_builds/hostpython3/desktop/hostpython3/Include/internal -I/data/data/com.termux/files/home/markoss/.buildozer/android/platform/build-arm64-v8a_armeabi-v7a/build/other_builds/hostpython3/desktop/hostpython3/Include/internal/mimalloc -IObjects -IInclude -IPython -I. -I/data/data/com.termux/files/home/markoss/.buildozer/android/platform/build-arm64-v8a_armeabi-v7a/build/other_builds/hostpython3/desktop/hostpython3/Include    -DPy_BUILD_CORE -o Parser/lexer/buffer.o /data/data/com.termux/files/home/markoss/.buildozer/android/platform/build-arm64-v8a_armeabi-v7a/build/other_builds/hostpython3/desktop/hostpython3/Parser/lexer/buffer.c
gcc -c -fno-strict-overflow -Wsign-compare -Wunreachable-code -DNDEBUG -g -O3 -Wall    -std=c11 -Wextra -Wno-unused-parameter -Wno-missing-field-initializers -Wstrict-prototypes -Werror=implicit-function-declaration -fvisibility=hidden  -I/data/data/com.termux/files/home/markoss/.buildozer/android/platform/build-arm64-v8a_armeabi-v7a/build/other_builds/hostpython3/desktop/hostpython3/Include/internal -I/data/data/com.termux/files/home/markoss/.buildozer/android/platform/build-arm64-v8a_armeabi-v7a/build/other_builds/hostpython3/desktop/hostpython3/Include/internal/mimalloc -IObjects -IInclude -IPython -I. -I/data/data/com.termux/files/home/markoss/.buildozer/android/platform/build-arm64-v8a_armeabi-v7a/build/other_builds/hostpython3/desktop/hostpython3/Include    -DPy_BUILD_CORE -o Parser/lexer/lexer.o /data/data/com.termux/files/home/markoss/.buildozer/android/platform/build-arm64-v8a_armeabi-v7a/build/other_builds/hostpython3/desktop/hostpython3/Parser/lexer/lexer.c
gcc -c -fno-strict-overflow -Wsign-compare -Wunreachable-code -DNDEBUG -g -O3 -Wall    -std=c11 -Wextra -Wno-unused-parameter -Wno-missing-field-initializers -Wstrict-prototypes -Werror=implicit-function-declaration -fvisibility=hidden  -I/data/data/com.termux/files/home/markoss/.buildozer/android/platform/build-arm64-v8a_armeabi-v7a/build/other_builds/hostpython3/desktop/hostpython3/Include/internal -I/data/data/com.termux/files/home/markoss/.buildozer/android/platform/build-arm64-v8a_armeabi-v7a/build/other_builds/hostpython3/desktop/hostpython3/Include/internal/mimalloc -IObjects -IInclude -IPython -I. -I/data/data/com.termux/files/home/markoss/.buildozer/android/platform/build-arm64-v8a_armeabi-v7a/build/other_builds/hostpython3/desktop/hostpython3/Include    -DPy_BUILD_CORE -o Parser/lexer/state.o /data/data/com.termux/files/home/markoss/.buildozer/android/platform/build-arm64-v8a_armeabi-v7a/build/other_builds/hostpython3/desktop/hostpython3/Parser/lexer/state.c
gcc -c -fno-strict-overflow -Wsign-compare -Wunreachable-code -DNDEBUG -g -O3 -Wall    -std=c11 -Wextra -Wno-unused-parameter -Wno-missing-field-initializers -Wstrict-prototypes -Werror=implicit-function-declaration -fvisibility=hidden  -I/data/data/com.termux/files/home/markoss/.buildozer/android/platform/build-arm64-v8a_armeabi-v7a/build/other_builds/hostpython3/desktop/hostpython3/Include/internal -I/data/data/com.termux/files/home/markoss/.buildozer/android/platform/build-arm64-v8a_armeabi-v7a/build/other_builds/hostpython3/desktop/hostpython3/Include/internal/mimalloc -IObjects -IInclude -IPython -I. -I/data/data/com.termux/files/home/markoss/.buildozer/android/platform/build-arm64-v8a_armeabi-v7a/build/other_builds/hostpython3/desktop/hostpython3/Include    -DPy_BUILD_CORE -o Parser/tokenizer/file_tokenizer.o /data/data/com.termux/files/home/markoss/.buildozer/android/platform/build-arm64-v8a_armeabi-v7a/build/other_builds/hostpython3/desktop/hostpython3/Parser/tokenizer/file_tokenizer.c
gcc -c -fno-strict-overflow -Wsign-compare -Wunreachable-code -DNDEBUG -g -O3 -Wall    -std=c11 -Wextra -Wno-unused-parameter -Wno-missing-field-initializers -Wstrict-prototypes -Werror=implicit-function-declaration -fvisibility=hidden  -I/data/data/com.termux/files/home/markoss/.buildozer/android/platform/build-arm64-v8a_armeabi-v7a/build/other_builds/hostpython3/desktop/hostpython3/Include/internal -I/data/data/com.termux/files/home/markoss/.buildozer/android/platform/build-arm64-v8a_armeabi-v7a/build/other_builds/hostpython3/desktop/hostpython3/Include/internal/mimalloc -IObjects -IInclude -IPython -I. -I/data/data/com.termux/files/home/markoss/.buildozer/android/platform/build-arm64-v8a_armeabi-v7a/build/other_builds/hostpython3/desktop/hostpython3/Include    -DPy_BUILD_CORE -o Parser/tokenizer/readline_tokenizer.o /data/data/com.termux/files/home/markoss/.buildozer/android/platform/build-arm64-v8a_armeabi-v7a/build/other_builds/hostpython3/desktop/hostpython3/Parser/tokenizer/readline_tokenizer.c
gcc -c -fno-strict-overflow -Wsign-compare -Wunreachable-code -DNDEBUG -g -O3 -Wall    -std=c11 -Wextra -Wno-unused-parameter -Wno-missing-field-initializers -Wstrict-prototypes -Werror=implicit-function-declaration -fvisibility=hidden  -I/data/data/com.termux/files/home/markoss/.buildozer/android/platform/build-arm64-v8a_armeabi-v7a/build/other_builds/hostpython3/desktop/hostpython3/Include/internal -I/data/data/com.termux/files/home/markoss/.buildozer/android/platform/build-arm64-v8a_armeabi-v7a/build/other_builds/hostpython3/desktop/hostpython3/Include/internal/mimalloc -IObjects -IInclude -IPython -I. -I/data/data/com.termux/files/home/markoss/.buildozer/android/platform/build-arm64-v8a_armeabi-v7a/build/other_builds/hostpython3/desktop/hostpython3/Include    -DPy_BUILD_CORE -o Parser/tokenizer/string_tokenizer.o /data/data/com.termux/files/home/markoss/.buildozer/android/platform/build-arm64-v8a_armeabi-v7a/build/other_builds/hostpython3/desktop/hostpython3/Parser/tokenizer/string_tokenizer.c
gcc -c -fno-strict-overflow -Wsign-compare -Wunreachable-code -DNDEBUG -g -O3 -Wall    -std=c11 -Wextra -Wno-unused-parameter -Wno-missing-field-initializers -Wstrict-prototypes -Werror=implicit-function-declaration -fvisibility=hidden  -I/data/data/com.termux/files/home/markoss/.buildozer/android/platform/build-arm64-v8a_armeabi-v7a/build/other_builds/hostpython3/desktop/hostpython3/Include/internal -I/data/data/com.termux/files/home/markoss/.buildozer/android/platform/build-arm64-v8a_armeabi-v7a/build/other_builds/hostpython3/desktop/hostpython3/Include/internal/mimalloc -IObjects -IInclude -IPython -I. -I/data/data/com.termux/files/home/markoss/.buildozer/android/platform/build-arm64-v8a_armeabi-v7a/build/other_builds/hostpython3/desktop/hostpython3/Include    -DPy_BUILD_CORE -o Parser/tokenizer/utf8_tokenizer.o /data/data/com.termux/files/home/markoss/.buildozer/android/platform/build-arm64-v8a_armeabi-v7a/build/other_builds/hostpython3/desktop/hostpython3/Parser/tokenizer/utf8_tokenizer.c
gcc -c -fno-strict-overflow -Wsign-compare -Wunreachable-code -DNDEBUG -g -O3 -Wall    -std=c11 -Wextra -Wno-unused-parameter -Wno-missing-field-initializers -Wstrict-prototypes -Werror=implicit-function-declaration -fvisibility=hidden  -I/data/data/com.termux/files/home/markoss/.buildozer/android/platform/build-arm64-v8a_armeabi-v7a/build/other_builds/hostpython3/desktop/hostpython3/Include/internal -I/data/data/com.termux/files/home/markoss/.buildozer/android/platform/build-arm64-v8a_armeabi-v7a/build/other_builds/hostpython3/desktop/hostpython3/Include/internal/mimalloc -IObjects -IInclude -IPython -I. -I/data/data/com.termux/files/home/markoss/.buildozer/android/platform/build-arm64-v8a_armeabi-v7a/build/other_builds/hostpython3/desktop/hostpython3/Include    -DPy_BUILD_CORE -o Parser/tokenizer/helpers.o /data/data/com.termux/files/home/markoss/.buildozer/android/platform/build-arm64-v8a_armeabi-v7a/build/other_builds/hostpython3/desktop/hostpython3/Parser/tokenizer/helpers.c
gcc -c -fno-strict-overflow -Wsign-compare -Wunreachable-code -DNDEBUG -g -O3 -Wall    -std=c11 -Wextra -Wno-unused-parameter -Wno-missing-field-initializers -Wstrict-prototypes -Werror=implicit-function-declaration -fvisibility=hidden  -I/data/data/com.termux/files/home/markoss/.buildozer/android/platform/build-arm64-v8a_armeabi-v7a/build/other_builds/hostpython3/desktop/hostpython3/Include/internal -I/data/data/com.termux/files/home/markoss/.buildozer/android/platform/build-arm64-v8a_armeabi-v7a/build/other_builds/hostpython3/desktop/hostpython3/Include/internal/mimalloc -IObjects -IInclude -IPython -I. -I/data/data/com.termux/files/home/markoss/.buildozer/android/platform/build-arm64-v8a_armeabi-v7a/build/other_builds/hostpython3/desktop/hostpython3/Include    -DPy_BUILD_CORE -o Parser/myreadline.o /data/data/com.termux/files/home/markoss/.buildozer/android/platform/build-arm64-v8a_armeabi-v7a/build/other_builds/hostpython3/desktop/hostpython3/Parser/myreadline.c
gcc -c -fno-strict-overflow -Wsign-compare -Wunreachable-code -DNDEBUG -g -O3 -Wall    -std=c11 -Wextra -Wno-unused-parameter -Wno-missing-field-initializers -Wstrict-prototypes -Werror=implicit-function-declaration -fvisibility=hidden  -I/data/data/com.termux/files/home/markoss/.buildozer/android/platform/build-arm64-v8a_armeabi-v7a/build/other_builds/hostpython3/desktop/hostpython3/Include/internal -I/data/data/com.termux/files/home/markoss/.buildozer/android/platform/build-arm64-v8a_armeabi-v7a/build/other_builds/hostpython3/desktop/hostpython3/Include/internal/mimalloc -IObjects -IInclude -IPython -I. -I/data/data/com.termux/files/home/markoss/.buildozer/android/platform/build-arm64-v8a_armeabi-v7a/build/other_builds/hostpython3/desktop/hostpython3/Include    -DPy_BUILD_CORE -o Objects/abstract.o /data/data/com.termux/files/home/markoss/.buildozer/android/platform/build-arm64-v8a_armeabi-v7a/build/other_builds/hostpython3/desktop/hostpython3/Objects/abstract.c
gcc -c -fno-strict-overflow -Wsign-compare -Wunreachable-code -DNDEBUG -g -O3 -Wall    -std=c11 -Wextra -Wno-unused-parameter -Wno-missing-field-initializers -Wstrict-prototypes -Werror=implicit-function-declaration -fvisibility=hidden  -I/data/data/com.termux/files/home/markoss/.buildozer/android/platform/build-arm64-v8a_armeabi-v7a/build/other_builds/hostpython3/desktop/hostpython3/Include/internal -I/data/data/com.termux/files/home/markoss/.buildozer/android/platform/build-arm64-v8a_armeabi-v7a/build/other_builds/hostpython3/desktop/hostpython3/Include/internal/mimalloc -IObjects -IInclude -IPython -I. -I/data/data/com.termux/files/home/markoss/.buildozer/android/platform/build-arm64-v8a_armeabi-v7a/build/other_builds/hostpython3/desktop/hostpython3/Include    -DPy_BUILD_CORE -o Objects/boolobject.o /data/data/com.termux/files/home/markoss/.buildozer/android/platform/build-arm64-v8a_armeabi-v7a/build/other_builds/hostpython3/desktop/hostpython3/Objects/boolobject.c
gcc -c -fno-strict-overflow -Wsign-compare -Wunreachable-code -DNDEBUG -g -O3 -Wall    -std=c11 -Wextra -Wno-unused-parameter -Wno-missing-field-initializers -Wstrict-prototypes -Werror=implicit-function-declaration -fvisibility=hidden  -I/data/data/com.termux/files/home/markoss/.buildozer/android/platform/build-arm64-v8a_armeabi-v7a/build/other_builds/hostpython3/desktop/hostpython3/Include/internal -I/data/data/com.termux/files/home/markoss/.buildozer/android/platform/build-arm64-v8a_armeabi-v7a/build/other_builds/hostpython3/desktop/hostpython3/Include/internal/mimalloc -IObjects -IInclude -IPython -I. -I/data/data/com.termux/files/home/markoss/.buildozer/android/platform/build-arm64-v8a_armeabi-v7a/build/other_builds/hostpython3/desktop/hostpython3/Include    -DPy_BUILD_CORE -o Objects/bytes_methods.o /data/data/com.termux/files/home/markoss/.buildozer/android/platform/build-arm64-v8a_armeabi-v7a/build/other_builds/hostpython3/desktop/hostpython3/Objects/bytes_methods.c
gcc -c -fno-strict-overflow -Wsign-compare -Wunreachable-code -DNDEBUG -g -O3 -Wall    -std=c11 -Wextra -Wno-unused-parameter -Wno-missing-field-initializers -Wstrict-prototypes -Werror=implicit-function-declaration -fvisibility=hidden  -I/data/data/com.termux/files/home/markoss/.buildozer/android/platform/build-arm64-v8a_armeabi-v7a/build/other_builds/hostpython3/desktop/hostpython3/Include/internal -I/data/data/com.termux/files/home/markoss/.buildozer/android/platform/build-arm64-v8a_armeabi-v7a/build/other_builds/hostpython3/desktop/hostpython3/Include/internal/mimalloc -IObjects -IInclude -IPython -I. -I/data/data/com.termux/files/home/markoss/.buildozer/android/platform/build-arm64-v8a_armeabi-v7a/build/other_builds/hostpython3/desktop/hostpython3/Include    -DPy_BUILD_CORE -o Objects/bytearrayobject.o /data/data/com.termux/files/home/markoss/.buildozer/android/platform/build-arm64-v8a_armeabi-v7a/build/other_builds/hostpython3/desktop/hostpython3/Objects/bytearrayobject.c
gcc -c -fno-strict-overflow -Wsign-compare -Wunreachable-code -DNDEBUG -g -O3 -Wall    -std=c11 -Wextra -Wno-unused-parameter -Wno-missing-field-initializers -Wstrict-prototypes -Werror=implicit-function-declaration -fvisibility=hidden  -I/data/data/com.termux/files/home/markoss/.buildozer/android/platform/build-arm64-v8a_armeabi-v7a/build/other_builds/hostpython3/desktop/hostpython3/Include/internal -I/data/data/com.termux/files/home/markoss/.buildozer/android/platform/build-arm64-v8a_armeabi-v7a/build/other_builds/hostpython3/desktop/hostpython3/Include/internal/mimalloc -IObjects -IInclude -IPython -I. -I/data/data/com.termux/files/home/markoss/.buildozer/android/platform/build-arm64-v8a_armeabi-v7a/build/other_builds/hostpython3/desktop/hostpython3/Include    -DPy_BUILD_CORE -o Objects/bytesobject.o /data/data/com.termux/files/home/markoss/.buildozer/android/platform/build-arm64-v8a_armeabi-v7a/build/other_builds/hostpython3/desktop/hostpython3/Objects/bytesobject.c
gcc -c -fno-strict-overflow -Wsign-compare -Wunreachable-code -DNDEBUG -g -O3 -Wall    -std=c11 -Wextra -Wno-unused-parameter -Wno-missing-field-initializers -Wstrict-prototypes -Werror=implicit-function-declaration -fvisibility=hidden  -I/data/data/com.termux/files/home/markoss/.buildozer/android/platform/build-arm64-v8a_armeabi-v7a/build/other_builds/hostpython3/desktop/hostpython3/Include/internal -I/data/data/com.termux/files/home/markoss/.buildozer/android/platform/build-arm64-v8a_armeabi-v7a/build/other_builds/hostpython3/desktop/hostpython3/Include/internal/mimalloc -IObjects -IInclude -IPython -I. -I/data/data/com.termux/files/home/markoss/.buildozer/android/platform/build-arm64-v8a_armeabi-v7a/build/other_builds/hostpython3/desktop/hostpython3/Include    -DPy_BUILD_CORE -o Objects/call.o /data/data/com.termux/files/home/markoss/.buildozer/android/platform/build-arm64-v8a_armeabi-v7a/build/other_builds/hostpython3/desktop/hostpython3/Objects/call.c
gcc -c -fno-strict-overflow -Wsign-compare -Wunreachable-code -DNDEBUG -g -O3 -Wall    -std=c11 -Wextra -Wno-unused-parameter -Wno-missing-field-initializers -Wstrict-prototypes -Werror=implicit-function-declaration -fvisibility=hidden  -I/data/data/com.termux/files/home/markoss/.buildozer/android/platform/build-arm64-v8a_armeabi-v7a/build/other_builds/hostpython3/desktop/hostpython3/Include/internal -I/data/data/com.termux/files/home/markoss/.buildozer/android/platform/build-arm64-v8a_armeabi-v7a/build/other_builds/hostpython3/desktop/hostpython3/Include/internal/mimalloc -IObjects -IInclude -IPython -I. -I/data/data/com.termux/files/home/markoss/.buildozer/android/platform/build-arm64-v8a_armeabi-v7a/build/other_builds/hostpython3/desktop/hostpython3/Include    -DPy_BUILD_CORE -o Objects/capsule.o /data/data/com.termux/files/home/markoss/.buildozer/android/platform/build-arm64-v8a_armeabi-v7a/build/other_builds/hostpython3/desktop/hostpython3/Objects/capsule.c
gcc -c -fno-strict-overflow -Wsign-compare -Wunreachable-code -DNDEBUG -g -O3 -Wall    -std=c11 -Wextra -Wno-unused-parameter -Wno-missing-field-initializers -Wstrict-prototypes -Werror=implicit-function-declaration -fvisibility=hidden  -I/data/data/com.termux/files/home/markoss/.buildozer/android/platform/build-arm64-v8a_armeabi-v7a/build/other_builds/hostpython3/desktop/hostpython3/Include/internal -I/data/data/com.termux/files/home/markoss/.buildozer/android/platform/build-arm64-v8a_armeabi-v7a/build/other_builds/hostpython3/desktop/hostpython3/Include/internal/mimalloc -IObjects -IInclude -IPython -I. -I/data/data/com.termux/files/home/markoss/.buildozer/android/platform/build-arm64-v8a_armeabi-v7a/build/other_builds/hostpython3/desktop/hostpython3/Include    -DPy_BUILD_CORE -o Objects/cellobject.o /data/data/com.termux/files/home/markoss/.buildozer/android/platform/build-arm64-v8a_armeabi-v7a/build/other_builds/hostpython3/desktop/hostpython3/Objects/cellobject.c
gcc -c -fno-strict-overflow -Wsign-compare -Wunreachable-code -DNDEBUG -g -O3 -Wall    -std=c11 -Wextra -Wno-unused-parameter -Wno-missing-field-initializers -Wstrict-prototypes -Werror=implicit-function-declaration -fvisibility=hidden  -I/data/data/com.termux/files/home/markoss/.buildozer/android/platform/build-arm64-v8a_armeabi-v7a/build/other_builds/hostpython3/desktop/hostpython3/Include/internal -I/data/data/com.termux/files/home/markoss/.buildozer/android/platform/build-arm64-v8a_armeabi-v7a/build/other_builds/hostpython3/desktop/hostpython3/Include/internal/mimalloc -IObjects -IInclude -IPython -I. -I/data/data/com.termux/files/home/markoss/.buildozer/android/platform/build-arm64-v8a_armeabi-v7a/build/other_builds/hostpython3/desktop/hostpython3/Include    -DPy_BUILD_CORE -o Objects/classobject.o /data/data/com.termux/files/home/markoss/.buildozer/android/platform/build-arm64-v8a_armeabi-v7a/build/other_builds/hostpython3/desktop/hostpython3/Objects/classobject.c
gcc -c -fno-strict-overflow -Wsign-compare -Wunreachable-code -DNDEBUG -g -O3 -Wall    -std=c11 -Wextra -Wno-unused-parameter -Wno-missing-field-initializers -Wstrict-prototypes -Werror=implicit-function-declaration -fvisibility=hidden  -I/data/data/com.termux/files/home/markoss/.buildozer/android/platform/build-arm64-v8a_armeabi-v7a/build/other_builds/hostpython3/desktop/hostpython3/Include/internal -I/data/data/com.termux/files/home/markoss/.buildozer/android/platform/build-arm64-v8a_armeabi-v7a/build/other_builds/hostpython3/desktop/hostpython3/Include/internal/mimalloc -IObjects -IInclude -IPython -I. -I/data/data/com.termux/files/home/markoss/.buildozer/android/platform/build-arm64-v8a_armeabi-v7a/build/other_builds/hostpython3/desktop/hostpython3/Include    -DPy_BUILD_CORE -o Objects/codeobject.o /data/data/com.termux/files/home/markoss/.buildozer/android/platform/build-arm64-v8a_armeabi-v7a/build/other_builds/hostpython3/desktop/hostpython3/Objects/codeobject.c
gcc -c -fno-strict-overflow -Wsign-compare -Wunreachable-code -DNDEBUG -g -O3 -Wall    -std=c11 -Wextra -Wno-unused-parameter -Wno-missing-field-initializers -Wstrict-prototypes -Werror=implicit-function-declaration -fvisibility=hidden  -I/data/data/com.termux/files/home/markoss/.buildozer/android/platform/build-arm64-v8a_armeabi-v7a/build/other_builds/hostpython3/desktop/hostpython3/Include/internal -I/data/data/com.termux/files/home/markoss/.buildozer/android/platform/build-arm64-v8a_armeabi-v7a/build/other_builds/hostpython3/desktop/hostpython3/Include/internal/mimalloc -IObjects -IInclude -IPython -I. -I/data/data/com.termux/files/home/markoss/.buildozer/android/platform/build-arm64-v8a_armeabi-v7a/build/other_builds/hostpython3/desktop/hostpython3/Include    -DPy_BUILD_CORE -o Objects/complexobject.o /data/data/com.termux/files/home/markoss/.buildozer/android/platform/build-arm64-v8a_armeabi-v7a/build/other_builds/hostpython3/desktop/hostpython3/Objects/complexobject.c
gcc -c -fno-strict-overflow -Wsign-compare -Wunreachable-code -DNDEBUG -g -O3 -Wall    -std=c11 -Wextra -Wno-unused-parameter -Wno-missing-field-initializers -Wstrict-prototypes -Werror=implicit-function-declaration -fvisibility=hidden  -I/data/data/com.termux/files/home/markoss/.buildozer/android/platform/build-arm64-v8a_armeabi-v7a/build/other_builds/hostpython3/desktop/hostpython3/Include/internal -I/data/data/com.termux/files/home/markoss/.buildozer/android/platform/build-arm64-v8a_armeabi-v7a/build/other_builds/hostpython3/desktop/hostpython3/Include/internal/mimalloc -IObjects -IInclude -IPython -I. -I/data/data/com.termux/files/home/markoss/.buildozer/android/platform/build-arm64-v8a_armeabi-v7a/build/other_builds/hostpython3/desktop/hostpython3/Include    -DPy_BUILD_CORE -o Objects/descrobject.o /data/data/com.termux/files/home/markoss/.buildozer/android/platform/build-arm64-v8a_armeabi-v7a/build/other_builds/hostpython3/desktop/hostpython3/Objects/descrobject.c
gcc -c -fno-strict-overflow -Wsign-compare -Wunreachable-code -DNDEBUG -g -O3 -Wall    -std=c11 -Wextra -Wno-unused-parameter -Wno-missing-field-initializers -Wstrict-prototypes -Werror=implicit-function-declaration -fvisibility=hidden  -I/data/data/com.termux/files/home/markoss/.buildozer/android/platform/build-arm64-v8a_armeabi-v7a/build/other_builds/hostpython3/desktop/hostpython3/Include/internal -I/data/data/com.termux/files/home/markoss/.buildozer/android/platform/build-arm64-v8a_armeabi-v7a/build/other_builds/hostpython3/desktop/hostpython3/Include/internal/mimalloc -IObjects -IInclude -IPython -I. -I/data/data/com.termux/files/home/markoss/.buildozer/android/platform/build-arm64-v8a_armeabi-v7a/build/other_builds/hostpython3/desktop/hostpython3/Include    -DPy_BUILD_CORE -o Objects/enumobject.o /data/data/com.termux/files/home/markoss/.buildozer/android/platform/build-arm64-v8a_armeabi-v7a/build/other_builds/hostpython3/desktop/hostpython3/Objects/enumobject.c
gcc -c -fno-strict-overflow -Wsign-compare -Wunreachable-code -DNDEBUG -g -O3 -Wall    -std=c11 -Wextra -Wno-unused-parameter -Wno-missing-field-initializers -Wstrict-prototypes -Werror=implicit-function-declaration -fvisibility=hidden  -I/data/data/com.termux/files/home/markoss/.buildozer/android/platform/build-arm64-v8a_armeabi-v7a/build/other_builds/hostpython3/desktop/hostpython3/Include/internal -I/data/data/com.termux/files/home/markoss/.buildozer/android/platform/build-arm64-v8a_armeabi-v7a/build/other_builds/hostpython3/desktop/hostpython3/Include/internal/mimalloc -IObjects -IInclude -IPython -I. -I/data/data/com.termux/files/home/markoss/.buildozer/android/platform/build-arm64-v8a_armeabi-v7a/build/other_builds/hostpython3/desktop/hostpython3/Include    -DPy_BUILD_CORE -o Objects/exceptions.o /data/data/com.termux/files/home/markoss/.buildozer/android/platform/build-arm64-v8a_armeabi-v7a/build/other_builds/hostpython3/desktop/hostpython3/Objects/exceptions.c
gcc -c -fno-strict-overflow -Wsign-compare -Wunreachable-code -DNDEBUG -g -O3 -Wall    -std=c11 -Wextra -Wno-unused-parameter -Wno-missing-field-initializers -Wstrict-prototypes -Werror=implicit-function-declaration -fvisibility=hidden  -I/data/data/com.termux/files/home/markoss/.buildozer/android/platform/build-arm64-v8a_armeabi-v7a/build/other_builds/hostpython3/desktop/hostpython3/Include/internal -I/data/data/com.termux/files/home/markoss/.buildozer/android/platform/build-arm64-v8a_armeabi-v7a/build/other_builds/hostpython3/desktop/hostpython3/Include/internal/mimalloc -IObjects -IInclude -IPython -I. -I/data/data/com.termux/files/home/markoss/.buildozer/android/platform/build-arm64-v8a_armeabi-v7a/build/other_builds/hostpython3/desktop/hostpython3/Include    -DPy_BUILD_CORE -o Objects/genericaliasobject.o /data/data/com.termux/files/home/markoss/.buildozer/android/platform/build-arm64-v8a_armeabi-v7a/build/other_builds/hostpython3/desktop/hostpython3/Objects/genericaliasobject.c
gcc -c -fno-strict-overflow -Wsign-compare -Wunreachable-code -DNDEBUG -g -O3 -Wall    -std=c11 -Wextra -Wno-unused-parameter -Wno-missing-field-initializers -Wstrict-prototypes -Werror=implicit-function-declaration -fvisibility=hidden  -I/data/data/com.termux/files/home/markoss/.buildozer/android/platform/build-arm64-v8a_armeabi-v7a/build/other_builds/hostpython3/desktop/hostpython3/Include/internal -I/data/data/com.termux/files/home/markoss/.buildozer/android/platform/build-arm64-v8a_armeabi-v7a/build/other_builds/hostpython3/desktop/hostpython3/Include/internal/mimalloc -IObjects -IInclude -IPython -I. -I/data/data/com.termux/files/home/markoss/.buildozer/android/platform/build-arm64-v8a_armeabi-v7a/build/other_builds/hostpython3/desktop/hostpython3/Include    -DPy_BUILD_CORE -o Objects/genobject.o /data/data/com.termux/files/home/markoss/.buildozer/android/platform/build-arm64-v8a_armeabi-v7a/build/other_builds/hostpython3/desktop/hostpython3/Objects/genobject.c
gcc -c -fno-strict-overflow -Wsign-compare -Wunreachable-code -DNDEBUG -g -O3 -Wall    -std=c11 -Wextra -Wno-unused-parameter -Wno-missing-field-initializers -Wstrict-prototypes -Werror=implicit-function-declaration -fvisibility=hidden  -I/data/data/com.termux/files/home/markoss/.buildozer/android/platform/build-arm64-v8a_armeabi-v7a/build/other_builds/hostpython3/desktop/hostpython3/Include/internal -I/data/data/com.termux/files/home/markoss/.buildozer/android/platform/build-arm64-v8a_armeabi-v7a/build/other_builds/hostpython3/desktop/hostpython3/Include/internal/mimalloc -IObjects -IInclude -IPython -I. -I/data/data/com.termux/files/home/markoss/.buildozer/android/platform/build-arm64-v8a_armeabi-v7a/build/other_builds/hostpython3/desktop/hostpython3/Include    -DPy_BUILD_CORE -o Objects/fileobject.o /data/data/com.termux/files/home/markoss/.buildozer/android/platform/build-arm64-v8a_armeabi-v7a/build/other_builds/hostpython3/desktop/hostpython3/Objects/fileobject.c
gcc -c -fno-strict-overflow -Wsign-compare -Wunreachable-code -DNDEBUG -g -O3 -Wall    -std=c11 -Wextra -Wno-unused-parameter -Wno-missing-field-initializers -Wstrict-prototypes -Werror=implicit-function-declaration -fvisibility=hidden  -I/data/data/com.termux/files/home/markoss/.buildozer/android/platform/build-arm64-v8a_armeabi-v7a/build/other_builds/hostpython3/desktop/hostpython3/Include/internal -I/data/data/com.termux/files/home/markoss/.buildozer/android/platform/build-arm64-v8a_armeabi-v7a/build/other_builds/hostpython3/desktop/hostpython3/Include/internal/mimalloc -IObjects -IInclude -IPython -I. -I/data/data/com.termux/files/home/markoss/.buildozer/android/platform/build-arm64-v8a_armeabi-v7a/build/other_builds/hostpython3/desktop/hostpython3/Include    -DPy_BUILD_CORE -o Objects/floatobject.o /data/data/com.termux/files/home/markoss/.buildozer/android/platform/build-arm64-v8a_armeabi-v7a/build/other_builds/hostpython3/desktop/hostpython3/Objects/floatobject.c
gcc -c -fno-strict-overflow -Wsign-compare -Wunreachable-code -DNDEBUG -g -O3 -Wall    -std=c11 -Wextra -Wno-unused-parameter -Wno-missing-field-initializers -Wstrict-prototypes -Werror=implicit-function-declaration -fvisibility=hidden  -I/data/data/com.termux/files/home/markoss/.buildozer/android/platform/build-arm64-v8a_armeabi-v7a/build/other_builds/hostpython3/desktop/hostpython3/Include/internal -I/data/data/com.termux/files/home/markoss/.buildozer/android/platform/build-arm64-v8a_armeabi-v7a/build/other_builds/hostpython3/desktop/hostpython3/Include/internal/mimalloc -IObjects -IInclude -IPython -I. -I/data/data/com.termux/files/home/markoss/.buildozer/android/platform/build-arm64-v8a_armeabi-v7a/build/other_builds/hostpython3/desktop/hostpython3/Include    -DPy_BUILD_CORE -o Objects/frameobject.o /data/data/com.termux/files/home/markoss/.buildozer/android/platform/build-arm64-v8a_armeabi-v7a/build/other_builds/hostpython3/desktop/hostpython3/Objects/frameobject.c
gcc -c -fno-strict-overflow -Wsign-compare -Wunreachable-code -DNDEBUG -g -O3 -Wall    -std=c11 -Wextra -Wno-unused-parameter -Wno-missing-field-initializers -Wstrict-prototypes -Werror=implicit-function-declaration -fvisibility=hidden  -I/data/data/com.termux/files/home/markoss/.buildozer/android/platform/build-arm64-v8a_armeabi-v7a/build/other_builds/hostpython3/desktop/hostpython3/Include/internal -I/data/data/com.termux/files/home/markoss/.buildozer/android/platform/build-arm64-v8a_armeabi-v7a/build/other_builds/hostpython3/desktop/hostpython3/Include/internal/mimalloc -IObjects -IInclude -IPython -I. -I/data/data/com.termux/files/home/markoss/.buildozer/android/platform/build-arm64-v8a_armeabi-v7a/build/other_builds/hostpython3/desktop/hostpython3/Include    -DPy_BUILD_CORE -o Objects/funcobject.o /data/data/com.termux/files/home/markoss/.buildozer/android/platform/build-arm64-v8a_armeabi-v7a/build/other_builds/hostpython3/desktop/hostpython3/Objects/funcobject.c
gcc -c -fno-strict-overflow -Wsign-compare -Wunreachable-code -DNDEBUG -g -O3 -Wall    -std=c11 -Wextra -Wno-unused-parameter -Wno-missing-field-initializers -Wstrict-prototypes -Werror=implicit-function-declaration -fvisibility=hidden  -I/data/data/com.termux/files/home/markoss/.buildozer/android/platform/build-arm64-v8a_armeabi-v7a/build/other_builds/hostpython3/desktop/hostpython3/Include/internal -I/data/data/com.termux/files/home/markoss/.buildozer/android/platform/build-arm64-v8a_armeabi-v7a/build/other_builds/hostpython3/desktop/hostpython3/Include/internal/mimalloc -IObjects -IInclude -IPython -I. -I/data/data/com.termux/files/home/markoss/.buildozer/android/platform/build-arm64-v8a_armeabi-v7a/build/other_builds/hostpython3/desktop/hostpython3/Include    -DPy_BUILD_CORE -o Objects/interpolationobject.o /data/data/com.termux/files/home/markoss/.buildozer/android/platform/build-arm64-v8a_armeabi-v7a/build/other_builds/hostpython3/desktop/hostpython3/Objects/interpolationobject.c
gcc -c -fno-strict-overflow -Wsign-compare -Wunreachable-code -DNDEBUG -g -O3 -Wall    -std=c11 -Wextra -Wno-unused-parameter -Wno-missing-field-initializers -Wstrict-prototypes -Werror=implicit-function-declaration -fvisibility=hidden  -I/data/data/com.termux/files/home/markoss/.buildozer/android/platform/build-arm64-v8a_armeabi-v7a/build/other_builds/hostpython3/desktop/hostpython3/Include/internal -I/data/data/com.termux/files/home/markoss/.buildozer/android/platform/build-arm64-v8a_armeabi-v7a/build/other_builds/hostpython3/desktop/hostpython3/Include/internal/mimalloc -IObjects -IInclude -IPython -I. -I/data/data/com.termux/files/home/markoss/.buildozer/android/platform/build-arm64-v8a_armeabi-v7a/build/other_builds/hostpython3/desktop/hostpython3/Include    -DPy_BUILD_CORE -o Objects/iterobject.o /data/data/com.termux/files/home/markoss/.buildozer/android/platform/build-arm64-v8a_armeabi-v7a/build/other_builds/hostpython3/desktop/hostpython3/Objects/iterobject.c
gcc -c -fno-strict-overflow -Wsign-compare -Wunreachable-code -DNDEBUG -g -O3 -Wall    -std=c11 -Wextra -Wno-unused-parameter -Wno-missing-field-initializers -Wstrict-prototypes -Werror=implicit-function-declaration -fvisibility=hidden  -I/data/data/com.termux/files/home/markoss/.buildozer/android/platform/build-arm64-v8a_armeabi-v7a/build/other_builds/hostpython3/desktop/hostpython3/Include/internal -I/data/data/com.termux/files/home/markoss/.buildozer/android/platform/build-arm64-v8a_armeabi-v7a/build/other_builds/hostpython3/desktop/hostpython3/Include/internal/mimalloc -IObjects -IInclude -IPython -I. -I/data/data/com.termux/files/home/markoss/.buildozer/android/platform/build-arm64-v8a_armeabi-v7a/build/other_builds/hostpython3/desktop/hostpython3/Include    -DPy_BUILD_CORE -o Objects/listobject.o /data/data/com.termux/files/home/markoss/.buildozer/android/platform/build-arm64-v8a_armeabi-v7a/build/other_builds/hostpython3/desktop/hostpython3/Objects/listobject.c
gcc -c -fno-strict-overflow -Wsign-compare -Wunreachable-code -DNDEBUG -g -O3 -Wall    -std=c11 -Wextra -Wno-unused-parameter -Wno-missing-field-initializers -Wstrict-prototypes -Werror=implicit-function-declaration -fvisibility=hidden  -I/data/data/com.termux/files/home/markoss/.buildozer/android/platform/build-arm64-v8a_armeabi-v7a/build/other_builds/hostpython3/desktop/hostpython3/Include/internal -I/data/data/com.termux/files/home/markoss/.buildozer/android/platform/build-arm64-v8a_armeabi-v7a/build/other_builds/hostpython3/desktop/hostpython3/Include/internal/mimalloc -IObjects -IInclude -IPython -I. -I/data/data/com.termux/files/home/markoss/.buildozer/android/platform/build-arm64-v8a_armeabi-v7a/build/other_builds/hostpython3/desktop/hostpython3/Include    -DPy_BUILD_CORE -o Objects/longobject.o /data/data/com.termux/files/home/markoss/.buildozer/android/platform/build-arm64-v8a_armeabi-v7a/build/other_builds/hostpython3/desktop/hostpython3/Objects/longobject.c
gcc -c -fno-strict-overflow -Wsign-compare -Wunreachable-code -DNDEBUG -g -O3 -Wall    -std=c11 -Wextra -Wno-unused-parameter -Wno-missing-field-initializers -Wstrict-prototypes -Werror=implicit-function-declaration -fvisibility=hidden  -I/data/data/com.termux/files/home/markoss/.buildozer/android/platform/build-arm64-v8a_armeabi-v7a/build/other_builds/hostpython3/desktop/hostpython3/Include/internal -I/data/data/com.termux/files/home/markoss/.buildozer/android/platform/build-arm64-v8a_armeabi-v7a/build/other_builds/hostpython3/desktop/hostpython3/Include/internal/mimalloc -IObjects -IInclude -IPython -I. -I/data/data/com.termux/files/home/markoss/.buildozer/android/platform/build-arm64-v8a_armeabi-v7a/build/other_builds/hostpython3/desktop/hostpython3/Include    -DPy_BUILD_CORE -o Objects/dictobject.o /data/data/com.termux/files/home/markoss/.buildozer/android/platform/build-arm64-v8a_armeabi-v7a/build/other_builds/hostpython3/desktop/hostpython3/Objects/dictobject.c
gcc -c -fno-strict-overflow -Wsign-compare -Wunreachable-code -DNDEBUG -g -O3 -Wall    -std=c11 -Wextra -Wno-unused-parameter -Wno-missing-field-initializers -Wstrict-prototypes -Werror=implicit-function-declaration -fvisibility=hidden  -I/data/data/com.termux/files/home/markoss/.buildozer/android/platform/build-arm64-v8a_armeabi-v7a/build/other_builds/hostpython3/desktop/hostpython3/Include/internal -I/data/data/com.termux/files/home/markoss/.buildozer/android/platform/build-arm64-v8a_armeabi-v7a/build/other_builds/hostpython3/desktop/hostpython3/Include/internal/mimalloc -IObjects -IInclude -IPython -I. -I/data/data/com.termux/files/home/markoss/.buildozer/android/platform/build-arm64-v8a_armeabi-v7a/build/other_builds/hostpython3/desktop/hostpython3/Include    -DPy_BUILD_CORE -o Objects/odictobject.o /data/data/com.termux/files/home/markoss/.buildozer/android/platform/build-arm64-v8a_armeabi-v7a/build/other_builds/hostpython3/desktop/hostpython3/Objects/odictobject.c
gcc -c -fno-strict-overflow -Wsign-compare -Wunreachable-code -DNDEBUG -g -O3 -Wall    -std=c11 -Wextra -Wno-unused-parameter -Wno-missing-field-initializers -Wstrict-prototypes -Werror=implicit-function-declaration -fvisibility=hidden  -I/data/data/com.termux/files/home/markoss/.buildozer/android/platform/build-arm64-v8a_armeabi-v7a/build/other_builds/hostpython3/desktop/hostpython3/Include/internal -I/data/data/com.termux/files/home/markoss/.buildozer/android/platform/build-arm64-v8a_armeabi-v7a/build/other_builds/hostpython3/desktop/hostpython3/Include/internal/mimalloc -IObjects -IInclude -IPython -I. -I/data/data/com.termux/files/home/markoss/.buildozer/android/platform/build-arm64-v8a_armeabi-v7a/build/other_builds/hostpython3/desktop/hostpython3/Include    -DPy_BUILD_CORE -o Objects/memoryobject.o /data/data/com.termux/files/home/markoss/.buildozer/android/platform/build-arm64-v8a_armeabi-v7a/build/other_builds/hostpython3/desktop/hostpython3/Objects/memoryobject.c
gcc -c -fno-strict-overflow -Wsign-compare -Wunreachable-code -DNDEBUG -g -O3 -Wall    -std=c11 -Wextra -Wno-unused-parameter -Wno-missing-field-initializers -Wstrict-prototypes -Werror=implicit-function-declaration -fvisibility=hidden  -I/data/data/com.termux/files/home/markoss/.buildozer/android/platform/build-arm64-v8a_armeabi-v7a/build/other_builds/hostpython3/desktop/hostpython3/Include/internal -I/data/data/com.termux/files/home/markoss/.buildozer/android/platform/build-arm64-v8a_armeabi-v7a/build/other_builds/hostpython3/desktop/hostpython3/Include/internal/mimalloc -IObjects -IInclude -IPython -I. -I/data/data/com.termux/files/home/markoss/.buildozer/android/platform/build-arm64-v8a_armeabi-v7a/build/other_builds/hostpython3/desktop/hostpython3/Include    -DPy_BUILD_CORE -o Objects/methodobject.o /data/data/com.termux/files/home/markoss/.buildozer/android/platform/build-arm64-v8a_armeabi-v7a/build/other_builds/hostpython3/desktop/hostpython3/Objects/methodobject.c
gcc -c -fno-strict-overflow -Wsign-compare -Wunreachable-code -DNDEBUG -g -O3 -Wall    -std=c11 -Wextra -Wno-unused-parameter -Wno-missing-field-initializers -Wstrict-prototypes -Werror=implicit-function-declaration -fvisibility=hidden  -I/data/data/com.termux/files/home/markoss/.buildozer/android/platform/build-arm64-v8a_armeabi-v7a/build/other_builds/hostpython3/desktop/hostpython3/Include/internal -I/data/data/com.termux/files/home/markoss/.buildozer/android/platform/build-arm64-v8a_armeabi-v7a/build/other_builds/hostpython3/desktop/hostpython3/Include/internal/mimalloc -IObjects -IInclude -IPython -I. -I/data/data/com.termux/files/home/markoss/.buildozer/android/platform/build-arm64-v8a_armeabi-v7a/build/other_builds/hostpython3/desktop/hostpython3/Include    -DPy_BUILD_CORE -o Objects/moduleobject.o /data/data/com.termux/files/home/markoss/.buildozer/android/platform/build-arm64-v8a_armeabi-v7a/build/other_builds/hostpython3/desktop/hostpython3/Objects/moduleobject.c
gcc -c -fno-strict-overflow -Wsign-compare -Wunreachable-code -DNDEBUG -g -O3 -Wall    -std=c11 -Wextra -Wno-unused-parameter -Wno-missing-field-initializers -Wstrict-prototypes -Werror=implicit-function-declaration -fvisibility=hidden  -I/data/data/com.termux/files/home/markoss/.buildozer/android/platform/build-arm64-v8a_armeabi-v7a/build/other_builds/hostpython3/desktop/hostpython3/Include/internal -I/data/data/com.termux/files/home/markoss/.buildozer/android/platform/build-arm64-v8a_armeabi-v7a/build/other_builds/hostpython3/desktop/hostpython3/Include/internal/mimalloc -IObjects -IInclude -IPython -I. -I/data/data/com.termux/files/home/markoss/.buildozer/android/platform/build-arm64-v8a_armeabi-v7a/build/other_builds/hostpython3/desktop/hostpython3/Include    -DPy_BUILD_CORE -o Objects/namespaceobject.o /data/data/com.termux/files/home/markoss/.buildozer/android/platform/build-arm64-v8a_armeabi-v7a/build/other_builds/hostpython3/desktop/hostpython3/Objects/namespaceobject.c
gcc -c -fno-strict-overflow -Wsign-compare -Wunreachable-code -DNDEBUG -g -O3 -Wall    -std=c11 -Wextra -Wno-unused-parameter -Wno-missing-field-initializers -Wstrict-prototypes -Werror=implicit-function-declaration -fvisibility=hidden  -I/data/data/com.termux/files/home/markoss/.buildozer/android/platform/build-arm64-v8a_armeabi-v7a/build/other_builds/hostpython3/desktop/hostpython3/Include/internal -I/data/data/com.termux/files/home/markoss/.buildozer/android/platform/build-arm64-v8a_armeabi-v7a/build/other_builds/hostpython3/desktop/hostpython3/Include/internal/mimalloc -IObjects -IInclude -IPython -I. -I/data/data/com.termux/files/home/markoss/.buildozer/android/platform/build-arm64-v8a_armeabi-v7a/build/other_builds/hostpython3/desktop/hostpython3/Include    -DPy_BUILD_CORE -o Objects/object.o /data/data/com.termux/files/home/markoss/.buildozer/android/platform/build-arm64-v8a_armeabi-v7a/build/other_builds/hostpython3/desktop/hostpython3/Objects/object.c
gcc -c -fno-strict-overflow -Wsign-compare -Wunreachable-code -DNDEBUG -g -O3 -Wall    -std=c11 -Wextra -Wno-unused-parameter -Wno-missing-field-initializers -Wstrict-prototypes -Werror=implicit-function-declaration -fvisibility=hidden  -I/data/data/com.termux/files/home/markoss/.buildozer/android/platform/build-arm64-v8a_armeabi-v7a/build/other_builds/hostpython3/desktop/hostpython3/Include/internal -I/data/data/com.termux/files/home/markoss/.buildozer/android/platform/build-arm64-v8a_armeabi-v7a/build/other_builds/hostpython3/desktop/hostpython3/Include/internal/mimalloc -IObjects -IInclude -IPython -I. -I/data/data/com.termux/files/home/markoss/.buildozer/android/platform/build-arm64-v8a_armeabi-v7a/build/other_builds/hostpython3/desktop/hostpython3/Include    -DPy_BUILD_CORE -o Objects/obmalloc.o /data/data/com.termux/files/home/markoss/.buildozer/android/platform/build-arm64-v8a_armeabi-v7a/build/other_builds/hostpython3/desktop/hostpython3/Objects/obmalloc.c
gcc -c -fno-strict-overflow -Wsign-compare -Wunreachable-code -DNDEBUG -g -O3 -Wall    -std=c11 -Wextra -Wno-unused-parameter -Wno-missing-field-initializers -Wstrict-prototypes -Werror=implicit-function-declaration -fvisibility=hidden  -I/data/data/com.termux/files/home/markoss/.buildozer/android/platform/build-arm64-v8a_armeabi-v7a/build/other_builds/hostpython3/desktop/hostpython3/Include/internal -I/data/data/com.termux/files/home/markoss/.buildozer/android/platform/build-arm64-v8a_armeabi-v7a/build/other_builds/hostpython3/desktop/hostpython3/Include/internal/mimalloc -IObjects -IInclude -IPython -I. -I/data/data/com.termux/files/home/markoss/.buildozer/android/platform/build-arm64-v8a_armeabi-v7a/build/other_builds/hostpython3/desktop/hostpython3/Include    -DPy_BUILD_CORE -o Objects/picklebufobject.o /data/data/com.termux/files/home/markoss/.buildozer/android/platform/build-arm64-v8a_armeabi-v7a/build/other_builds/hostpython3/desktop/hostpython3/Objects/picklebufobject.c
gcc -c -fno-strict-overflow -Wsign-compare -Wunreachable-code -DNDEBUG -g -O3 -Wall    -std=c11 -Wextra -Wno-unused-parameter -Wno-missing-field-initializers -Wstrict-prototypes -Werror=implicit-function-declaration -fvisibility=hidden  -I/data/data/com.termux/files/home/markoss/.buildozer/android/platform/build-arm64-v8a_armeabi-v7a/build/other_builds/hostpython3/desktop/hostpython3/Include/internal -I/data/data/com.termux/files/home/markoss/.buildozer/android/platform/build-arm64-v8a_armeabi-v7a/build/other_builds/hostpython3/desktop/hostpython3/Include/internal/mimalloc -IObjects -IInclude -IPython -I. -I/data/data/com.termux/files/home/markoss/.buildozer/android/platform/build-arm64-v8a_armeabi-v7a/build/other_builds/hostpython3/desktop/hostpython3/Include    -DPy_BUILD_CORE -o Objects/rangeobject.o /data/data/com.termux/files/home/markoss/.buildozer/android/platform/build-arm64-v8a_armeabi-v7a/build/other_builds/hostpython3/desktop/hostpython3/Objects/rangeobject.c
gcc -c -fno-strict-overflow -Wsign-compare -Wunreachable-code -DNDEBUG -g -O3 -Wall    -std=c11 -Wextra -Wno-unused-parameter -Wno-missing-field-initializers -Wstrict-prototypes -Werror=implicit-function-declaration -fvisibility=hidden  -I/data/data/com.termux/files/home/markoss/.buildozer/android/platform/build-arm64-v8a_armeabi-v7a/build/other_builds/hostpython3/desktop/hostpython3/Include/internal -I/data/data/com.termux/files/home/markoss/.buildozer/android/platform/build-arm64-v8a_armeabi-v7a/build/other_builds/hostpython3/desktop/hostpython3/Include/internal/mimalloc -IObjects -IInclude -IPython -I. -I/data/data/com.termux/files/home/markoss/.buildozer/android/platform/build-arm64-v8a_armeabi-v7a/build/other_builds/hostpython3/desktop/hostpython3/Include    -DPy_BUILD_CORE -o Objects/setobject.o /data/data/com.termux/files/home/markoss/.buildozer/android/platform/build-arm64-v8a_armeabi-v7a/build/other_builds/hostpython3/desktop/hostpython3/Objects/setobject.c
gcc -c -fno-strict-overflow -Wsign-compare -Wunreachable-code -DNDEBUG -g -O3 -Wall    -std=c11 -Wextra -Wno-unused-parameter -Wno-missing-field-initializers -Wstrict-prototypes -Werror=implicit-function-declaration -fvisibility=hidden  -I/data/data/com.termux/files/home/markoss/.buildozer/android/platform/build-arm64-v8a_armeabi-v7a/build/other_builds/hostpython3/desktop/hostpython3/Include/internal -I/data/data/com.termux/files/home/markoss/.buildozer/android/platform/build-arm64-v8a_armeabi-v7a/build/other_builds/hostpython3/desktop/hostpython3/Include/internal/mimalloc -IObjects -IInclude -IPython -I. -I/data/data/com.termux/files/home/markoss/.buildozer/android/platform/build-arm64-v8a_armeabi-v7a/build/other_builds/hostpython3/desktop/hostpython3/Include    -DPy_BUILD_CORE -o Objects/sliceobject.o /data/data/com.termux/files/home/markoss/.buildozer/android/platform/build-arm64-v8a_armeabi-v7a/build/other_builds/hostpython3/desktop/hostpython3/Objects/sliceobject.c
gcc -c -fno-strict-overflow -Wsign-compare -Wunreachable-code -DNDEBUG -g -O3 -Wall    -std=c11 -Wextra -Wno-unused-parameter -Wno-missing-field-initializers -Wstrict-prototypes -Werror=implicit-function-declaration -fvisibility=hidden  -I/data/data/com.termux/files/home/markoss/.buildozer/android/platform/build-arm64-v8a_armeabi-v7a/build/other_builds/hostpython3/desktop/hostpython3/Include/internal -I/data/data/com.termux/files/home/markoss/.buildozer/android/platform/build-arm64-v8a_armeabi-v7a/build/other_builds/hostpython3/desktop/hostpython3/Include/internal/mimalloc -IObjects -IInclude -IPython -I. -I/data/data/com.termux/files/home/markoss/.buildozer/android/platform/build-arm64-v8a_armeabi-v7a/build/other_builds/hostpython3/desktop/hostpython3/Include    -DPy_BUILD_CORE -o Objects/structseq.o /data/data/com.termux/files/home/markoss/.buildozer/android/platform/build-arm64-v8a_armeabi-v7a/build/other_builds/hostpython3/desktop/hostpython3/Objects/structseq.c
gcc -c -fno-strict-overflow -Wsign-compare -Wunreachable-code -DNDEBUG -g -O3 -Wall    -std=c11 -Wextra -Wno-unused-parameter -Wno-missing-field-initializers -Wstrict-prototypes -Werror=implicit-function-declaration -fvisibility=hidden  -I/data/data/com.termux/files/home/markoss/.buildozer/android/platform/build-arm64-v8a_armeabi-v7a/build/other_builds/hostpython3/desktop/hostpython3/Include/internal -I/data/data/com.termux/files/home/markoss/.buildozer/android/platform/build-arm64-v8a_armeabi-v7a/build/other_builds/hostpython3/desktop/hostpython3/Include/internal/mimalloc -IObjects -IInclude -IPython -I. -I/data/data/com.termux/files/home/markoss/.buildozer/android/platform/build-arm64-v8a_armeabi-v7a/build/other_builds/hostpython3/desktop/hostpython3/Include    -DPy_BUILD_CORE -o Objects/templateobject.o /data/data/com.termux/files/home/markoss/.buildozer/android/platform/build-arm64-v8a_armeabi-v7a/build/other_builds/hostpython3/desktop/hostpython3/Objects/templateobject.c
gcc -c -fno-strict-overflow -Wsign-compare -Wunreachable-code -DNDEBUG -g -O3 -Wall    -std=c11 -Wextra -Wno-unused-parameter -Wno-missing-field-initializers -Wstrict-prototypes -Werror=implicit-function-declaration -fvisibility=hidden  -I/data/data/com.termux/files/home/markoss/.buildozer/android/platform/build-arm64-v8a_armeabi-v7a/build/other_builds/hostpython3/desktop/hostpython3/Include/internal -I/data/data/com.termux/files/home/markoss/.buildozer/android/platform/build-arm64-v8a_armeabi-v7a/build/other_builds/hostpython3/desktop/hostpython3/Include/internal/mimalloc -IObjects -IInclude -IPython -I. -I/data/data/com.termux/files/home/markoss/.buildozer/android/platform/build-arm64-v8a_armeabi-v7a/build/other_builds/hostpython3/desktop/hostpython3/Include    -DPy_BUILD_CORE -o Objects/tupleobject.o /data/data/com.termux/files/home/markoss/.buildozer/android/platform/build-arm64-v8a_armeabi-v7a/build/other_builds/hostpython3/desktop/hostpython3/Objects/tupleobject.c
gcc -c -fno-strict-overflow -Wsign-compare -Wunreachable-code -DNDEBUG -g -O3 -Wall    -std=c11 -Wextra -Wno-unused-parameter -Wno-missing-field-initializers -Wstrict-prototypes -Werror=implicit-function-declaration -fvisibility=hidden  -I/data/data/com.termux/files/home/markoss/.buildozer/android/platform/build-arm64-v8a_armeabi-v7a/build/other_builds/hostpython3/desktop/hostpython3/Include/internal -I/data/data/com.termux/files/home/markoss/.buildozer/android/platform/build-arm64-v8a_armeabi-v7a/build/other_builds/hostpython3/desktop/hostpython3/Include/internal/mimalloc -IObjects -IInclude -IPython -I. -I/data/data/com.termux/files/home/markoss/.buildozer/android/platform/build-arm64-v8a_armeabi-v7a/build/other_builds/hostpython3/desktop/hostpython3/Include    -DPy_BUILD_CORE -o Objects/typeobject.o /data/data/com.termux/files/home/markoss/.buildozer/android/platform/build-arm64-v8a_armeabi-v7a/build/other_builds/hostpython3/desktop/hostpython3/Objects/typeobject.c
gcc -c -fno-strict-overflow -Wsign-compare -Wunreachable-code -DNDEBUG -g -O3 -Wall    -std=c11 -Wextra -Wno-unused-parameter -Wno-missing-field-initializers -Wstrict-prototypes -Werror=implicit-function-declaration -fvisibility=hidden  -I/data/data/com.termux/files/home/markoss/.buildozer/android/platform/build-arm64-v8a_armeabi-v7a/build/other_builds/hostpython3/desktop/hostpython3/Include/internal -I/data/data/com.termux/files/home/markoss/.buildozer/android/platform/build-arm64-v8a_armeabi-v7a/build/other_builds/hostpython3/desktop/hostpython3/Include/internal/mimalloc -IObjects -IInclude -IPython -I. -I/data/data/com.termux/files/home/markoss/.buildozer/android/platform/build-arm64-v8a_armeabi-v7a/build/other_builds/hostpython3/desktop/hostpython3/Include    -DPy_BUILD_CORE -o Objects/typevarobject.o /data/data/com.termux/files/home/markoss/.buildozer/android/platform/build-arm64-v8a_armeabi-v7a/build/other_builds/hostpython3/desktop/hostpython3/Objects/typevarobject.c
gcc -c -fno-strict-overflow -Wsign-compare -Wunreachable-code -DNDEBUG -g -O3 -Wall    -std=c11 -Wextra -Wno-unused-parameter -Wno-missing-field-initializers -Wstrict-prototypes -Werror=implicit-function-declaration -fvisibility=hidden  -I/data/data/com.termux/files/home/markoss/.buildozer/android/platform/build-arm64-v8a_armeabi-v7a/build/other_builds/hostpython3/desktop/hostpython3/Include/internal -I/data/data/com.termux/files/home/markoss/.buildozer/android/platform/build-arm64-v8a_armeabi-v7a/build/other_builds/hostpython3/desktop/hostpython3/Include/internal/mimalloc -IObjects -IInclude -IPython -I. -I/data/data/com.termux/files/home/markoss/.buildozer/android/platform/build-arm64-v8a_armeabi-v7a/build/other_builds/hostpython3/desktop/hostpython3/Include    -DPy_BUILD_CORE -o Objects/unicodeobject.o /data/data/com.termux/files/home/markoss/.buildozer/android/platform/build-arm64-v8a_armeabi-v7a/build/other_builds/hostpython3/desktop/hostpython3/Objects/unicodeobject.c
gcc -c -fno-strict-overflow -Wsign-compare -Wunreachable-code -DNDEBUG -g -O3 -Wall    -std=c11 -Wextra -Wno-unused-parameter -Wno-missing-field-initializers -Wstrict-prototypes -Werror=implicit-function-declaration -fvisibility=hidden  -I/data/data/com.termux/files/home/markoss/.buildozer/android/platform/build-arm64-v8a_armeabi-v7a/build/other_builds/hostpython3/desktop/hostpython3/Include/internal -I/data/data/com.termux/files/home/markoss/.buildozer/android/platform/build-arm64-v8a_armeabi-v7a/build/other_builds/hostpython3/desktop/hostpython3/Include/internal/mimalloc -IObjects -IInclude -IPython -I. -I/data/data/com.termux/files/home/markoss/.buildozer/android/platform/build-arm64-v8a_armeabi-v7a/build/other_builds/hostpython3/desktop/hostpython3/Include    -DPy_BUILD_CORE -o Objects/unicodectype.o /data/data/com.termux/files/home/markoss/.buildozer/android/platform/build-arm64-v8a_armeabi-v7a/build/other_builds/hostpython3/desktop/hostpython3/Objects/unicodectype.c
gcc -c -fno-strict-overflow -Wsign-compare -Wunreachable-code -DNDEBUG -g -O3 -Wall    -std=c11 -Wextra -Wno-unused-parameter -Wno-missing-field-initializers -Wstrict-prototypes -Werror=implicit-function-declaration -fvisibility=hidden  -I/data/data/com.termux/files/home/markoss/.buildozer/android/platform/build-arm64-v8a_armeabi-v7a/build/other_builds/hostpython3/desktop/hostpython3/Include/internal -I/data/data/com.termux/files/home/markoss/.buildozer/android/platform/build-arm64-v8a_armeabi-v7a/build/other_builds/hostpython3/desktop/hostpython3/Include/internal/mimalloc -IObjects -IInclude -IPython -I. -I/data/data/com.termux/files/home/markoss/.buildozer/android/platform/build-arm64-v8a_armeabi-v7a/build/other_builds/hostpython3/desktop/hostpython3/Include    -DPy_BUILD_CORE -o Objects/unionobject.o /data/data/com.termux/files/home/markoss/.buildozer/android/platform/build-arm64-v8a_armeabi-v7a/build/other_builds/hostpython3/desktop/hostpython3/Objects/unionobject.c
gcc -c -fno-strict-overflow -Wsign-compare -Wunreachable-code -DNDEBUG -g -O3 -Wall    -std=c11 -Wextra -Wno-unused-parameter -Wno-missing-field-initializers -Wstrict-prototypes -Werror=implicit-function-declaration -fvisibility=hidden  -I/data/data/com.termux/files/home/markoss/.buildozer/android/platform/build-arm64-v8a_armeabi-v7a/build/other_builds/hostpython3/desktop/hostpython3/Include/internal -I/data/data/com.termux/files/home/markoss/.buildozer/android/platform/build-arm64-v8a_armeabi-v7a/build/other_builds/hostpython3/desktop/hostpython3/Include/internal/mimalloc -IObjects -IInclude -IPython -I. -I/data/data/com.termux/files/home/markoss/.buildozer/android/platform/build-arm64-v8a_armeabi-v7a/build/other_builds/hostpython3/desktop/hostpython3/Include    -DPy_BUILD_CORE -o Objects/weakrefobject.o /data/data/com.termux/files/home/markoss/.buildozer/android/platform/build-arm64-v8a_armeabi-v7a/build/other_builds/hostpython3/desktop/hostpython3/Objects/weakrefobject.c
gcc -c -fno-strict-overflow -Wsign-compare -Wunreachable-code -DNDEBUG -g -O3 -Wall    -std=c11 -Wextra -Wno-unused-parameter -Wno-missing-field-initializers -Wstrict-prototypes -Werror=implicit-function-declaration -fvisibility=hidden  -I/data/data/com.termux/files/home/markoss/.buildozer/android/platform/build-arm64-v8a_armeabi-v7a/build/other_builds/hostpython3/desktop/hostpython3/Include/internal -I/data/data/com.termux/files/home/markoss/.buildozer/android/platform/build-arm64-v8a_armeabi-v7a/build/other_builds/hostpython3/desktop/hostpython3/Include/internal/mimalloc -IObjects -IInclude -IPython -I. -I/data/data/com.termux/files/home/markoss/.buildozer/android/platform/build-arm64-v8a_armeabi-v7a/build/other_builds/hostpython3/desktop/hostpython3/Include    -DPy_BUILD_CORE -o Python/_contextvars.o /data/data/com.termux/files/home/markoss/.buildozer/android/platform/build-arm64-v8a_armeabi-v7a/build/other_builds/hostpython3/desktop/hostpython3/Python/_contextvars.c
gcc -c -fno-strict-overflow -Wsign-compare -Wunreachable-code -DNDEBUG -g -O3 -Wall    -std=c11 -Wextra -Wno-unused-parameter -Wno-missing-field-initializers -Wstrict-prototypes -Werror=implicit-function-declaration -fvisibility=hidden  -I/data/data/com.termux/files/home/markoss/.buildozer/android/platform/build-arm64-v8a_armeabi-v7a/build/other_builds/hostpython3/desktop/hostpython3/Include/internal -I/data/data/com.termux/files/home/markoss/.buildozer/android/platform/build-arm64-v8a_armeabi-v7a/build/other_builds/hostpython3/desktop/hostpython3/Include/internal/mimalloc -IObjects -IInclude -IPython -I. -I/data/data/com.termux/files/home/markoss/.buildozer/android/platform/build-arm64-v8a_armeabi-v7a/build/other_builds/hostpython3/desktop/hostpython3/Include    -DPy_BUILD_CORE -o Python/_warnings.o /data/data/com.termux/files/home/markoss/.buildozer/android/platform/build-arm64-v8a_armeabi-v7a/build/other_builds/hostpython3/desktop/hostpython3/Python/_warnings.c
gcc -c -fno-strict-overflow -Wsign-compare -Wunreachable-code -DNDEBUG -g -O3 -Wall    -std=c11 -Wextra -Wno-unused-parameter -Wno-missing-field-initializers -Wstrict-prototypes -Werror=implicit-function-declaration -fvisibility=hidden  -I/data/data/com.termux/files/home/markoss/.buildozer/android/platform/build-arm64-v8a_armeabi-v7a/build/other_builds/hostpython3/desktop/hostpython3/Include/internal -I/data/data/com.termux/files/home/markoss/.buildozer/android/platform/build-arm64-v8a_armeabi-v7a/build/other_builds/hostpython3/desktop/hostpython3/Include/internal/mimalloc -IObjects -IInclude -IPython -I. -I/data/data/com.termux/files/home/markoss/.buildozer/android/platform/build-arm64-v8a_armeabi-v7a/build/other_builds/hostpython3/desktop/hostpython3/Include    -DPy_BUILD_CORE -o Python/Python-ast.o /data/data/com.termux/files/home/markoss/.buildozer/android/platform/build-arm64-v8a_armeabi-v7a/build/other_builds/hostpython3/desktop/hostpython3/Python/Python-ast.c
gcc -c -fno-strict-overflow -Wsign-compare -Wunreachable-code -DNDEBUG -g -O3 -Wall    -std=c11 -Wextra -Wno-unused-parameter -Wno-missing-field-initializers -Wstrict-prototypes -Werror=implicit-function-declaration -fvisibility=hidden  -I/data/data/com.termux/files/home/markoss/.buildozer/android/platform/build-arm64-v8a_armeabi-v7a/build/other_builds/hostpython3/desktop/hostpython3/Include/internal -I/data/data/com.termux/files/home/markoss/.buildozer/android/platform/build-arm64-v8a_armeabi-v7a/build/other_builds/hostpython3/desktop/hostpython3/Include/internal/mimalloc -IObjects -IInclude -IPython -I. -I/data/data/com.termux/files/home/markoss/.buildozer/android/platform/build-arm64-v8a_armeabi-v7a/build/other_builds/hostpython3/desktop/hostpython3/Include    -DPy_BUILD_CORE -o Python/Python-tokenize.o /data/data/com.termux/files/home/markoss/.buildozer/android/platform/build-arm64-v8a_armeabi-v7a/build/other_builds/hostpython3/desktop/hostpython3/Python/Python-tokenize.c
gcc -c -fno-strict-overflow -Wsign-compare -Wunreachable-code -DNDEBUG -g -O3 -Wall    -std=c11 -Wextra -Wno-unused-parameter -Wno-missing-field-initializers -Wstrict-prototypes -Werror=implicit-function-declaration -fvisibility=hidden  -I/data/data/com.termux/files/home/markoss/.buildozer/android/platform/build-arm64-v8a_armeabi-v7a/build/other_builds/hostpython3/desktop/hostpython3/Include/internal -I/data/data/com.termux/files/home/markoss/.buildozer/android/platform/build-arm64-v8a_armeabi-v7a/build/other_builds/hostpython3/desktop/hostpython3/Include/internal/mimalloc -IObjects -IInclude -IPython -I. -I/data/data/com.termux/files/home/markoss/.buildozer/android/platform/build-arm64-v8a_armeabi-v7a/build/other_builds/hostpython3/desktop/hostpython3/Include    -DPy_BUILD_CORE -o Python/asdl.o /data/data/com.termux/files/home/markoss/.buildozer/android/platform/build-arm64-v8a_armeabi-v7a/build/other_builds/hostpython3/desktop/hostpython3/Python/asdl.c
gcc -c -fno-strict-overflow -Wsign-compare -Wunreachable-code -DNDEBUG -g -O3 -Wall    -std=c11 -Wextra -Wno-unused-parameter -Wno-missing-field-initializers -Wstrict-prototypes -Werror=implicit-function-declaration -fvisibility=hidden  -I/data/data/com.termux/files/home/markoss/.buildozer/android/platform/build-arm64-v8a_armeabi-v7a/build/other_builds/hostpython3/desktop/hostpython3/Include/internal -I/data/data/com.termux/files/home/markoss/.buildozer/android/platform/build-arm64-v8a_armeabi-v7a/build/other_builds/hostpython3/desktop/hostpython3/Include/internal/mimalloc -IObjects -IInclude -IPython -I. -I/data/data/com.termux/files/home/markoss/.buildozer/android/platform/build-arm64-v8a_armeabi-v7a/build/other_builds/hostpython3/desktop/hostpython3/Include    -DPy_BUILD_CORE -o Python/assemble.o /data/data/com.termux/files/home/markoss/.buildozer/android/platform/build-arm64-v8a_armeabi-v7a/build/other_builds/hostpython3/desktop/hostpython3/Python/assemble.c
gcc -c -fno-strict-overflow -Wsign-compare -Wunreachable-code -DNDEBUG -g -O3 -Wall    -std=c11 -Wextra -Wno-unused-parameter -Wno-missing-field-initializers -Wstrict-prototypes -Werror=implicit-function-declaration -fvisibility=hidden  -I/data/data/com.termux/files/home/markoss/.buildozer/android/platform/build-arm64-v8a_armeabi-v7a/build/other_builds/hostpython3/desktop/hostpython3/Include/internal -I/data/data/com.termux/files/home/markoss/.buildozer/android/platform/build-arm64-v8a_armeabi-v7a/build/other_builds/hostpython3/desktop/hostpython3/Include/internal/mimalloc -IObjects -IInclude -IPython -I. -I/data/data/com.termux/files/home/markoss/.buildozer/android/platform/build-arm64-v8a_armeabi-v7a/build/other_builds/hostpython3/desktop/hostpython3/Include    -DPy_BUILD_CORE -o Python/ast.o /data/data/com.termux/files/home/markoss/.buildozer/android/platform/build-arm64-v8a_armeabi-v7a/build/other_builds/hostpython3/desktop/hostpython3/Python/ast.c
gcc -c -fno-strict-overflow -Wsign-compare -Wunreachable-code -DNDEBUG -g -O3 -Wall    -std=c11 -Wextra -Wno-unused-parameter -Wno-missing-field-initializers -Wstrict-prototypes -Werror=implicit-function-declaration -fvisibility=hidden  -I/data/data/com.termux/files/home/markoss/.buildozer/android/platform/build-arm64-v8a_armeabi-v7a/build/other_builds/hostpython3/desktop/hostpython3/Include/internal -I/data/data/com.termux/files/home/markoss/.buildozer/android/platform/build-arm64-v8a_armeabi-v7a/build/other_builds/hostpython3/desktop/hostpython3/Include/internal/mimalloc -IObjects -IInclude -IPython -I. -I/data/data/com.termux/files/home/markoss/.buildozer/android/platform/build-arm64-v8a_armeabi-v7a/build/other_builds/hostpython3/desktop/hostpython3/Include    -DPy_BUILD_CORE -o Python/ast_preprocess.o /data/data/com.termux/files/home/markoss/.buildozer/android/platform/build-arm64-v8a_armeabi-v7a/build/other_builds/hostpython3/desktop/hostpython3/Python/ast_preprocess.c
gcc -c -fno-strict-overflow -Wsign-compare -Wunreachable-code -DNDEBUG -g -O3 -Wall    -std=c11 -Wextra -Wno-unused-parameter -Wno-missing-field-initializers -Wstrict-prototypes -Werror=implicit-function-declaration -fvisibility=hidden  -I/data/data/com.termux/files/home/markoss/.buildozer/android/platform/build-arm64-v8a_armeabi-v7a/build/other_builds/hostpython3/desktop/hostpython3/Include/internal -I/data/data/com.termux/files/home/markoss/.buildozer/android/platform/build-arm64-v8a_armeabi-v7a/build/other_builds/hostpython3/desktop/hostpython3/Include/internal/mimalloc -IObjects -IInclude -IPython -I. -I/data/data/com.termux/files/home/markoss/.buildozer/android/platform/build-arm64-v8a_armeabi-v7a/build/other_builds/hostpython3/desktop/hostpython3/Include    -DPy_BUILD_CORE -o Python/ast_unparse.o /data/data/com.termux/files/home/markoss/.buildozer/android/platform/build-arm64-v8a_armeabi-v7a/build/other_builds/hostpython3/desktop/hostpython3/Python/ast_unparse.c
gcc -c -fno-strict-overflow -Wsign-compare -Wunreachable-code -DNDEBUG -g -O3 -Wall    -std=c11 -Wextra -Wno-unused-parameter -Wno-missing-field-initializers -Wstrict-prototypes -Werror=implicit-function-declaration -fvisibility=hidden  -I/data/data/com.termux/files/home/markoss/.buildozer/android/platform/build-arm64-v8a_armeabi-v7a/build/other_builds/hostpython3/desktop/hostpython3/Include/internal -I/data/data/com.termux/files/home/markoss/.buildozer/android/platform/build-arm64-v8a_armeabi-v7a/build/other_builds/hostpython3/desktop/hostpython3/Include/internal/mimalloc -IObjects -IInclude -IPython -I. -I/data/data/com.termux/files/home/markoss/.buildozer/android/platform/build-arm64-v8a_armeabi-v7a/build/other_builds/hostpython3/desktop/hostpython3/Include    -DPy_BUILD_CORE -o Python/bltinmodule.o /data/data/com.termux/files/home/markoss/.buildozer/android/platform/build-arm64-v8a_armeabi-v7a/build/other_builds/hostpython3/desktop/hostpython3/Python/bltinmodule.c
gcc -c -fno-strict-overflow -Wsign-compare -Wunreachable-code -DNDEBUG -g -O3 -Wall    -std=c11 -Wextra -Wno-unused-parameter -Wno-missing-field-initializers -Wstrict-prototypes -Werror=implicit-function-declaration -fvisibility=hidden  -I/data/data/com.termux/files/home/markoss/.buildozer/android/platform/build-arm64-v8a_armeabi-v7a/build/other_builds/hostpython3/desktop/hostpython3/Include/internal -I/data/data/com.termux/files/home/markoss/.buildozer/android/platform/build-arm64-v8a_armeabi-v7a/build/other_builds/hostpython3/desktop/hostpython3/Include/internal/mimalloc -IObjects -IInclude -IPython -I. -I/data/data/com.termux/files/home/markoss/.buildozer/android/platform/build-arm64-v8a_armeabi-v7a/build/other_builds/hostpython3/desktop/hostpython3/Include    -DPy_BUILD_CORE -o Python/brc.o /data/data/com.termux/files/home/markoss/.buildozer/android/platform/build-arm64-v8a_armeabi-v7a/build/other_builds/hostpython3/desktop/hostpython3/Python/brc.c
gcc -c -fno-strict-overflow -Wsign-compare -Wunreachable-code -DNDEBUG -g -O3 -Wall    -std=c11 -Wextra -Wno-unused-parameter -Wno-missing-field-initializers -Wstrict-prototypes -Werror=implicit-function-declaration -fvisibility=hidden  -I/data/data/com.termux/files/home/markoss/.buildozer/android/platform/build-arm64-v8a_armeabi-v7a/build/other_builds/hostpython3/desktop/hostpython3/Include/internal -I/data/data/com.termux/files/home/markoss/.buildozer/android/platform/build-arm64-v8a_armeabi-v7a/build/other_builds/hostpython3/desktop/hostpython3/Include/internal/mimalloc -IObjects -IInclude -IPython -I. -I/data/data/com.termux/files/home/markoss/.buildozer/android/platform/build-arm64-v8a_armeabi-v7a/build/other_builds/hostpython3/desktop/hostpython3/Include    -DPy_BUILD_CORE -o Python/ceval.o /data/data/com.termux/files/home/markoss/.buildozer/android/platform/build-arm64-v8a_armeabi-v7a/build/other_builds/hostpython3/desktop/hostpython3/Python/ceval.c
gcc -c -fno-strict-overflow -Wsign-compare -Wunreachable-code -DNDEBUG -g -O3 -Wall    -std=c11 -Wextra -Wno-unused-parameter -Wno-missing-field-initializers -Wstrict-prototypes -Werror=implicit-function-declaration -fvisibility=hidden  -I/data/data/com.termux/files/home/markoss/.buildozer/android/platform/build-arm64-v8a_armeabi-v7a/build/other_builds/hostpython3/desktop/hostpython3/Include/internal -I/data/data/com.termux/files/home/markoss/.buildozer/android/platform/build-arm64-v8a_armeabi-v7a/build/other_builds/hostpython3/desktop/hostpython3/Include/internal/mimalloc -IObjects -IInclude -IPython -I. -I/data/data/com.termux/files/home/markoss/.buildozer/android/platform/build-arm64-v8a_armeabi-v7a/build/other_builds/hostpython3/desktop/hostpython3/Include    -DPy_BUILD_CORE -o Python/codecs.o /data/data/com.termux/files/home/markoss/.buildozer/android/platform/build-arm64-v8a_armeabi-v7a/build/other_builds/hostpython3/desktop/hostpython3/Python/codecs.c
gcc -c -fno-strict-overflow -Wsign-compare -Wunreachable-code -DNDEBUG -g -O3 -Wall    -std=c11 -Wextra -Wno-unused-parameter -Wno-missing-field-initializers -Wstrict-prototypes -Werror=implicit-function-declaration -fvisibility=hidden  -I/data/data/com.termux/files/home/markoss/.buildozer/android/platform/build-arm64-v8a_armeabi-v7a/build/other_builds/hostpython3/desktop/hostpython3/Include/internal -I/data/data/com.termux/files/home/markoss/.buildozer/android/platform/build-arm64-v8a_armeabi-v7a/build/other_builds/hostpython3/desktop/hostpython3/Include/internal/mimalloc -IObjects -IInclude -IPython -I. -I/data/data/com.termux/files/home/markoss/.buildozer/android/platform/build-arm64-v8a_armeabi-v7a/build/other_builds/hostpython3/desktop/hostpython3/Include    -DPy_BUILD_CORE -o Python/codegen.o /data/data/com.termux/files/home/markoss/.buildozer/android/platform/build-arm64-v8a_armeabi-v7a/build/other_builds/hostpython3/desktop/hostpython3/Python/codegen.c
gcc -c -fno-strict-overflow -Wsign-compare -Wunreachable-code -DNDEBUG -g -O3 -Wall    -std=c11 -Wextra -Wno-unused-parameter -Wno-missing-field-initializers -Wstrict-prototypes -Werror=implicit-function-declaration -fvisibility=hidden  -I/data/data/com.termux/files/home/markoss/.buildozer/android/platform/build-arm64-v8a_armeabi-v7a/build/other_builds/hostpython3/desktop/hostpython3/Include/internal -I/data/data/com.termux/files/home/markoss/.buildozer/android/platform/build-arm64-v8a_armeabi-v7a/build/other_builds/hostpython3/desktop/hostpython3/Include/internal/mimalloc -IObjects -IInclude -IPython -I. -I/data/data/com.termux/files/home/markoss/.buildozer/android/platform/build-arm64-v8a_armeabi-v7a/build/other_builds/hostpython3/desktop/hostpython3/Include    -DPy_BUILD_CORE -o Python/compile.o /data/data/com.termux/files/home/markoss/.buildozer/android/platform/build-arm64-v8a_armeabi-v7a/build/other_builds/hostpython3/desktop/hostpython3/Python/compile.c
gcc -c -fno-strict-overflow -Wsign-compare -Wunreachable-code -DNDEBUG -g -O3 -Wall    -std=c11 -Wextra -Wno-unused-parameter -Wno-missing-field-initializers -Wstrict-prototypes -Werror=implicit-function-declaration -fvisibility=hidden  -I/data/data/com.termux/files/home/markoss/.buildozer/android/platform/build-arm64-v8a_armeabi-v7a/build/other_builds/hostpython3/desktop/hostpython3/Include/internal -I/data/data/com.termux/files/home/markoss/.buildozer/android/platform/build-arm64-v8a_armeabi-v7a/build/other_builds/hostpython3/desktop/hostpython3/Include/internal/mimalloc -IObjects -IInclude -IPython -I. -I/data/data/com.termux/files/home/markoss/.buildozer/android/platform/build-arm64-v8a_armeabi-v7a/build/other_builds/hostpython3/desktop/hostpython3/Include    -DPy_BUILD_CORE -o Python/context.o /data/data/com.termux/files/home/markoss/.buildozer/android/platform/build-arm64-v8a_armeabi-v7a/build/other_builds/hostpython3/desktop/hostpython3/Python/context.c
gcc -c -fno-strict-overflow -Wsign-compare -Wunreachable-code -DNDEBUG -g -O3 -Wall    -std=c11 -Wextra -Wno-unused-parameter -Wno-missing-field-initializers -Wstrict-prototypes -Werror=implicit-function-declaration -fvisibility=hidden  -I/data/data/com.termux/files/home/markoss/.buildozer/android/platform/build-arm64-v8a_armeabi-v7a/build/other_builds/hostpython3/desktop/hostpython3/Include/internal -I/data/data/com.termux/files/home/markoss/.buildozer/android/platform/build-arm64-v8a_armeabi-v7a/build/other_builds/hostpython3/desktop/hostpython3/Include/internal/mimalloc -IObjects -IInclude -IPython -I. -I/data/data/com.termux/files/home/markoss/.buildozer/android/platform/build-arm64-v8a_armeabi-v7a/build/other_builds/hostpython3/desktop/hostpython3/Include    -DPy_BUILD_CORE -o Python/critical_section.o /data/data/com.termux/files/home/markoss/.buildozer/android/platform/build-arm64-v8a_armeabi-v7a/build/other_builds/hostpython3/desktop/hostpython3/Python/critical_section.c
gcc -c -fno-strict-overflow -Wsign-compare -Wunreachable-code -DNDEBUG -g -O3 -Wall    -std=c11 -Wextra -Wno-unused-parameter -Wno-missing-field-initializers -Wstrict-prototypes -Werror=implicit-function-declaration -fvisibility=hidden  -I/data/data/com.termux/files/home/markoss/.buildozer/android/platform/build-arm64-v8a_armeabi-v7a/build/other_builds/hostpython3/desktop/hostpython3/Include/internal -I/data/data/com.termux/files/home/markoss/.buildozer/android/platform/build-arm64-v8a_armeabi-v7a/build/other_builds/hostpython3/desktop/hostpython3/Include/internal/mimalloc -IObjects -IInclude -IPython -I. -I/data/data/com.termux/files/home/markoss/.buildozer/android/platform/build-arm64-v8a_armeabi-v7a/build/other_builds/hostpython3/desktop/hostpython3/Include    -DPy_BUILD_CORE -o Python/crossinterp.o /data/data/com.termux/files/home/markoss/.buildozer/android/platform/build-arm64-v8a_armeabi-v7a/build/other_builds/hostpython3/desktop/hostpython3/Python/crossinterp.c
gcc -c -fno-strict-overflow -Wsign-compare -Wunreachable-code -DNDEBUG -g -O3 -Wall    -std=c11 -Wextra -Wno-unused-parameter -Wno-missing-field-initializers -Wstrict-prototypes -Werror=implicit-function-declaration -fvisibility=hidden  -I/data/data/com.termux/files/home/markoss/.buildozer/android/platform/build-arm64-v8a_armeabi-v7a/build/other_builds/hostpython3/desktop/hostpython3/Include/internal -I/data/data/com.termux/files/home/markoss/.buildozer/android/platform/build-arm64-v8a_armeabi-v7a/build/other_builds/hostpython3/desktop/hostpython3/Include/internal/mimalloc -IObjects -IInclude -IPython -I. -I/data/data/com.termux/files/home/markoss/.buildozer/android/platform/build-arm64-v8a_armeabi-v7a/build/other_builds/hostpython3/desktop/hostpython3/Include    -DPy_BUILD_CORE -o Python/dynamic_annotations.o /data/data/com.termux/files/home/markoss/.buildozer/android/platform/build-arm64-v8a_armeabi-v7a/build/other_builds/hostpython3/desktop/hostpython3/Python/dynamic_annotations.c
gcc -c -fno-strict-overflow -Wsign-compare -Wunreachable-code -DNDEBUG -g -O3 -Wall    -std=c11 -Wextra -Wno-unused-parameter -Wno-missing-field-initializers -Wstrict-prototypes -Werror=implicit-function-declaration -fvisibility=hidden  -I/data/data/com.termux/files/home/markoss/.buildozer/android/platform/build-arm64-v8a_armeabi-v7a/build/other_builds/hostpython3/desktop/hostpython3/Include/internal -I/data/data/com.termux/files/home/markoss/.buildozer/android/platform/build-arm64-v8a_armeabi-v7a/build/other_builds/hostpython3/desktop/hostpython3/Include/internal/mimalloc -IObjects -IInclude -IPython -I. -I/data/data/com.termux/files/home/markoss/.buildozer/android/platform/build-arm64-v8a_armeabi-v7a/build/other_builds/hostpython3/desktop/hostpython3/Include    -DPy_BUILD_CORE -o Python/errors.o /data/data/com.termux/files/home/markoss/.buildozer/android/platform/build-arm64-v8a_armeabi-v7a/build/other_builds/hostpython3/desktop/hostpython3/Python/errors.c
gcc -c -fno-strict-overflow -Wsign-compare -Wunreachable-code -DNDEBUG -g -O3 -Wall    -std=c11 -Wextra -Wno-unused-parameter -Wno-missing-field-initializers -Wstrict-prototypes -Werror=implicit-function-declaration -fvisibility=hidden  -I/data/data/com.termux/files/home/markoss/.buildozer/android/platform/build-arm64-v8a_armeabi-v7a/build/other_builds/hostpython3/desktop/hostpython3/Include/internal -I/data/data/com.termux/files/home/markoss/.buildozer/android/platform/build-arm64-v8a_armeabi-v7a/build/other_builds/hostpython3/desktop/hostpython3/Include/internal/mimalloc -IObjects -IInclude -IPython -I. -I/data/data/com.termux/files/home/markoss/.buildozer/android/platform/build-arm64-v8a_armeabi-v7a/build/other_builds/hostpython3/desktop/hostpython3/Include    -DPy_BUILD_CORE -o Python/flowgraph.o /data/data/com.termux/files/home/markoss/.buildozer/android/platform/build-arm64-v8a_armeabi-v7a/build/other_builds/hostpython3/desktop/hostpython3/Python/flowgraph.c
gcc -c -fno-strict-overflow -Wsign-compare -Wunreachable-code -DNDEBUG -g -O3 -Wall    -std=c11 -Wextra -Wno-unused-parameter -Wno-missing-field-initializers -Wstrict-prototypes -Werror=implicit-function-declaration -fvisibility=hidden  -I/data/data/com.termux/files/home/markoss/.buildozer/android/platform/build-arm64-v8a_armeabi-v7a/build/other_builds/hostpython3/desktop/hostpython3/Include/internal -I/data/data/com.termux/files/home/markoss/.buildozer/android/platform/build-arm64-v8a_armeabi-v7a/build/other_builds/hostpython3/desktop/hostpython3/Include/internal/mimalloc -IObjects -IInclude -IPython -I. -I/data/data/com.termux/files/home/markoss/.buildozer/android/platform/build-arm64-v8a_armeabi-v7a/build/other_builds/hostpython3/desktop/hostpython3/Include    -DPy_BUILD_CORE -o Python/frame.o /data/data/com.termux/files/home/markoss/.buildozer/android/platform/build-arm64-v8a_armeabi-v7a/build/other_builds/hostpython3/desktop/hostpython3/Python/frame.c
gcc -c -fno-strict-overflow -Wsign-compare -Wunreachable-code -DNDEBUG -g -O3 -Wall    -std=c11 -Wextra -Wno-unused-parameter -Wno-missing-field-initializers -Wstrict-prototypes -Werror=implicit-function-declaration -fvisibility=hidden  -I/data/data/com.termux/files/home/markoss/.buildozer/android/platform/build-arm64-v8a_armeabi-v7a/build/other_builds/hostpython3/desktop/hostpython3/Include/internal -I/data/data/com.termux/files/home/markoss/.buildozer/android/platform/build-arm64-v8a_armeabi-v7a/build/other_builds/hostpython3/desktop/hostpython3/Include/internal/mimalloc -IObjects -IInclude -IPython -I. -I/data/data/com.termux/files/home/markoss/.buildozer/android/platform/build-arm64-v8a_armeabi-v7a/build/other_builds/hostpython3/desktop/hostpython3/Include    -DPy_BUILD_CORE -o Python/frozenmain.o /data/data/com.termux/files/home/markoss/.buildozer/android/platform/build-arm64-v8a_armeabi-v7a/build/other_builds/hostpython3/desktop/hostpython3/Python/frozenmain.c
gcc -c -fno-strict-overflow -Wsign-compare -Wunreachable-code -DNDEBUG -g -O3 -Wall    -std=c11 -Wextra -Wno-unused-parameter -Wno-missing-field-initializers -Wstrict-prototypes -Werror=implicit-function-declaration -fvisibility=hidden  -I/data/data/com.termux/files/home/markoss/.buildozer/android/platform/build-arm64-v8a_armeabi-v7a/build/other_builds/hostpython3/desktop/hostpython3/Include/internal -I/data/data/com.termux/files/home/markoss/.buildozer/android/platform/build-arm64-v8a_armeabi-v7a/build/other_builds/hostpython3/desktop/hostpython3/Include/internal/mimalloc -IObjects -IInclude -IPython -I. -I/data/data/com.termux/files/home/markoss/.buildozer/android/platform/build-arm64-v8a_armeabi-v7a/build/other_builds/hostpython3/desktop/hostpython3/Include    -DPy_BUILD_CORE -o Python/future.o /data/data/com.termux/files/home/markoss/.buildozer/android/platform/build-arm64-v8a_armeabi-v7a/build/other_builds/hostpython3/desktop/hostpython3/Python/future.c
gcc -c -fno-strict-overflow -Wsign-compare -Wunreachable-code -DNDEBUG -g -O3 -Wall    -std=c11 -Wextra -Wno-unused-parameter -Wno-missing-field-initializers -Wstrict-prototypes -Werror=implicit-function-declaration -fvisibility=hidden  -I/data/data/com.termux/files/home/markoss/.buildozer/android/platform/build-arm64-v8a_armeabi-v7a/build/other_builds/hostpython3/desktop/hostpython3/Include/internal -I/data/data/com.termux/files/home/markoss/.buildozer/android/platform/build-arm64-v8a_armeabi-v7a/build/other_builds/hostpython3/desktop/hostpython3/Include/internal/mimalloc -IObjects -IInclude -IPython -I. -I/data/data/com.termux/files/home/markoss/.buildozer/android/platform/build-arm64-v8a_armeabi-v7a/build/other_builds/hostpython3/desktop/hostpython3/Include    -DPy_BUILD_CORE -o Python/gc.o /data/data/com.termux/files/home/markoss/.buildozer/android/platform/build-arm64-v8a_armeabi-v7a/build/other_builds/hostpython3/desktop/hostpython3/Python/gc.c
gcc -c -fno-strict-overflow -Wsign-compare -Wunreachable-code -DNDEBUG -g -O3 -Wall    -std=c11 -Wextra -Wno-unused-parameter -Wno-missing-field-initializers -Wstrict-prototypes -Werror=implicit-function-declaration -fvisibility=hidden  -I/data/data/com.termux/files/home/markoss/.buildozer/android/platform/build-arm64-v8a_armeabi-v7a/build/other_builds/hostpython3/desktop/hostpython3/Include/internal -I/data/data/com.termux/files/home/markoss/.buildozer/android/platform/build-arm64-v8a_armeabi-v7a/build/other_builds/hostpython3/desktop/hostpython3/Include/internal/mimalloc -IObjects -IInclude -IPython -I. -I/data/data/com.termux/files/home/markoss/.buildozer/android/platform/build-arm64-v8a_armeabi-v7a/build/other_builds/hostpython3/desktop/hostpython3/Include    -DPy_BUILD_CORE -o Python/gc_free_threading.o /data/data/com.termux/files/home/markoss/.buildozer/android/platform/build-arm64-v8a_armeabi-v7a/build/other_builds/hostpython3/desktop/hostpython3/Python/gc_free_threading.c
gcc -c -fno-strict-overflow -Wsign-compare -Wunreachable-code -DNDEBUG -g -O3 -Wall    -std=c11 -Wextra -Wno-unused-parameter -Wno-missing-field-initializers -Wstrict-prototypes -Werror=implicit-function-declaration -fvisibility=hidden  -I/data/data/com.termux/files/home/markoss/.buildozer/android/platform/build-arm64-v8a_armeabi-v7a/build/other_builds/hostpython3/desktop/hostpython3/Include/internal -I/data/data/com.termux/files/home/markoss/.buildozer/android/platform/build-arm64-v8a_armeabi-v7a/build/other_builds/hostpython3/desktop/hostpython3/Include/internal/mimalloc -IObjects -IInclude -IPython -I. -I/data/data/com.termux/files/home/markoss/.buildozer/android/platform/build-arm64-v8a_armeabi-v7a/build/other_builds/hostpython3/desktop/hostpython3/Include    -DPy_BUILD_CORE -o Python/gc_gil.o /data/data/com.termux/files/home/markoss/.buildozer/android/platform/build-arm64-v8a_armeabi-v7a/build/other_builds/hostpython3/desktop/hostpython3/Python/gc_gil.c
gcc -c -fno-strict-overflow -Wsign-compare -Wunreachable-code -DNDEBUG -g -O3 -Wall    -std=c11 -Wextra -Wno-unused-parameter -Wno-missing-field-initializers -Wstrict-prototypes -Werror=implicit-function-declaration -fvisibility=hidden  -I/data/data/com.termux/files/home/markoss/.buildozer/android/platform/build-arm64-v8a_armeabi-v7a/build/other_builds/hostpython3/desktop/hostpython3/Include/internal -I/data/data/com.termux/files/home/markoss/.buildozer/android/platform/build-arm64-v8a_armeabi-v7a/build/other_builds/hostpython3/desktop/hostpython3/Include/internal/mimalloc -IObjects -IInclude -IPython -I. -I/data/data/com.termux/files/home/markoss/.buildozer/android/platform/build-arm64-v8a_armeabi-v7a/build/other_builds/hostpython3/desktop/hostpython3/Include    -DPy_BUILD_CORE -o Python/getargs.o /data/data/com.termux/files/home/markoss/.buildozer/android/platform/build-arm64-v8a_armeabi-v7a/build/other_builds/hostpython3/desktop/hostpython3/Python/getargs.c
gcc -c -fno-strict-overflow -Wsign-compare -Wunreachable-code -DNDEBUG -g -O3 -Wall    -std=c11 -Wextra -Wno-unused-parameter -Wno-missing-field-initializers -Wstrict-prototypes -Werror=implicit-function-declaration -fvisibility=hidden  -I/data/data/com.termux/files/home/markoss/.buildozer/android/platform/build-arm64-v8a_armeabi-v7a/build/other_builds/hostpython3/desktop/hostpython3/Include/internal -I/data/data/com.termux/files/home/markoss/.buildozer/android/platform/build-arm64-v8a_armeabi-v7a/build/other_builds/hostpython3/desktop/hostpython3/Include/internal/mimalloc -IObjects -IInclude -IPython -I. -I/data/data/com.termux/files/home/markoss/.buildozer/android/platform/build-arm64-v8a_armeabi-v7a/build/other_builds/hostpython3/desktop/hostpython3/Include    -DPy_BUILD_CORE -o Python/getcompiler.o /data/data/com.termux/files/home/markoss/.buildozer/android/platform/build-arm64-v8a_armeabi-v7a/build/other_builds/hostpython3/desktop/hostpython3/Python/getcompiler.c
gcc -c -fno-strict-overflow -Wsign-compare -Wunreachable-code -DNDEBUG -g -O3 -Wall    -std=c11 -Wextra -Wno-unused-parameter -Wno-missing-field-initializers -Wstrict-prototypes -Werror=implicit-function-declaration -fvisibility=hidden  -I/data/data/com.termux/files/home/markoss/.buildozer/android/platform/build-arm64-v8a_armeabi-v7a/build/other_builds/hostpython3/desktop/hostpython3/Include/internal -I/data/data/com.termux/files/home/markoss/.buildozer/android/platform/build-arm64-v8a_armeabi-v7a/build/other_builds/hostpython3/desktop/hostpython3/Include/internal/mimalloc -IObjects -IInclude -IPython -I. -I/data/data/com.termux/files/home/markoss/.buildozer/android/platform/build-arm64-v8a_armeabi-v7a/build/other_builds/hostpython3/desktop/hostpython3/Include    -DPy_BUILD_CORE -o Python/getcopyright.o /data/data/com.termux/files/home/markoss/.buildozer/android/platform/build-arm64-v8a_armeabi-v7a/build/other_builds/hostpython3/desktop/hostpython3/Python/getcopyright.c
gcc -c -fno-strict-overflow -Wsign-compare -Wunreachable-code -DNDEBUG -g -O3 -Wall    -std=c11 -Wextra -Wno-unused-parameter -Wno-missing-field-initializers -Wstrict-prototypes -Werror=implicit-function-declaration -fvisibility=hidden  -I/data/data/com.termux/files/home/markoss/.buildozer/android/platform/build-arm64-v8a_armeabi-v7a/build/other_builds/hostpython3/desktop/hostpython3/Include/internal -I/data/data/com.termux/files/home/markoss/.buildozer/android/platform/build-arm64-v8a_armeabi-v7a/build/other_builds/hostpython3/desktop/hostpython3/Include/internal/mimalloc -IObjects -IInclude -IPython -I. -I/data/data/com.termux/files/home/markoss/.buildozer/android/platform/build-arm64-v8a_armeabi-v7a/build/other_builds/hostpython3/desktop/hostpython3/Include    -DPy_BUILD_CORE -DPLATFORM='"linux"' -o Python/getplatform.o /data/data/com.termux/files/home/markoss/.buildozer/android/platform/build-arm64-v8a_armeabi-v7a/build/other_builds/hostpython3/desktop/hostpython3/Python/getplatform.c
gcc -c -fno-strict-overflow -Wsign-compare -Wunreachable-code -DNDEBUG -g -O3 -Wall    -std=c11 -Wextra -Wno-unused-parameter -Wno-missing-field-initializers -Wstrict-prototypes -Werror=implicit-function-declaration -fvisibility=hidden  -I/data/data/com.termux/files/home/markoss/.buildozer/android/platform/build-arm64-v8a_armeabi-v7a/build/other_builds/hostpython3/desktop/hostpython3/Include/internal -I/data/data/com.termux/files/home/markoss/.buildozer/android/platform/build-arm64-v8a_armeabi-v7a/build/other_builds/hostpython3/desktop/hostpython3/Include/internal/mimalloc -IObjects -IInclude -IPython -I. -I/data/data/com.termux/files/home/markoss/.buildozer/android/platform/build-arm64-v8a_armeabi-v7a/build/other_builds/hostpython3/desktop/hostpython3/Include    -DPy_BUILD_CORE -o Python/getversion.o /data/data/com.termux/files/home/markoss/.buildozer/android/platform/build-arm64-v8a_armeabi-v7a/build/other_builds/hostpython3/desktop/hostpython3/Python/getversion.c
gcc -c -fno-strict-overflow -Wsign-compare -Wunreachable-code -DNDEBUG -g -O3 -Wall    -std=c11 -Wextra -Wno-unused-parameter -Wno-missing-field-initializers -Wstrict-prototypes -Werror=implicit-function-declaration -fvisibility=hidden  -I/data/data/com.termux/files/home/markoss/.buildozer/android/platform/build-arm64-v8a_armeabi-v7a/build/other_builds/hostpython3/desktop/hostpython3/Include/internal -I/data/data/com.termux/files/home/markoss/.buildozer/android/platform/build-arm64-v8a_armeabi-v7a/build/other_builds/hostpython3/desktop/hostpython3/Include/internal/mimalloc -IObjects -IInclude -IPython -I. -I/data/data/com.termux/files/home/markoss/.buildozer/android/platform/build-arm64-v8a_armeabi-v7a/build/other_builds/hostpython3/desktop/hostpython3/Include    -DPy_BUILD_CORE -o Python/ceval_gil.o /data/data/com.termux/files/home/markoss/.buildozer/android/platform/build-arm64-v8a_armeabi-v7a/build/other_builds/hostpython3/desktop/hostpython3/Python/ceval_gil.c
gcc -c -fno-strict-overflow -Wsign-compare -Wunreachable-code -DNDEBUG -g -O3 -Wall    -std=c11 -Wextra -Wno-unused-parameter -Wno-missing-field-initializers -Wstrict-prototypes -Werror=implicit-function-declaration -fvisibility=hidden  -I/data/data/com.termux/files/home/markoss/.buildozer/android/platform/build-arm64-v8a_armeabi-v7a/build/other_builds/hostpython3/desktop/hostpython3/Include/internal -I/data/data/com.termux/files/home/markoss/.buildozer/android/platform/build-arm64-v8a_armeabi-v7a/build/other_builds/hostpython3/desktop/hostpython3/Include/internal/mimalloc -IObjects -IInclude -IPython -I. -I/data/data/com.termux/files/home/markoss/.buildozer/android/platform/build-arm64-v8a_armeabi-v7a/build/other_builds/hostpython3/desktop/hostpython3/Include    -DPy_BUILD_CORE -o Python/hamt.o /data/data/com.termux/files/home/markoss/.buildozer/android/platform/build-arm64-v8a_armeabi-v7a/build/other_builds/hostpython3/desktop/hostpython3/Python/hamt.c
gcc -c -fno-strict-overflow -Wsign-compare -Wunreachable-code -DNDEBUG -g -O3 -Wall    -std=c11 -Wextra -Wno-unused-parameter -Wno-missing-field-initializers -Wstrict-prototypes -Werror=implicit-function-declaration -fvisibility=hidden  -I/data/data/com.termux/files/home/markoss/.buildozer/android/platform/build-arm64-v8a_armeabi-v7a/build/other_builds/hostpython3/desktop/hostpython3/Include/internal -I/data/data/com.termux/files/home/markoss/.buildozer/android/platform/build-arm64-v8a_armeabi-v7a/build/other_builds/hostpython3/desktop/hostpython3/Include/internal/mimalloc -IObjects -IInclude -IPython -I. -I/data/data/com.termux/files/home/markoss/.buildozer/android/platform/build-arm64-v8a_armeabi-v7a/build/other_builds/hostpython3/desktop/hostpython3/Include    -DPy_BUILD_CORE -o Python/hashtable.o /data/data/com.termux/files/home/markoss/.buildozer/android/platform/build-arm64-v8a_armeabi-v7a/build/other_builds/hostpython3/desktop/hostpython3/Python/hashtable.c
gcc -c -fno-strict-overflow -Wsign-compare -Wunreachable-code -DNDEBUG -g -O3 -Wall    -std=c11 -Wextra -Wno-unused-parameter -Wno-missing-field-initializers -Wstrict-prototypes -Werror=implicit-function-declaration -fvisibility=hidden  -I/data/data/com.termux/files/home/markoss/.buildozer/android/platform/build-arm64-v8a_armeabi-v7a/build/other_builds/hostpython3/desktop/hostpython3/Include/internal -I/data/data/com.termux/files/home/markoss/.buildozer/android/platform/build-arm64-v8a_armeabi-v7a/build/other_builds/hostpython3/desktop/hostpython3/Include/internal/mimalloc -IObjects -IInclude -IPython -I. -I/data/data/com.termux/files/home/markoss/.buildozer/android/platform/build-arm64-v8a_armeabi-v7a/build/other_builds/hostpython3/desktop/hostpython3/Include    -DPy_BUILD_CORE -o Python/import.o /data/data/com.termux/files/home/markoss/.buildozer/android/platform/build-arm64-v8a_armeabi-v7a/build/other_builds/hostpython3/desktop/hostpython3/Python/import.c
gcc -c -fno-strict-overflow -Wsign-compare -Wunreachable-code -DNDEBUG -g -O3 -Wall    -std=c11 -Wextra -Wno-unused-parameter -Wno-missing-field-initializers -Wstrict-prototypes -Werror=implicit-function-declaration -fvisibility=hidden  -I/data/data/com.termux/files/home/markoss/.buildozer/android/platform/build-arm64-v8a_armeabi-v7a/build/other_builds/hostpython3/desktop/hostpython3/Include/internal -I/data/data/com.termux/files/home/markoss/.buildozer/android/platform/build-arm64-v8a_armeabi-v7a/build/other_builds/hostpython3/desktop/hostpython3/Include/internal/mimalloc -IObjects -IInclude -IPython -I. -I/data/data/com.termux/files/home/markoss/.buildozer/android/platform/build-arm64-v8a_armeabi-v7a/build/other_builds/hostpython3/desktop/hostpython3/Include    -DPy_BUILD_CORE -I. -o Python/importdl.o /data/data/com.termux/files/home/markoss/.buildozer/android/platform/build-arm64-v8a_armeabi-v7a/build/other_builds/hostpython3/desktop/hostpython3/Python/importdl.c
gcc -c -fno-strict-overflow -Wsign-compare -Wunreachable-code -DNDEBUG -g -O3 -Wall    -std=c11 -Wextra -Wno-unused-parameter -Wno-missing-field-initializers -Wstrict-prototypes -Werror=implicit-function-declaration -fvisibility=hidden  -I/data/data/com.termux/files/home/markoss/.buildozer/android/platform/build-arm64-v8a_armeabi-v7a/build/other_builds/hostpython3/desktop/hostpython3/Include/internal -I/data/data/com.termux/files/home/markoss/.buildozer/android/platform/build-arm64-v8a_armeabi-v7a/build/other_builds/hostpython3/desktop/hostpython3/Include/internal/mimalloc -IObjects -IInclude -IPython -I. -I/data/data/com.termux/files/home/markoss/.buildozer/android/platform/build-arm64-v8a_armeabi-v7a/build/other_builds/hostpython3/desktop/hostpython3/Include    -DPy_BUILD_CORE -o Python/index_pool.o /data/data/com.termux/files/home/markoss/.buildozer/android/platform/build-arm64-v8a_armeabi-v7a/build/other_builds/hostpython3/desktop/hostpython3/Python/index_pool.c
gcc -c -fno-strict-overflow -Wsign-compare -Wunreachable-code -DNDEBUG -g -O3 -Wall    -std=c11 -Wextra -Wno-unused-parameter -Wno-missing-field-initializers -Wstrict-prototypes -Werror=implicit-function-declaration -fvisibility=hidden  -I/data/data/com.termux/files/home/markoss/.buildozer/android/platform/build-arm64-v8a_armeabi-v7a/build/other_builds/hostpython3/desktop/hostpython3/Include/internal -I/data/data/com.termux/files/home/markoss/.buildozer/android/platform/build-arm64-v8a_armeabi-v7a/build/other_builds/hostpython3/desktop/hostpython3/Include/internal/mimalloc -IObjects -IInclude -IPython -I. -I/data/data/com.termux/files/home/markoss/.buildozer/android/platform/build-arm64-v8a_armeabi-v7a/build/other_builds/hostpython3/desktop/hostpython3/Include    -DPy_BUILD_CORE -o Python/initconfig.o /data/data/com.termux/files/home/markoss/.buildozer/android/platform/build-arm64-v8a_armeabi-v7a/build/other_builds/hostpython3/desktop/hostpython3/Python/initconfig.c
gcc -c -fno-strict-overflow -Wsign-compare -Wunreachable-code -DNDEBUG -g -O3 -Wall    -std=c11 -Wextra -Wno-unused-parameter -Wno-missing-field-initializers -Wstrict-prototypes -Werror=implicit-function-declaration -fvisibility=hidden  -I/data/data/com.termux/files/home/markoss/.buildozer/android/platform/build-arm64-v8a_armeabi-v7a/build/other_builds/hostpython3/desktop/hostpython3/Include/internal -I/data/data/com.termux/files/home/markoss/.buildozer/android/platform/build-arm64-v8a_armeabi-v7a/build/other_builds/hostpython3/desktop/hostpython3/Include/internal/mimalloc -IObjects -IInclude -IPython -I. -I/data/data/com.termux/files/home/markoss/.buildozer/android/platform/build-arm64-v8a_armeabi-v7a/build/other_builds/hostpython3/desktop/hostpython3/Include    -DPy_BUILD_CORE -o Python/interpconfig.o /data/data/com.termux/files/home/markoss/.buildozer/android/platform/build-arm64-v8a_armeabi-v7a/build/other_builds/hostpython3/desktop/hostpython3/Python/interpconfig.c
gcc -c -fno-strict-overflow -Wsign-compare -Wunreachable-code -DNDEBUG -g -O3 -Wall    -std=c11 -Wextra -Wno-unused-parameter -Wno-missing-field-initializers -Wstrict-prototypes -Werror=implicit-function-declaration -fvisibility=hidden  -I/data/data/com.termux/files/home/markoss/.buildozer/android/platform/build-arm64-v8a_armeabi-v7a/build/other_builds/hostpython3/desktop/hostpython3/Include/internal -I/data/data/com.termux/files/home/markoss/.buildozer/android/platform/build-arm64-v8a_armeabi-v7a/build/other_builds/hostpython3/desktop/hostpython3/Include/internal/mimalloc -IObjects -IInclude -IPython -I. -I/data/data/com.termux/files/home/markoss/.buildozer/android/platform/build-arm64-v8a_armeabi-v7a/build/other_builds/hostpython3/desktop/hostpython3/Include    -DPy_BUILD_CORE -o Python/instrumentation.o /data/data/com.termux/files/home/markoss/.buildozer/android/platform/build-arm64-v8a_armeabi-v7a/build/other_builds/hostpython3/desktop/hostpython3/Python/instrumentation.c
gcc -c -fno-strict-overflow -Wsign-compare -Wunreachable-code -DNDEBUG -g -O3 -Wall    -std=c11 -Wextra -Wno-unused-parameter -Wno-missing-field-initializers -Wstrict-prototypes -Werror=implicit-function-declaration -fvisibility=hidden  -I/data/data/com.termux/files/home/markoss/.buildozer/android/platform/build-arm64-v8a_armeabi-v7a/build/other_builds/hostpython3/desktop/hostpython3/Include/internal -I/data/data/com.termux/files/home/markoss/.buildozer/android/platform/build-arm64-v8a_armeabi-v7a/build/other_builds/hostpython3/desktop/hostpython3/Include/internal/mimalloc -IObjects -IInclude -IPython -I. -I/data/data/com.termux/files/home/markoss/.buildozer/android/platform/build-arm64-v8a_armeabi-v7a/build/other_builds/hostpython3/desktop/hostpython3/Include    -DPy_BUILD_CORE -o Python/instruction_sequence.o /data/data/com.termux/files/home/markoss/.buildozer/android/platform/build-arm64-v8a_armeabi-v7a/build/other_builds/hostpython3/desktop/hostpython3/Python/instruction_sequence.c
gcc -c -fno-strict-overflow -Wsign-compare -Wunreachable-code -DNDEBUG -g -O3 -Wall    -std=c11 -Wextra -Wno-unused-parameter -Wno-missing-field-initializers -Wstrict-prototypes -Werror=implicit-function-declaration -fvisibility=hidden  -I/data/data/com.termux/files/home/markoss/.buildozer/android/platform/build-arm64-v8a_armeabi-v7a/build/other_builds/hostpython3/desktop/hostpython3/Include/internal -I/data/data/com.termux/files/home/markoss/.buildozer/android/platform/build-arm64-v8a_armeabi-v7a/build/other_builds/hostpython3/desktop/hostpython3/Include/internal/mimalloc -IObjects -IInclude -IPython -I. -I/data/data/com.termux/files/home/markoss/.buildozer/android/platform/build-arm64-v8a_armeabi-v7a/build/other_builds/hostpython3/desktop/hostpython3/Include    -DPy_BUILD_CORE -o Python/intrinsics.o /data/data/com.termux/files/home/markoss/.buildozer/android/platform/build-arm64-v8a_armeabi-v7a/build/other_builds/hostpython3/desktop/hostpython3/Python/intrinsics.c
gcc -c -fno-strict-overflow -Wsign-compare -Wunreachable-code -DNDEBUG -g -O3 -Wall    -std=c11 -Wextra -Wno-unused-parameter -Wno-missing-field-initializers -Wstrict-prototypes -Werror=implicit-function-declaration -fvisibility=hidden  -I/data/data/com.termux/files/home/markoss/.buildozer/android/platform/build-arm64-v8a_armeabi-v7a/build/other_builds/hostpython3/desktop/hostpython3/Include/internal -I/data/data/com.termux/files/home/markoss/.buildozer/android/platform/build-arm64-v8a_armeabi-v7a/build/other_builds/hostpython3/desktop/hostpython3/Include/internal/mimalloc -IObjects -IInclude -IPython -I. -I/data/data/com.termux/files/home/markoss/.buildozer/android/platform/build-arm64-v8a_armeabi-v7a/build/other_builds/hostpython3/desktop/hostpython3/Include    -DPy_BUILD_CORE -o Python/jit.o /data/data/com.termux/files/home/markoss/.buildozer/android/platform/build-arm64-v8a_armeabi-v7a/build/other_builds/hostpython3/desktop/hostpython3/Python/jit.c
gcc -c -fno-strict-overflow -Wsign-compare -Wunreachable-code -DNDEBUG -g -O3 -Wall    -std=c11 -Wextra -Wno-unused-parameter -Wno-missing-field-initializers -Wstrict-prototypes -Werror=implicit-function-declaration -fvisibility=hidden  -I/data/data/com.termux/files/home/markoss/.buildozer/android/platform/build-arm64-v8a_armeabi-v7a/build/other_builds/hostpython3/desktop/hostpython3/Include/internal -I/data/data/com.termux/files/home/markoss/.buildozer/android/platform/build-arm64-v8a_armeabi-v7a/build/other_builds/hostpython3/desktop/hostpython3/Include/internal/mimalloc -IObjects -IInclude -IPython -I. -I/data/data/com.termux/files/home/markoss/.buildozer/android/platform/build-arm64-v8a_armeabi-v7a/build/other_builds/hostpython3/desktop/hostpython3/Include    -DPy_BUILD_CORE -o Python/legacy_tracing.o /data/data/com.termux/files/home/markoss/.buildozer/android/platform/build-arm64-v8a_armeabi-v7a/build/other_builds/hostpython3/desktop/hostpython3/Python/legacy_tracing.c
gcc -c -fno-strict-overflow -Wsign-compare -Wunreachable-code -DNDEBUG -g -O3 -Wall    -std=c11 -Wextra -Wno-unused-parameter -Wno-missing-field-initializers -Wstrict-prototypes -Werror=implicit-function-declaration -fvisibility=hidden  -I/data/data/com.termux/files/home/markoss/.buildozer/android/platform/build-arm64-v8a_armeabi-v7a/build/other_builds/hostpython3/desktop/hostpython3/Include/internal -I/data/data/com.termux/files/home/markoss/.buildozer/android/platform/build-arm64-v8a_armeabi-v7a/build/other_builds/hostpython3/desktop/hostpython3/Include/internal/mimalloc -IObjects -IInclude -IPython -I. -I/data/data/com.termux/files/home/markoss/.buildozer/android/platform/build-arm64-v8a_armeabi-v7a/build/other_builds/hostpython3/desktop/hostpython3/Include    -DPy_BUILD_CORE -o Python/lock.o /data/data/com.termux/files/home/markoss/.buildozer/android/platform/build-arm64-v8a_armeabi-v7a/build/other_builds/hostpython3/desktop/hostpython3/Python/lock.c
gcc -c -fno-strict-overflow -Wsign-compare -Wunreachable-code -DNDEBUG -g -O3 -Wall    -std=c11 -Wextra -Wno-unused-parameter -Wno-missing-field-initializers -Wstrict-prototypes -Werror=implicit-function-declaration -fvisibility=hidden  -I/data/data/com.termux/files/home/markoss/.buildozer/android/platform/build-arm64-v8a_armeabi-v7a/build/other_builds/hostpython3/desktop/hostpython3/Include/internal -I/data/data/com.termux/files/home/markoss/.buildozer/android/platform/build-arm64-v8a_armeabi-v7a/build/other_builds/hostpython3/desktop/hostpython3/Include/internal/mimalloc -IObjects -IInclude -IPython -I. -I/data/data/com.termux/files/home/markoss/.buildozer/android/platform/build-arm64-v8a_armeabi-v7a/build/other_builds/hostpython3/desktop/hostpython3/Include    -DPy_BUILD_CORE -o Python/marshal.o /data/data/com.termux/files/home/markoss/.buildozer/android/platform/build-arm64-v8a_armeabi-v7a/build/other_builds/hostpython3/desktop/hostpython3/Python/marshal.c
gcc -c -fno-strict-overflow -Wsign-compare -Wunreachable-code -DNDEBUG -g -O3 -Wall    -std=c11 -Wextra -Wno-unused-parameter -Wno-missing-field-initializers -Wstrict-prototypes -Werror=implicit-function-declaration -fvisibility=hidden  -I/data/data/com.termux/files/home/markoss/.buildozer/android/platform/build-arm64-v8a_armeabi-v7a/build/other_builds/hostpython3/desktop/hostpython3/Include/internal -I/data/data/com.termux/files/home/markoss/.buildozer/android/platform/build-arm64-v8a_armeabi-v7a/build/other_builds/hostpython3/desktop/hostpython3/Include/internal/mimalloc -IObjects -IInclude -IPython -I. -I/data/data/com.termux/files/home/markoss/.buildozer/android/platform/build-arm64-v8a_armeabi-v7a/build/other_builds/hostpython3/desktop/hostpython3/Include    -DPy_BUILD_CORE -o Python/modsupport.o /data/data/com.termux/files/home/markoss/.buildozer/android/platform/build-arm64-v8a_armeabi-v7a/build/other_builds/hostpython3/desktop/hostpython3/Python/modsupport.c
gcc -c -fno-strict-overflow -Wsign-compare -Wunreachable-code -DNDEBUG -g -O3 -Wall    -std=c11 -Wextra -Wno-unused-parameter -Wno-missing-field-initializers -Wstrict-prototypes -Werror=implicit-function-declaration -fvisibility=hidden  -I/data/data/com.termux/files/home/markoss/.buildozer/android/platform/build-arm64-v8a_armeabi-v7a/build/other_builds/hostpython3/desktop/hostpython3/Include/internal -I/data/data/com.termux/files/home/markoss/.buildozer/android/platform/build-arm64-v8a_armeabi-v7a/build/other_builds/hostpython3/desktop/hostpython3/Include/internal/mimalloc -IObjects -IInclude -IPython -I. -I/data/data/com.termux/files/home/markoss/.buildozer/android/platform/build-arm64-v8a_armeabi-v7a/build/other_builds/hostpython3/desktop/hostpython3/Include    -DPy_BUILD_CORE -o Python/mysnprintf.o /data/data/com.termux/files/home/markoss/.buildozer/android/platform/build-arm64-v8a_armeabi-v7a/build/other_builds/hostpython3/desktop/hostpython3/Python/mysnprintf.c
gcc -c -fno-strict-overflow -Wsign-compare -Wunreachable-code -DNDEBUG -g -O3 -Wall    -std=c11 -Wextra -Wno-unused-parameter -Wno-missing-field-initializers -Wstrict-prototypes -Werror=implicit-function-declaration -fvisibility=hidden  -I/data/data/com.termux/files/home/markoss/.buildozer/android/platform/build-arm64-v8a_armeabi-v7a/build/other_builds/hostpython3/desktop/hostpython3/Include/internal -I/data/data/com.termux/files/home/markoss/.buildozer/android/platform/build-arm64-v8a_armeabi-v7a/build/other_builds/hostpython3/desktop/hostpython3/Include/internal/mimalloc -IObjects -IInclude -IPython -I. -I/data/data/com.termux/files/home/markoss/.buildozer/android/platform/build-arm64-v8a_armeabi-v7a/build/other_builds/hostpython3/desktop/hostpython3/Include    -DPy_BUILD_CORE -o Python/mystrtoul.o /data/data/com.termux/files/home/markoss/.buildozer/android/platform/build-arm64-v8a_armeabi-v7a/build/other_builds/hostpython3/desktop/hostpython3/Python/mystrtoul.c
gcc -c -fno-strict-overflow -Wsign-compare -Wunreachable-code -DNDEBUG -g -O3 -Wall    -std=c11 -Wextra -Wno-unused-parameter -Wno-missing-field-initializers -Wstrict-prototypes -Werror=implicit-function-declaration -fvisibility=hidden  -I/data/data/com.termux/files/home/markoss/.buildozer/android/platform/build-arm64-v8a_armeabi-v7a/build/other_builds/hostpython3/desktop/hostpython3/Include/internal -I/data/data/com.termux/files/home/markoss/.buildozer/android/platform/build-arm64-v8a_armeabi-v7a/build/other_builds/hostpython3/desktop/hostpython3/Include/internal/mimalloc -IObjects -IInclude -IPython -I. -I/data/data/com.termux/files/home/markoss/.buildozer/android/platform/build-arm64-v8a_armeabi-v7a/build/other_builds/hostpython3/desktop/hostpython3/Include    -DPy_BUILD_CORE -o Python/object_stack.o /data/data/com.termux/files/home/markoss/.buildozer/android/platform/build-arm64-v8a_armeabi-v7a/build/other_builds/hostpython3/desktop/hostpython3/Python/object_stack.c
gcc -c -fno-strict-overflow -Wsign-compare -Wunreachable-code -DNDEBUG -g -O3 -Wall    -std=c11 -Wextra -Wno-unused-parameter -Wno-missing-field-initializers -Wstrict-prototypes -Werror=implicit-function-declaration -fvisibility=hidden  -I/data/data/com.termux/files/home/markoss/.buildozer/android/platform/build-arm64-v8a_armeabi-v7a/build/other_builds/hostpython3/desktop/hostpython3/Include/internal -I/data/data/com.termux/files/home/markoss/.buildozer/android/platform/build-arm64-v8a_armeabi-v7a/build/other_builds/hostpython3/desktop/hostpython3/Include/internal/mimalloc -IObjects -IInclude -IPython -I. -I/data/data/com.termux/files/home/markoss/.buildozer/android/platform/build-arm64-v8a_armeabi-v7a/build/other_builds/hostpython3/desktop/hostpython3/Include    -DPy_BUILD_CORE -o Python/optimizer.o /data/data/com.termux/files/home/markoss/.buildozer/android/platform/build-arm64-v8a_armeabi-v7a/build/other_builds/hostpython3/desktop/hostpython3/Python/optimizer.c
gcc -c -fno-strict-overflow -Wsign-compare -Wunreachable-code -DNDEBUG -g -O3 -Wall    -std=c11 -Wextra -Wno-unused-parameter -Wno-missing-field-initializers -Wstrict-prototypes -Werror=implicit-function-declaration -fvisibility=hidden  -I/data/data/com.termux/files/home/markoss/.buildozer/android/platform/build-arm64-v8a_armeabi-v7a/build/other_builds/hostpython3/desktop/hostpython3/Include/internal -I/data/data/com.termux/files/home/markoss/.buildozer/android/platform/build-arm64-v8a_armeabi-v7a/build/other_builds/hostpython3/desktop/hostpython3/Include/internal/mimalloc -IObjects -IInclude -IPython -I. -I/data/data/com.termux/files/home/markoss/.buildozer/android/platform/build-arm64-v8a_armeabi-v7a/build/other_builds/hostpython3/desktop/hostpython3/Include    -DPy_BUILD_CORE -o Python/optimizer_analysis.o /data/data/com.termux/files/home/markoss/.buildozer/android/platform/build-arm64-v8a_armeabi-v7a/build/other_builds/hostpython3/desktop/hostpython3/Python/optimizer_analysis.c
gcc -c -fno-strict-overflow -Wsign-compare -Wunreachable-code -DNDEBUG -g -O3 -Wall    -std=c11 -Wextra -Wno-unused-parameter -Wno-missing-field-initializers -Wstrict-prototypes -Werror=implicit-function-declaration -fvisibility=hidden  -I/data/data/com.termux/files/home/markoss/.buildozer/android/platform/build-arm64-v8a_armeabi-v7a/build/other_builds/hostpython3/desktop/hostpython3/Include/internal -I/data/data/com.termux/files/home/markoss/.buildozer/android/platform/build-arm64-v8a_armeabi-v7a/build/other_builds/hostpython3/desktop/hostpython3/Include/internal/mimalloc -IObjects -IInclude -IPython -I. -I/data/data/com.termux/files/home/markoss/.buildozer/android/platform/build-arm64-v8a_armeabi-v7a/build/other_builds/hostpython3/desktop/hostpython3/Include    -DPy_BUILD_CORE -o Python/optimizer_symbols.o /data/data/com.termux/files/home/markoss/.buildozer/android/platform/build-arm64-v8a_armeabi-v7a/build/other_builds/hostpython3/desktop/hostpython3/Python/optimizer_symbols.c
gcc -c -fno-strict-overflow -Wsign-compare -Wunreachable-code -DNDEBUG -g -O3 -Wall    -std=c11 -Wextra -Wno-unused-parameter -Wno-missing-field-initializers -Wstrict-prototypes -Werror=implicit-function-declaration -fvisibility=hidden  -I/data/data/com.termux/files/home/markoss/.buildozer/android/platform/build-arm64-v8a_armeabi-v7a/build/other_builds/hostpython3/desktop/hostpython3/Include/internal -I/data/data/com.termux/files/home/markoss/.buildozer/android/platform/build-arm64-v8a_armeabi-v7a/build/other_builds/hostpython3/desktop/hostpython3/Include/internal/mimalloc -IObjects -IInclude -IPython -I. -I/data/data/com.termux/files/home/markoss/.buildozer/android/platform/build-arm64-v8a_armeabi-v7a/build/other_builds/hostpython3/desktop/hostpython3/Include    -DPy_BUILD_CORE -o Python/parking_lot.o /data/data/com.termux/files/home/markoss/.buildozer/android/platform/build-arm64-v8a_armeabi-v7a/build/other_builds/hostpython3/desktop/hostpython3/Python/parking_lot.c
gcc -c -fno-strict-overflow -Wsign-compare -Wunreachable-code -DNDEBUG -g -O3 -Wall    -std=c11 -Wextra -Wno-unused-parameter -Wno-missing-field-initializers -Wstrict-prototypes -Werror=implicit-function-declaration -fvisibility=hidden  -I/data/data/com.termux/files/home/markoss/.buildozer/android/platform/build-arm64-v8a_armeabi-v7a/build/other_builds/hostpython3/desktop/hostpython3/Include/internal -I/data/data/com.termux/files/home/markoss/.buildozer/android/platform/build-arm64-v8a_armeabi-v7a/build/other_builds/hostpython3/desktop/hostpython3/Include/internal/mimalloc -IObjects -IInclude -IPython -I. -I/data/data/com.termux/files/home/markoss/.buildozer/android/platform/build-arm64-v8a_armeabi-v7a/build/other_builds/hostpython3/desktop/hostpython3/Include    -DPy_BUILD_CORE -o Python/pathconfig.o /data/data/com.termux/files/home/markoss/.buildozer/android/platform/build-arm64-v8a_armeabi-v7a/build/other_builds/hostpython3/desktop/hostpython3/Python/pathconfig.c
gcc -c -fno-strict-overflow -Wsign-compare -Wunreachable-code -DNDEBUG -g -O3 -Wall    -std=c11 -Wextra -Wno-unused-parameter -Wno-missing-field-initializers -Wstrict-prototypes -Werror=implicit-function-declaration -fvisibility=hidden  -I/data/data/com.termux/files/home/markoss/.buildozer/android/platform/build-arm64-v8a_armeabi-v7a/build/other_builds/hostpython3/desktop/hostpython3/Include/internal -I/data/data/com.termux/files/home/markoss/.buildozer/android/platform/build-arm64-v8a_armeabi-v7a/build/other_builds/hostpython3/desktop/hostpython3/Include/internal/mimalloc -IObjects -IInclude -IPython -I. -I/data/data/com.termux/files/home/markoss/.buildozer/android/platform/build-arm64-v8a_armeabi-v7a/build/other_builds/hostpython3/desktop/hostpython3/Include    -DPy_BUILD_CORE -o Python/preconfig.o /data/data/com.termux/files/home/markoss/.buildozer/android/platform/build-arm64-v8a_armeabi-v7a/build/other_builds/hostpython3/desktop/hostpython3/Python/preconfig.c
gcc -c -fno-strict-overflow -Wsign-compare -Wunreachable-code -DNDEBUG -g -O3 -Wall    -std=c11 -Wextra -Wno-unused-parameter -Wno-missing-field-initializers -Wstrict-prototypes -Werror=implicit-function-declaration -fvisibility=hidden  -I/data/data/com.termux/files/home/markoss/.buildozer/android/platform/build-arm64-v8a_armeabi-v7a/build/other_builds/hostpython3/desktop/hostpython3/Include/internal -I/data/data/com.termux/files/home/markoss/.buildozer/android/platform/build-arm64-v8a_armeabi-v7a/build/other_builds/hostpython3/desktop/hostpython3/Include/internal/mimalloc -IObjects -IInclude -IPython -I. -I/data/data/com.termux/files/home/markoss/.buildozer/android/platform/build-arm64-v8a_armeabi-v7a/build/other_builds/hostpython3/desktop/hostpython3/Include    -DPy_BUILD_CORE -o Python/pyarena.o /data/data/com.termux/files/home/markoss/.buildozer/android/platform/build-arm64-v8a_armeabi-v7a/build/other_builds/hostpython3/desktop/hostpython3/Python/pyarena.c
gcc -c -fno-strict-overflow -Wsign-compare -Wunreachable-code -DNDEBUG -g -O3 -Wall    -std=c11 -Wextra -Wno-unused-parameter -Wno-missing-field-initializers -Wstrict-prototypes -Werror=implicit-function-declaration -fvisibility=hidden  -I/data/data/com.termux/files/home/markoss/.buildozer/android/platform/build-arm64-v8a_armeabi-v7a/build/other_builds/hostpython3/desktop/hostpython3/Include/internal -I/data/data/com.termux/files/home/markoss/.buildozer/android/platform/build-arm64-v8a_armeabi-v7a/build/other_builds/hostpython3/desktop/hostpython3/Include/internal/mimalloc -IObjects -IInclude -IPython -I. -I/data/data/com.termux/files/home/markoss/.buildozer/android/platform/build-arm64-v8a_armeabi-v7a/build/other_builds/hostpython3/desktop/hostpython3/Include    -DPy_BUILD_CORE -o Python/pyctype.o /data/data/com.termux/files/home/markoss/.buildozer/android/platform/build-arm64-v8a_armeabi-v7a/build/other_builds/hostpython3/desktop/hostpython3/Python/pyctype.c
[1m/data/data/com.termux/files/home/markoss/.buildozer/android/platform/build-arm64-v8a_armeabi-v7a/build/other_builds/hostpython3/desktop/hostpython3/Python/parking_lot.c:159:15: [0m[0;1;31merror: [0m[1m
      call to undeclared function 'sem_clockwait'; ISO C99 and later do not
      support implicit function declarations [-Wimplicit-function-declaration][0m
  159 |         err = sem_clockwait(&sema->platform_sem, CLOCK_MONOTONIC, &ts);[0m
      | [0;1;32m              ^
[0m1 error generated.
make: *** [Makefile:3297: Python/parking_lot.o] Error 1
make: *** Waiting for unfinished jobs....
make: Leaving directory '/data/data/com.termux/files/home/markoss/.buildozer/android/platform/build-arm64-v8a_armeabi-v7a/build/other_builds/hostpython3/desktop/hostpython3/native-build'


  STDERR:

# Command failed: ('/data/data/com.termux/files/usr/bin/python3.10', '-m', 'pythonforandroid.toolchain', 'create', '--dist_name=markoss', '--bootstrap=sdl2', '--requirements=python3,kivy==2.2.1,SpeechRecognition,requests', '--arch=arm64-v8a', '--arch=armeabi-v7a', '--copy-libs', '--color=always', '--storage-dir=/data/data/com.termux/files/home/markoss/.buildozer/android/platform/build-arm64-v8a_armeabi-v7a', '--ndk-api=23', '--ignore-setup-py', '--debug')
# Error code: 1
# ENVIRONMENT:
#     SHELL = '/data/data/com.termux/files/usr/bin/bash'
#     COLORTERM = 'truecolor'
#     HISTCONTROL = 'ignoreboth'
#     PREFIX = '/data/data/com.termux/files/usr'
#     JAVA_HOME = '/data/data/com.termux/files/usr/lib/jvm/java-17-openjdk/'
#     TERMUX_IS_DEBUGGABLE_BUILD = '0'
#     TERMUX_MAIN_PACKAGE_FORMAT = 'debian'
#     PWD = '/data/data/com.termux/files/home/markoss'
#     TERMUX_VERSION = '0.118.0'
#     EXTERNAL_STORAGE = '/sdcard'
#     LD_PRELOAD = '/data/data/com.termux/files/usr/lib/libtermux-exec-ld-preload.so'
#     TERMUX_API_VERSION = '0.50.1'
#     HOME = '/data/data/com.termux/files/home'
#     LANG = 'en_US.UTF-8'
#     TERMUX_APK_RELEASE = 'F_DROID'
#     DEX2OATBOOTCLASSPATH = '/apex/com.android.art/javalib/core-oj.jar:/apex/com.android.art/javalib/core-libart.jar:/apex/com.android.art/javalib/okhttp.jar:/apex/com.android.art/javalib/bouncycastle.jar:/apex/com.android.art/javalib/apache-xml.jar:/system/framework/framework.jar:/system/framework/framework-graphics.jar:/system/framework/framework-location.jar:/system/framework/ext.jar:/system/framework/telephony-common.jar:/system/framework/voip-common.jar:/system/framework/ims-common.jar:/system/framework/icon_crop_service.jar:/system/framework/linkbooming.jar:/system/framework/framework_spdopts.jar:/system/framework/os-opt-resource-framework.jar:/system_ext/framework/mediatek-telephony-base.jar:/system_ext/framework/mediatek-telephony-common.jar:/system_ext/framework/mediatek-carrier-config-manager.jar:/system_ext/framework/mediatek-common.jar:/system_ext/framework/mediatek-framework.jar:/system_ext/framework/mediatek-ims-common.jar:/system_ext/framework/mediatek-ims-base.jar:/system_ext/framework/mediatek-telecom-common.jar:/apex/com.android.i18n/javalib/core-icu4j.jar'
#     TMPDIR = '/data/data/com.termux/files/usr/tmp'
#     ANDROID_DATA = '/data'
#     TERM = 'xterm-256color'
#     ANDROID_I18N_ROOT = '/apex/com.android.i18n'
#     SHLVL = '1'
#     ANDROID_ROOT = '/system'
#     BOOTCLASSPATH = '/apex/com.android.art/javalib/core-oj.jar:/apex/com.android.art/javalib/core-libart.jar:/apex/com.android.art/javalib/okhttp.jar:/apex/com.android.art/javalib/bouncycastle.jar:/apex/com.android.art/javalib/apache-xml.jar:/system/framework/framework.jar:/system/framework/framework-graphics.jar:/system/framework/framework-location.jar:/system/framework/ext.jar:/system/framework/telephony-common.jar:/system/framework/voip-common.jar:/system/framework/ims-common.jar:/system/framework/icon_crop_service.jar:/system/framework/linkbooming.jar:/system/framework/framework_spdopts.jar:/system/framework/os-opt-resource-framework.jar:/system_ext/framework/mediatek-telephony-base.jar:/system_ext/framework/mediatek-telephony-common.jar:/system_ext/framework/mediatek-carrier-config-manager.jar:/system_ext/framework/mediatek-common.jar:/system_ext/framework/mediatek-framework.jar:/system_ext/framework/mediatek-ims-common.jar:/system_ext/framework/mediatek-ims-base.jar:/system_ext/framework/mediatek-telecom-common.jar:/apex/com.android.i18n/javalib/core-icu4j.jar:/apex/com.android.adservices/javalib/framework-adservices.jar:/apex/com.android.adservices/javalib/framework-sdksandbox.jar:/apex/com.android.appsearch/javalib/framework-appsearch.jar:/apex/com.android.btservices/javalib/framework-bluetooth.jar:/apex/com.android.configinfrastructure/javalib/framework-configinfrastructure.jar:/apex/com.android.conscrypt/javalib/conscrypt.jar:/apex/com.android.devicelock/javalib/framework-devicelock.jar:/apex/com.android.healthfitness/javalib/framework-healthfitness.jar:/apex/com.android.ipsec/javalib/android.net.ipsec.ike.jar:/apex/com.android.media/javalib/updatable-media.jar:/apex/com.android.mediaprovider/javalib/framework-mediaprovider.jar:/apex/com.android.mediaprovider/javalib/framework-pdf.jar:/apex/com.android.mediaprovider/javalib/framework-pdf-v.jar:/apex/com.android.mediaprovider/javalib/framework-photopicker.jar:/apex/com.android.nfcservices/javalib/framework-nfc.jar:/apex/com.android.ondevicepersonalization/javalib/framework-ondevicepersonalization.jar:/apex/com.android.os.statsd/javalib/framework-statsd.jar:/apex/com.android.permission/javalib/framework-permission.jar:/apex/com.android.permission/javalib/framework-permission-s.jar:/apex/com.android.profiling/javalib/framework-profiling.jar:/apex/com.android.scheduling/javalib/framework-scheduling.jar:/apex/com.android.sdkext/javalib/framework-sdkextensions.jar:/apex/com.android.tethering/javalib/framework-connectivity.jar:/apex/com.android.tethering/javalib/framework-connectivity-t.jar:/apex/com.android.tethering/javalib/framework-tethering.jar:/apex/com.android.uwb/javalib/framework-uwb.jar:/apex/com.android.virt/javalib/framework-virtualization.jar:/apex/com.android.wifi/javalib/framework-wifi.jar:/apex/com.scorpio.sc.core/javalib/os-framework-securitycom-core.jar:/apex/com.transsion.mi.os.framework/javalib/os-framework.jar:/apex/com.transsion.thub.core/javalib/thub-common.jar:/apex/com.transsion.thub.core/javalib/thub-framework.jar:/apex/com.transsion.thub.core/javalib/thub-telephony.jar'
#     ANDROID_TZDATA_ROOT = '/apex/com.android.tzdata'
#     TERMUX_APP_PID = '29855'
#     PATH = '/data/data/com.termux/files/home/.buildozer/android/platform/apache-ant-1.9.4/bin:/data/data/com.termux/files/usr/bin'
#     ANDROID_ART_ROOT = '/apex/com.android.art'
#     OLDPWD = '/data/data/com.termux/files/home/markoss'
#     _ = '/data/data/com.termux/files/usr/bin/python3.10'
#     PACKAGES_PATH = '/data/data/com.termux/files/home/.buildozer/android/packages'
#     ANDROIDSDK = '/data/data/com.termux/files/home/.buildozer/android/platform/android-sdk'
#     ANDROIDNDK = '/data/data/com.termux/files/home/.buildozer/android/platform/android-ndk-r28c'
#     ANDROIDAPI = '35'
#     ANDROIDMINAPI = '23'
# 
# Buildozer failed to execute the last command
# The error might be hidden in the log above this error
# Please read the full log, and search for it before
# raising an issue with buildozer itself.
# In case of a bug report, please add a full log with log_level = 2
